taup_Gamma,gstar_over_Gamma,N,g2,I
2.000000000000000042e-02,0.000000000000000000e+00,1.004567134063392375e+00,8.575095838623703060e-03,9.923156348526328552e-01
2.000000000000000042e-02,1.000000000000000021e-02,1.004479099524505870e+00,8.575345242719346200e-03,9.728708289672068910e-01
2.000000000000000042e-02,1.000000000000000056e-01,1.003687476280806345e+00,8.577585509156422303e-03,8.270352473534542392e-01
2.000000000000000042e-02,1.000000000000000000e+00,9.958381061598089445e-01,8.599776563483827255e-03,3.313840685111764106e-01
5.000000000000000278e-02,0.000000000000000000e+00,1.010632987900811797e+00,2.082313947329468909e-02,9.803839517158121630e-01
5.000000000000000278e-02,1.000000000000000021e-02,1.010411216765583209e+00,2.082468942742252485e-02,9.611755524659755245e-01
5.000000000000000278e-02,1.000000000000000056e-01,1.008418811045678654e+00,2.083864184063288771e-02,8.171100801869251029e-01
5.000000000000000278e-02,1.000000000000000000e+00,9.889211574000447147e-01,2.097458105889045757e-02,3.273292444612821428e-01
1.000000000000000056e-01,0.000000000000000000e+00,1.019883144291653387e+00,3.975385251730276237e-02,9.627732901135450660e-01
1.000000000000000056e-01,1.000000000000000021e-02,1.019434322364449530e+00,3.976002783181078332e-02,9.439220336872357064e-01
1.000000000000000056e-01,1.000000000000000056e-01,1.015413614593969616e+00,3.981523185200872006e-02,8.025296560756002284e-01
1.000000000000000056e-01,1.000000000000000000e+00,9.768680349222161885e-01,4.034179880601875684e-02,3.217037008637522733e-01
2.000000000000000111e-01,0.000000000000000000e+00,1.035398264168587490e+00,7.293560536177400022e-02,9.345290391334052371e-01
2.000000000000000111e-01,1.000000000000000021e-02,1.034485216060165413e+00,7.295963900323379492e-02,9.162691927331239050e-01
2.000000000000000111e-01,1.000000000000000056e-01,1.026338073503358483e+00,7.317412130505680790e-02,7.793069469533162597e-01
2.000000000000000111e-01,1.000000000000000000e+00,9.512765493088775060e-01,7.514641728316349967e-02,3.133262224955074560e-01
5.000000000000000000e-01,0.000000000000000000e+00,1.062171120367808363e+00,1.469754355425236525e-01,8.852914625354030287e-01
5.000000000000000000e-01,1.000000000000000021e-02,1.059843533545409278e+00,1.471094895053290941e-01,8.680940428063592673e-01
5.000000000000000000e-01,1.000000000000000056e-01,1.039324688896301918e+00,1.482954858398589926e-01,7.390558851496323856e-01
5.000000000000000000e-01,1.000000000000000000e+00,8.695551696663241792e-01,1.583579479317938632e-01,2.985964760542524910e-01
1.000000000000000000e+00,0.000000000000000000e+00,1.061718999593056267e+00,2.262614961467247776e-01,8.569106248698225015e-01
1.000000000000000000e+00,1.000000000000000021e-02,1.057221310098916067e+00,2.266904437151322504e-01,8.401607636517972599e-01
1.000000000000000000e+00,1.000000000000000056e-01,1.018290042499044867e+00,2.304482401782956269e-01,7.143800910637641000e-01
1.000000000000000000e+00,1.000000000000000000e+00,7.401179240321391628e-01,2.595597174327514689e-01,2.828798725679215753e-01
2.000000000000000000e+00,0.000000000000000000e+00,9.830071726518319064e-01,3.251271743471743636e-01,8.553486735023485554e-01
2.000000000000000000e+00,1.000000000000000021e-02,9.754893328450560119e-01,3.262533517284895712e-01,8.376957785485698027e-01
2.000000000000000000e+00,1.000000000000000056e-01,9.123352841821051884e-01,3.359639039082955581e-01,7.051761128310923832e-01
2.000000000000000000e+00,1.000000000000000000e+00,5.460021637282496121e-01,4.017651275939840838e-01,2.556924048061989252e-01
