# {"shape": "sphere", "orient": "z", "gap": 5.0, "res": 1.0, "dpml": 0.3}
lam,Fp,Fp_ldos,T,eta
4.922807017543859729e+02,1.068246418705923361e+03,9.287705108165386036e+02,4.587239156226172732e+00,4.294176957581722492e-03
4.966371681415930084e+02,1.145856724913784092e+03,1.739727566026502018e+03,4.854714701438601843e+00,4.236755430137985161e-03
5.010714285714286120e+02,1.214102740676614758e+03,1.140670394057756766e+03,5.196630001395283749e+00,4.280222609907973277e-03
5.055855855855855907e+02,1.263893363679339473e+03,1.056361001793687137e+03,5.604785992943988937e+00,4.434540250000055216e-03
5.101818181818182438e+02,1.286527481192440746e+03,1.539988429116849829e+03,6.051952161814251774e+00,4.704098630061825936e-03
5.148623853211008736e+02,1.276375208867068977e+03,1.387426336570423928e+03,6.491502883092583609e+00,5.085889194647195619e-03
5.196296296296296759e+02,1.233234400415019536e+03,1.036942563880078978e+03,6.868219114842535333e+00,5.569273053469136689e-03
5.244859813084111693e+02,1.162873613598416341e+03,1.218241739294217950e+03,7.137634274630570985e+00,6.137927794701396322e-03
5.294339622641509777e+02,1.073364873188634419e+03,1.321089692202931928e+03,7.281974469246820014e+00,6.784248908401790956e-03
5.344761904761904816e+02,9.724414837350195739e+02,8.324836167464408163e+02,7.311711014857534607e+00,7.518921330643173022e-03
5.396153846153846416e+02,8.670349640416999364e+02,7.790434900112599053e+02,7.253708453245380383e+00,8.366108350962089824e-03
5.448543689320388239e+02,7.627632227829305975e+02,1.145315333214932707e+03,7.136656947290179964e+00,9.356320197573488387e-03
5.501960784313725981e+02,6.642620284615044284e+02,6.205948915435062645e+02,6.983304698150844203e+00,1.051287654410242023e-02
5.556435643564356042e+02,5.758414064978233000e+02,3.843967487978417807e+02,6.810085086316113312e+00,1.182632059707893792e-02
5.612000000000000455e+02,4.992010201424026832e+02,1.148224999136126598e+03,6.629130060436287053e+00,1.327948019526332957e-02
5.668686868686868365e+02,4.337774366923844127e+02,9.362028624442707496e+02,6.449622266836912310e+00,1.486850564661964212e-02
5.731843575418995442e+02,3.736232719629547319e+02,1.624060355669389537e+02,6.263861109554987650e+00,1.676517920483298549e-02
5.791157102539981452e+02,3.294958082832162063e+02,1.863363241172148150e+02,6.103430753192759184e+00,1.852354597466256830e-02
5.851711026615970468e+02,2.922134304800595714e+02,-4.866342928991333793e+03,5.954961768992371063e+00,2.037880928063206740e-02
5.913544668587896922e+02,2.603222167430184868e+02,2.540426867266294551e+02,5.818311991522064019e+00,2.235042427156998940e-02
5.976699029126214100e+02,2.336192067275964916e+02,1.405429113827232470e+02,5.692886751784312693e+00,2.436823081255602361e-02
6.041216879293425563e+02,2.113857365524173701e+02,3.328069323034462172e+02,5.577804455214734780e+00,2.638685346601711210e-02
6.107142857142857792e+02,1.925139364444532362e+02,2.897716657627318000e+02,5.472184711874714225e+00,2.842487568921341079e-02
6.174523570712136689e+02,1.763051076112440967e+02,1.189098128679654138e+02,5.375132774400446678e+00,3.048767473176506107e-02
6.243407707910751014e+02,1.625700100256673579e+02,1.586249745331354575e+02,5.285826362165130021e+00,3.251415412553999157e-02
6.313846153846153584e+02,1.506003794318553446e+02,3.097366015007872306e+02,5.203438970913793149e+00,3.455130053817878633e-02
6.385892116182573091e+02,1.399683846666819704e+02,1.090896474498186279e+02,5.127198955936725255e+00,3.663112186474494492e-02
6.459601259181532669e+02,1.309876446619443300e+02,9.251431924619939196e+01,5.056431763554996905e+00,3.860235655511435465e-02
6.535031847133758447e+02,1.230027157153858042e+02,3.852027679369475095e+02,4.990586283252716804e+00,4.057297641135308025e-02
6.612244897959183163e+02,1.167104268518729668e+02,1.333591449317494266e+02,4.929217090952664471e+00,4.223459054955517461e-02
6.691304347826087451e+02,1.103486095815472652e+02,5.149385038183138619e+01,4.871903863528736167e+00,4.415011554747697020e-02
6.772277227722772750e+02,1.049522122587581237e+02,3.476814881744017498e+02,4.818379882436807371e+00,4.591022693792450038e-02
6.855233853006681102e+02,9.975750825581449988e+01,-1.562767722694465817e+02,4.768151701686965005e+00,4.779742181871354800e-02
6.940248027057497211e+02,9.636454615984528971e+01,2.594100160793678000e+01,4.720747379181195136e+00,4.898842538365329874e-02
7.071428571428571104e+02,9.031430569959088928e+01,-1.039726143321419869e+02,4.654481131648614323e+00,5.153647692460418955e-02
7.168965517241379075e+02,8.761777278483029363e+01,3.254960286929045310e+02,4.610873860065521690e+00,5.262486951578647376e-02
7.269230769230770193e+02,8.481747041193057157e+01,3.603756641396725513e+01,4.569635404895390884e+00,5.387611046052392244e-02
7.372340425531915571e+02,8.215194720504135262e+01,5.592219861502776723e+01,4.530389618821947018e+00,5.514646667491204801e-02
7.478417266187050245e+02,7.973262435523324143e+01,-3.253956223858018575e+02,4.493069595569163077e+00,5.635170837411751510e-02
7.587591240875912035e+02,7.790073996823277014e+01,1.212342650216733091e+02,4.457793878807504662e+00,5.722402483757347419e-02
7.700000000000000000e+02,7.618452558670740871e+01,3.360928388758021157e+01,4.424606491423813459e+00,5.807749614963558793e-02
7.815789473684210407e+02,7.473551699237196999e+01,5.831693571749513438e+01,4.393292225406685070e+00,5.878452979531934020e-02
7.935114503816794240e+02,7.402539790850687496e+01,-1.096612290171626540e+02,4.363412980019142573e+00,5.894480952891583553e-02
8.058139534883721353e+02,7.303737126954079883e+01,9.665567700738114354e+01,4.334586054036490665e+00,5.934750907230650074e-02
8.185039370078740149e+02,7.145834106625349591e+01,2.143640900333453914e+01,4.306781935706552211e+00,6.026982814663253002e-02
8.316000000000000227e+02,7.053942387488126542e+01,6.169470803386226265e+01,4.280378243772035241e+00,6.068065216075937268e-02
8.451219512195121979e+02,7.064550395511315628e+01,-1.962920370402317616e+01,4.255893357405919453e+00,6.024294709695942468e-02
8.590909090909091219e+02,7.092283810493523788e+01,6.064844649737493398e+01,4.233317638972853736e+00,5.968906140937800531e-02
8.735294117647057419e+02,7.008570488026258261e+01,7.774197945999642201e+00,4.211110228444005621e+00,6.008515196698736849e-02
8.884615384615384528e+02,7.257161540541677880e+01,-1.358073035221157738e+02,4.188155974440964435e+00,5.771066209624925447e-02
