# {"shape": "sphere", "orient": "z", "gap": 5.0, "res": 0.5}
lam,Fp,Fp_ldos,T,eta
4.922807017543859729e+02,1.608833835946007412e+03,1.665354507238354017e+03,4.659547435655897019e+00,2.896226652838914881e-03
4.966371681415930084e+02,1.743563625160359152e+03,2.162245240923363781e+03,4.943141434059771910e+00,2.835079467550340356e-03
5.010714285714286120e+02,1.877621088447587681e+03,1.998493129854202607e+03,5.312974775867933985e+00,2.829630966842563555e-03
5.055855855855855907e+02,1.999666271216037103e+03,2.039348060353237543e+03,5.764623100015578316e+00,2.882792585439767317e-03
5.101818181818182438e+02,2.097281742395658057e+03,2.435792790483051249e+03,6.272269456416504241e+00,2.990666122545791554e-03
5.148623853211008736e+02,2.160373706236337512e+03,2.440783222589200250e+03,6.784656121105339999e+00,3.140501155665853007e-03
5.196296296296296759e+02,2.183921749666975757e+03,2.260813292236068264e+03,7.232432879190278996e+00,3.311672169707154459e-03
5.244859813084111693e+02,2.167849722326546271e+03,2.447852719187061211e+03,7.548734852939810835e+00,3.482130138079162635e-03
5.294339622641509777e+02,2.114543613403986910e+03,2.529602355992357843e+03,7.695081248264155072e+00,3.639121557713644300e-03
5.344761904761904816e+02,2.028702931067336522e+03,2.159631021239388247e+03,7.677716530025937125e+00,3.784544504988985453e-03
5.396153846153846416e+02,1.920663250228771631e+03,2.105627129254641659e+03,7.541594712346871177e+00,3.926557511551588206e-03
5.448543689320388239e+02,1.808178651243150625e+03,2.358535575519146278e+03,7.344614083014968209e+00,4.061885189256843158e-03
5.501960784313725981e+02,1.708971636287864612e+03,1.952343510150532211e+03,7.133220953044311585e+00,4.173984401835192232e-03
5.556435643564356042e+02,1.626525801923134168e+03,1.650856918121886793e+03,6.934253110608413984e+00,4.263229702479758715e-03
5.612000000000000455e+02,1.540416792747892714e+03,2.295640629938588518e+03,6.757196604594461142e+00,4.386602792443301813e-03
5.668686868686868365e+02,1.418283515846444971e+03,2.088904061146790809e+03,6.598071682355747924e+00,4.652152837310498390e-03
5.731843575418995442e+02,1.233453533733410950e+03,1.035119227411872771e+03,6.433587353451568625e+00,5.215913836639163303e-03
5.791157102539981452e+02,1.045429450997034337e+03,1.009457313910753328e+03,6.283413331270515378e+00,6.010365716479456645e-03
5.851711026615970468e+02,8.715838256912539919e+02,1.634054759100642059e+03,6.136266718739602055e+00,7.040363230550914300e-03
5.913544668587896922e+02,7.262909777389277224e+02,8.613099271017895262e+02,5.995821066242814190e+00,8.255397974113440340e-03
5.976699029126214100e+02,6.106545886403323493e+02,5.940473399999777939e+02,5.864385168468023046e+00,9.603440762683058615e-03
6.041216879293425563e+02,5.199303415738705780e+02,6.975261327122153716e+02,5.742708483010834364e+00,1.104514975145939361e-02
6.107142857142857792e+02,4.485268472283611914e+02,5.911299032333381547e+02,5.630591721956867524e+00,1.255352217320032659e-02
6.174523570712136689e+02,3.917465511319280722e+02,3.951450491121685786e+02,5.527494843560281979e+00,1.410987493722387284e-02
6.243407707910751014e+02,3.460074665021548981e+02,3.998688194300730174e+02,5.432650199368336708e+00,1.570096233554689122e-02
6.313846153846153584e+02,3.087489698441523842e+02,4.286107928899189687e+02,5.345277325667663781e+00,1.731269687593064988e-02
6.385892116182573091e+02,2.780742513654775507e+02,2.932233546933419461e+02,5.264602394946455100e+00,1.893236201875844391e-02
6.459601259181532669e+02,2.523121357502826356e+02,2.556727666434063337e+02,5.189878195438516251e+00,2.056927693947714630e-02
6.535031847133758447e+02,2.307108813588920384e+02,3.372965252930134739e+02,5.120429937216896654e+00,2.219414145989757545e-02
6.612244897959183163e+02,2.125864022139093095e+02,2.532129218178270662e+02,5.055709154067796085e+00,2.378190280007009064e-02
6.691304347826087451e+02,1.971263481777916411e+02,1.650776736814332253e+02,4.995305508825998331e+00,2.534062825696261831e-02
6.772277227722772750e+02,1.835252211119833987e+02,2.677495092599777422e+02,4.938912367717893659e+00,2.691135495052349516e-02
6.855233853006681102e+02,1.714463216943462953e+02,3.894133197217879001e+02,4.886146057721006741e+00,2.849956773311243877e-02
6.940248027057497211e+02,1.613662356869968448e+02,9.814598139588342463e+01,4.836631645749623232e+00,2.997300906945161297e-02
7.071428571428571104e+02,1.487959908723766773e+02,3.885103014587414805e+02,4.767415354039803432e+00,3.203994493459737941e-02
7.168965517241379075e+02,1.409639885323608155e+02,2.042726344245124324e+02,4.721263660010395213e+00,3.349269348268011509e-02
7.269230769230770193e+02,1.341808474882626001e+02,1.069606734135430770e+02,4.677803524595039342e+00,3.486193158084075622e-02
7.372340425531915571e+02,1.281715038174262133e+02,1.265819995767214721e+02,4.636842775008186202e+00,3.617686175870366005e-02
7.478417266187050245e+02,1.229216978380771792e+02,2.187764514396851894e+02,4.598141360136668077e+00,3.740707654553980521e-02
7.587591240875912035e+02,1.184357282216347755e+02,1.483802031760012312e+02,4.561498653076820453e+00,3.851454895891429780e-02
7.700000000000000000e+02,1.142896448725492462e+02,9.289613509611432107e+01,4.526719589863704485e+00,3.960743420728712189e-02
7.815789473684210407e+02,1.108189329895984230e+02,1.148862814569051238e+02,4.493677347958691115e+00,4.054972581607938636e-02
7.935114503816794240e+02,1.078203161237993726e+02,2.322305646523543601e+02,4.462301729992631749e+00,4.138646491139029437e-02
8.058139534883721353e+02,1.049573904623934055e+02,1.262747019270509554e+02,4.432425005805479934e+00,4.223070892176605112e-02
8.185039370078740149e+02,1.023981164517710312e+02,6.755030797423771105e+01,4.403921941656914640e+00,4.300784129883031964e-02
8.316000000000000227e+02,1.006368989774622378e+02,1.079049664638041151e+02,4.376819884548279305e+00,4.349120381311107064e-02
8.451219512195121979e+02,9.926039070131059816e+01,-4.489869694100901825e+02,4.350881474745786015e+00,4.383300774866220884e-02
8.590909090909091219e+02,9.778304822479914549e+01,1.037080963704091516e+02,4.326242295612467537e+00,4.424327502724825084e-02
8.735294117647057419e+02,9.526721476488648932e+01,3.070679672359549528e+01,4.302409788457502771e+00,4.516149442466204506e-02
8.884615384615384528e+02,9.428505890708719051e+01,1.854902352815347228e+02,4.279253353560219075e+00,4.538633589630771542e-02
