# {"shape": "rod", "orient": "z", "gap": 5.0, "res": 1.0, "na_list": [0.5, 0.9, 1.3]}
lam,Fp,Fp_ldos,T,eta,coll_NA0.5,coll_NA0.9,coll_NA1.3
4.922807017543859729e+02,1.160674839169383176e+03,1.006115883415350709e+03,2.563735748175043572e+00,2.208832018801869333e-03,8.508423132041326858e-03,1.443719579680100840e-01,4.231733753309513402e-01
4.966371681415930084e+02,1.243645106436654032e+03,1.905448180124364171e+03,2.484355948297531480e+00,1.997640593316702805e-03,8.310416988900252641e-03,1.418756611248369326e-01,4.186481041806920378e-01
5.010714285714286120e+02,1.320026230994589241e+03,1.238378418313356178e+03,2.413849608286636084e+00,1.828637607048075797e-03,8.049212331802986162e-03,1.386141779409749697e-01,4.127831351306180951e-01
5.055855855855855907e+02,1.381289641103913709e+03,1.150710214329506698e+03,2.349786471860566550e+00,1.701154053383502774e-03,7.707367192680599464e-03,1.343795159355209157e-01,4.052202616522915246e-01
5.101818181818182438e+02,1.419175119639634204e+03,1.702525153131548677e+03,2.289298609684905284e+00,1.613119183111255640e-03,7.262279805047751509e-03,1.289079175010152956e-01,3.955146766464348040e-01
5.148623853211008736e+02,1.428236483393101025e+03,1.553463169436495036e+03,2.232701460221066192e+00,1.563257546059021973e-03,6.690533023958746689e-03,1.219375235786178818e-01,3.832438218303265143e-01
5.196296296296296759e+02,1.408642219692480694e+03,1.181569221608124963e+03,2.187845209915897815e+00,1.553158906733268342e-03,5.982716669751635130e-03,1.133927145542916182e-01,3.683372403623402791e-01
5.244859813084111693e+02,1.365425896045082709e+03,1.430240903109240662e+03,2.173105238579071674e+00,1.591521916255879800e-03,5.175434989157348502e-03,1.037676328606646214e-01,3.517401221612700413e-01
5.294339622641509777e+02,1.306022907965392733e+03,1.609215942978000385e+03,2.218076225405140711e+00,1.698344042724797076e-03,4.392948587300471094e-03,9.460087008954727594e-02,3.361956722071973158e-01
5.344761904761904816e+02,1.237560312903789054e+03,1.057540102805471633e+03,2.363764300866857404e+00,1.910019476400761284e-03,3.852677835130434523e-03,8.848777842328761634e-02,3.261812101340573755e-01
5.396153846153846416e+02,1.165652883997973277e+03,1.045845257972562422e+03,2.665825449057869445e+00,2.286980528812816542e-03,3.776916282840805852e-03,8.798755220445923786e-02,3.259623210840272289e-01
5.448543689320388239e+02,1.095346647903196981e+03,1.643572983659478950e+03,3.204388792642328010e+00,2.925456337294165144e-03,4.250015304994594900e-03,9.396030767487109636e-02,3.367920819309251912e-01
5.501960784313725981e+02,1.033092266339249591e+03,9.642186060883188929e+02,4.103371954829009738e+00,3.971931732070031057e-03,5.162263591191761612e-03,1.049927108706389806e-01,3.560701155528193662e-01
5.556435643564356042e+02,9.881169303435026450e+02,6.598899867611586387e+02,5.561480021404308971e+00,5.628362241977729989e-03,6.291018857142703820e-03,1.184153114100489346e-01,3.791722516518419295e-01
5.612000000000000455e+02,9.728382453149571347e+02,2.210646150932581804e+03,7.898199091006863348e+00,8.118717709797496074e-03,7.422881344863747032e-03,1.317348627817768736e-01,4.018800782527240378e-01
5.668686868686868365e+02,9.975753203467581898e+02,2.120857559343050525e+03,1.162375834109269412e+01,1.165201073443984485e-02,8.425086732304307505e-03,1.434357061267680922e-01,4.216850222485933886e-01
5.731843575418995442e+02,1.084383269235064290e+03,4.725833673452555672e+02,1.823094819610496842e+01,1.681227358751604187e-02,9.316664870887003680e-03,1.537713306823834947e-01,4.390668964153595089e-01
5.791157102539981452e+02,1.239572224949686415e+03,7.045368098408430342e+02,2.806911267686829348e+01,2.264419298198425134e-02,9.961149412387184168e-03,1.611911823474222183e-01,4.514680629107745147e-01
5.851711026615970468e+02,1.484959486437980331e+03,-4.099010421065779519e+04,4.356852481957245260e+01,2.933987439891822327e-02,1.047037771643695783e-02,1.670142305627786150e-01,4.611415871545926359e-01
5.913544668587896922e+02,1.822322954317758331e+03,1.775830512352443520e+03,6.689403756957884184e+01,3.670811335119391478e-02,1.087546782686524445e-02,1.716152517231481212e-01,4.687389471503473626e-01
5.976699029126214100e+02,2.173256119091834989e+03,1.315875238265985217e+03,9.660524342247671825e+01,4.445184466469894596e-02,1.119773118681855785e-02,1.752526416197435766e-01,4.747113652524551086e-01
6.041216879293425563e+02,2.318794396840643913e+03,3.577716307928383230e+03,1.209104477292998752e+02,5.214366909547491630e-02,1.145241861345812524e-02,1.781099944001518776e-01,4.793774436647822434e-01
6.107142857142857792e+02,2.101756393005178325e+03,3.103262541617421903e+03,1.249225405363301746e+02,5.943721211082448469e-02,1.165347062217684040e-02,1.803511320208133484e-01,4.830158237525785658e-01
6.174523570712136689e+02,1.678249404330211974e+03,1.142234724827217178e+03,1.109882342195436422e+02,6.613333747247117367e-02,1.181326767666439695e-02,1.821196152221789821e-01,4.858678995032891246e-01
6.243407707910751014e+02,1.272502803580636282e+03,1.241112506354114657e+03,9.185530391858237920e+01,7.218475563284813823e-02,1.194169720878479786e-02,1.835295342841473665e-01,4.881246777124534364e-01
6.313846153846153584e+02,9.648474519415651685e+02,1.887419054269199933e+03,7.489468285628393573e+01,7.762334108420264334e-02,1.204620670245415588e-02,1.846666604530877442e-01,4.899295026210578885e-01
6.385892116182573091e+02,7.473303016162039967e+02,5.873019642465669676e+02,6.169990326028928251e+01,8.256041957198149983e-02,1.213230670634357806e-02,1.855943829871869455e-01,4.913881985514652051e-01
6.459601259181532669e+02,5.956820824571243520e+02,4.261229946815510630e+02,5.177747330533826897e+01,8.692132066783303523e-02,1.220408672271985559e-02,1.863596808198020871e-01,4.925790986644896230e-01
6.535031847133758447e+02,4.876083967309354534e+02,1.347182653534181327e+03,4.430279929930694038e+01,9.085733468973346272e-02,1.226459776482380359e-02,1.869975559821897282e-01,4.935604937459235897e-01
6.612244897959183163e+02,4.091385970509890058e+02,4.638165852960092366e+02,3.858990280049727062e+01,9.431987859040341649e-02,1.231613068928463436e-02,1.875342665055610980e-01,4.943760730672223103e-01
6.691304347826087451e+02,3.503497455687400475e+02,1.684129984725555573e+02,3.414393587145833919e+01,9.745671661907674699e-02,1.236043634806477214e-02,1.879898655974926724e-01,4.950591755474574862e-01
6.772277227722772750e+02,3.039296402056194779e+02,8.593841744918686345e+02,3.062165928994628317e+01,1.007524612250046275e-01,1.239887763254463732e-02,1.883799416464909671e-01,4.956356869612827953e-01
6.855233853006681102e+02,2.691348091002632259e+02,-5.352088313695264787e+02,2.778360335649834667e+01,1.032330357019996953e-01,1.243252531978731451e-02,1.887167059221988019e-01,4.961258400495311416e-01
6.940248027057497211e+02,2.407605717221641157e+02,6.811515292157615420e+01,2.545841465514664037e+01,1.057416273480420998e-01,1.246222260365940741e-02,1.890097307413976524e-01,4.965454432030389498e-01
7.071428571428571104e+02,2.087599221732410797e+02,-3.018449060547765157e+02,2.267426815757820080e+01,1.086140860828726518e-01,1.250068532072474460e-02,1.893823036059844589e-01,4.970674364140365009e-01
7.168965517241379075e+02,1.899038988333734324e+02,5.614892403261188747e+02,2.106514905701457963e+01,1.109253110990505997e-01,1.252470139057406881e-02,1.896104308202270772e-01,4.973794008291568813e-01
7.269230769230770193e+02,1.749250576459055253e+02,7.852855194050999899e+01,1.970312174169115593e+01,1.126375032076620680e-01,1.254624678168571664e-02,1.898117424977656953e-01,4.976489161871195388e-01
7.372340425531915571e+02,1.628908588927794767e+02,1.142949456515457314e+02,1.853719137028191000e+01,1.138012992029451137e-01,1.256572103369817291e-02,1.899907317520624084e-01,4.978833353854210109e-01
7.478417266187050245e+02,1.524279719828201678e+02,-1.459631143501563429e+03,1.752904794302143543e+01,1.149988923620731268e-01,1.258342436938220815e-02,1.901507892212035700e-01,4.980882249700124276e-01
7.587591240875912035e+02,1.429863329963112335e+02,2.092420555806985760e+02,1.664977762756664603e+01,1.164431402545037519e-01,1.259958487639618006e-02,1.902944990636782352e-01,4.982678373889158352e-01
7.700000000000000000e+02,1.349716794059369818e+02,6.346127209049444673e+01,1.587728212600166877e+01,1.176341747830639828e-01,1.261441053106955763e-02,1.904241879071497945e-01,4.984259616682354954e-01
7.815789473684210407e+02,1.287373420858550617e+02,1.029947326272361181e+02,1.519407428074988253e+01,1.180238308059594621e-01,1.262808962491029918e-02,1.905419380615533675e-01,4.985659560276628488e-01
7.935114503816794240e+02,1.237188669085306998e+02,-2.763821546799101725e+02,1.458583158843169159e+01,1.178949658439360088e-01,1.264077953794785769e-02,1.906494831558787073e-01,4.986906067569176204e-01
8.058139534883721353e+02,1.188013399000717811e+02,1.506901875471647259e+02,1.404076232061339091e+01,1.181869020368254836e-01,1.265259490411145202e-02,1.907480975617824315e-01,4.988019762922442646e-01
8.185039370078740149e+02,1.136428304634338389e+02,3.720738351814487288e+01,1.354948216852993603e+01,1.192286580092676435e-01,1.266363487512417278e-02,1.908388848710747820e-01,4.989018521770696157e-01
8.316000000000000227e+02,1.094066854787052421e+02,9.741157652700411518e+01,1.310509469766880031e+01,1.197833079425439373e-01,1.267396690912945233e-02,1.909226061631418281e-01,4.989914788229189990e-01
8.451219512195121979e+02,1.070605238349829307e+02,-3.797960262048775348e+01,1.270184301865562659e+01,1.186417043711978508e-01,1.268365850693183895e-02,1.910000037890947078e-01,4.990720458215691657e-01
8.590909090909091219e+02,1.056281256501251988e+02,9.193176361669060270e+01,1.233417392190680140e+01,1.167697887848697380e-01,1.269278030858318924e-02,1.910718347079879975e-01,4.991447406870391790e-01
8.735294117647057419e+02,1.036779213598232445e+02,1.255795999087557924e+01,1.199861784367274886e+01,1.157297299781937377e-01,1.270144383987064675e-02,1.911392709588807526e-01,4.992113672605580921e-01
8.884615384615384528e+02,9.822158586868964392e+01,-3.828021623074519653e+02,1.169095545412828763e+01,1.190263357156305518e-01,1.270966158331700985e-02,1.912024403187378152e-01,4.992721169731441644e-01
