# {"shape": "rod", "orient": "x", "gap": 5.0, "res": 1.0}
lam,Fp,Fp_ldos,T,eta
4.922807017543859729e+02,6.835994960326260104e-03,3.103349219854493413e+02,3.247084105451663039e-01,4.749980250565734963e+01
4.966371681415930084e+02,-1.047981751320029888e-02,3.560486908546426434e+02,3.349956797318513479e-01,-3.196579323159905428e+01
5.010714285714286120e+02,-3.207355938705862969e-02,3.329554723573152160e+02,3.446394303864112052e-01,-1.074528168911211878e+01
5.055855855855855907e+02,-5.779785949644480197e-02,3.564211128568961158e+02,3.530476068116455424e-01,-6.108316292117389246e+00
5.101818181818182438e+02,-8.719773062882062165e-02,3.968340250919790719e+02,3.596909617591882435e-01,-4.125003703253523391e+00
5.148623853211008736e+02,-1.195834036432324304e-01,3.722793786731682530e+02,3.641666244326160484e-01,-3.045294023567669761e+00
5.196296296296296759e+02,-1.541241528224283897e-01,3.464501929989623363e+02,3.662442380606761305e-01,-2.376293600670353001e+00
5.244859813084111693e+02,-1.899274593890975249e-01,3.500544458927797677e+02,3.658874353201149732e-01,-1.926458851695239005e+00
5.294339622641509777e+02,-2.260978489758227183e-01,3.168247206652948762e+02,3.632448893421986180e-01,-1.606582685273761468e+00
5.344761904761904816e+02,-2.617957357743578295e-01,2.606909759223930223e+02,3.586101629413259717e-01,-1.369809030237271186e+00
5.396153846153846416e+02,-2.963040650907723950e-01,2.431208360455976560e+02,3.523582608603898492e-01,-1.189177950536876027e+00
5.448543689320388239e+02,-3.290861856331659951e-01,2.272054529350659493e+02,3.448757233126649724e-01,-1.047979946800622120e+00
5.501960784313725981e+02,-3.597999982266796848e-01,1.710560873246493827e+02,3.365048543603315068e-01,-9.352552974397962959e-01
5.556435643564356042e+02,-3.882633382426634028e-01,1.463612510320769502e+02,3.275085319494001612e-01,-8.435216506192720898e-01
5.612000000000000455e+02,-4.144025440764481649e-01,1.638654337840691539e+02,3.180696403161600849e-01,-7.675378562769711310e-01
5.668686868686868365e+02,-4.382199328053731913e-01,1.147585543986127448e+02,3.083345062292291439e-01,-7.036067580389363529e-01
5.731843575418995442e+02,-4.616403420839444993e-01,7.590452339209164734e+01,2.975536274544916537e-01,-6.445572458231664248e-01
5.791157102539981452e+02,-4.809707213340693732e-01,7.668572125041751519e+01,2.876547115880840333e-01,-5.980711482607832252e-01
5.851711026615970468e+02,-4.983907073868735216e-01,9.507878021992310380e+01,2.778871029140370097e-01,-5.575687884933384630e-01
5.913544668587896922e+02,-5.141053017751042731e-01,6.418297042101772831e+01,2.683297774362312649e-01,-5.219354410657532917e-01
5.976699029126214100e+02,-5.283075750672374671e-01,5.229873472240567622e+01,2.590321624985704729e-01,-4.903055998498669354e-01
6.041216879293425563e+02,-5.411714678082878427e-01,5.706998183363848653e+01,2.500231701056647715e-01,-4.620036069496488706e-01
6.107142857142857792e+02,-5.528545692617470309e-01,4.972170779329794499e+01,2.413177894322173500e-01,-4.364941575041343391e-01
6.174523570712136689e+02,-5.634972079172471116e-01,3.908900841742374865e+01,2.329214534527211666e-01,-4.133497915874803086e-01
6.243407707910751014e+02,-5.732219491434396019e-01,3.940206999141685884e+01,2.248329573403013149e-01,-3.922267067342190550e-01
6.313846153846153584e+02,-5.821368972951942444e-01,3.947328124177580833e+01,2.170464403341353099e-01,-3.728443280998108844e-01
6.385892116182573091e+02,-5.903374096604356858e-01,3.116889712550043257e+01,2.095527292524060337e-01,-3.549711162179973734e-01
6.459601259181532669e+02,-5.979053567616176013e-01,2.898667529541617327e+01,2.023408954289075135e-01,-3.384162612705609030e-01
6.535031847133758447e+02,-6.049111300155791682e-01,3.313849492308598599e+01,1.953994924875120942e-01,-3.230218172419470624e-01
6.612244897959183163e+02,-6.114174754720241856e-01,2.705879741969456020e+01,1.887168468869081794e-01,-3.086546499856185899e-01
6.691304347826087451e+02,-6.174794306298991842e-01,2.128645198034509178e+01,1.822811825938899510e-01,-2.952020319250835967e-01
6.772277227722772750e+02,-6.231430271908169338e-01,2.890650650338049132e+01,1.760807348251467452e-01,-2.825687316424513873e-01
6.855233853006681102e+02,-6.284498758800660667e-01,3.102807288208010306e+01,1.701036506670234594e-01,-2.706717865586565908e-01
6.940248027057497211e+02,-6.334396832831064028e-01,1.455059200555831467e+01,1.643379836868971711e-01,-2.594374618829315970e-01
7.071428571428571104e+02,-6.403724315589317539e-01,3.148817963322079905e+01,1.560843565107601083e-01,-2.437399688346766069e-01
7.168965517241379075e+02,-6.450164166973939572e-01,2.337983885292418051e+01,1.504038451898424278e-01,-2.331783211967511649e-01
7.269230769230770193e+02,-6.494021481662649586e-01,1.584897547249640049e+01,1.449277049998190514e-01,-2.231709664174278962e-01
7.372340425531915571e+02,-6.535529891283093917e-01,1.773948372727510403e+01,1.396462409767417201e-01,-2.136724080521733293e-01
7.478417266187050245e+02,-6.574889149516496278e-01,2.451621414840266766e+01,1.345483417348081745e-01,-2.046397112941479579e-01
7.587591240875912035e+02,-6.612355738533844951e-01,2.001619445361781757e+01,1.296248597303692462e-01,-1.960343103970853817e-01
7.700000000000000000e+02,-6.648066438404433010e-01,1.493986010323001778e+01,1.248665428851148534e-01,-1.878238492981779140e-01
7.815789473684210407e+02,-6.682195948621443282e-01,1.755146100943946053e+01,1.202659398192566093e-01,-1.799796664808487601e-01
7.935114503816794240e+02,-6.714802738616056921e-01,2.772559891971755164e+01,1.158155284512943639e-01,-1.724779311613319766e-01
8.058139534883721353e+02,-6.746031654604323080e-01,1.979892557523597318e+01,1.115086681179995182e-01,-1.652952043915955627e-01
8.185039370078740149e+02,-6.776018155055177905e-01,1.277559728366272829e+01,1.073389536839359226e-01,-1.584100739220375420e-01
8.316000000000000227e+02,-6.804853255438234605e-01,1.888797639429031250e+01,1.032995899485552593e-01,-1.518028178873678524e-01
8.451219512195121979e+02,-6.832594381774514947e-01,-7.252772028775212902e+02,9.938515086542809573e-02,-1.454574138493151259e-01
8.590909090909091219e+02,-6.859415317905431797e-01,2.037049759794766857e+01,9.558990899147053188e-02,-1.393557680374710728e-01
8.735294117647057419e+02,-6.885127825987582550e-01,7.238821955758758975e+00,9.190886941341540328e-02,-1.334889805044865152e-01
8.884615384615384528e+02,-6.909876594997559351e-01,3.900854472530857464e+01,8.834083669922515591e-02,-1.278471988388041047e-01
