# {"shape": "sphere", "orient": "x", "gap": 5.0, "res": 1.0}
lam,Fp,Fp_ldos,T,eta
4.922807017543859729e+02,1.165881131588465819e-01,3.396661452654999493e+02,3.973326631515963214e-01,3.408003203639179635e+00
4.966371681415930084e+02,1.052055538282296726e-01,3.826461320140721796e+02,4.129492462772654249e-01,3.925165842019067153e+00
5.010714285714286120e+02,8.913927485100554826e-02,3.635280864965438923e+02,4.279888603997406005e-01,4.801350034708215198e+00
5.055855855855855907e+02,6.834993959728979940e-02,3.838065591082067840e+02,4.418384066995029724e-01,6.464356944611296285e+00
5.101818181818182438e+02,4.302905721637406700e-02,4.160585995783827116e+02,4.539567930616070224e-01,1.055000556435293113e+01
5.148623853211008736e+02,1.354199012944091486e-02,3.898011430853558181e+02,4.639162009427484912e-01,3.425760885279137113e+01
5.196296296296296759e+02,-1.962634044535655278e-02,3.607492954713538893e+02,4.714279899407304297e-01,-2.402016775635147994e+01
5.244859813084111693e+02,-5.589672414021537583e-02,3.557681610523306404e+02,4.763481285747512839e-01,-8.521932830622510835e+00
5.294339622641509777e+02,-9.458925393187946062e-02,3.194387550372727560e+02,4.786732316783890995e-01,-5.060545588224178104e+00
5.344761904761904816e+02,-1.349236817630460328e-01,2.644390546212848676e+02,4.785142923933938253e-01,-3.546555253611920921e+00
5.396153846153846416e+02,-1.760487028052955816e-01,2.423705193316390876e+02,4.760692736109590206e-01,-2.704190749632940705e+00
5.448543689320388239e+02,-2.171211216262589061e-01,2.222803127388051507e+02,4.715947547498536840e-01,-2.172035365410614371e+00
5.501960784313725981e+02,-2.573987249795682275e-01,1.707815000245244335e+02,4.653757452707187325e-01,-1.807995534195669718e+00
5.556435643564356042e+02,-2.963225052896230616e-01,1.462153258096388129e+02,4.577027624840539488e-01,-1.544610194344500531e+00
5.612000000000000455e+02,-3.335604785162216146e-01,1.566351801842273801e+02,4.488552107794441803e-01,-1.345648659505732203e+00
5.668686868686868365e+02,-3.689598295765083025e-01,1.146469472386376935e+02,4.390900113137768401e-01,-1.190075385219480086e+00
5.731843575418995442e+02,-4.053894724864947063e-01,7.943710089726725698e+01,4.276594923416876526e-01,-1.054934874649303689e+00
5.791157102539981452e+02,-4.368480821578546447e-01,7.922217995057123119e+01,4.166500815809840441e-01,-9.537642457370979487e-01
5.851711026615970468e+02,-4.663724348386764085e-01,9.326379559275721931e+01,4.053342729532470323e-01,-8.691214202946124789e-01
5.913544668587896922e+02,-4.940163125187273518e-01,6.658989118204752344e+01,3.938497255797996921e-01,-7.972403250649127138e-01
5.976699029126214100e+02,-5.198584278731299690e-01,5.539844629021866496e+01,3.823079489152310106e-01,-7.354078118524457475e-01
6.041216879293425563e+02,-5.439914881171433736e-01,5.903830705280238078e+01,3.707985248158389147e-01,-6.816256006123224687e-01
6.107142857142857792e+02,-5.665185151141386433e-01,5.209834327000266541e+01,3.593924571252457567e-01,-6.343878400034950182e-01
6.174523570712136689e+02,-5.875461059851497803e-01,4.213096917528400098e+01,3.481448332861800665e-01,-5.925404487234903206e-01
6.243407707910751014e+02,-6.071794089272189998e-01,4.212337250457348148e+01,3.370972220376236006e-01,-5.551855301437446100e-01
6.313846153846153584e+02,-6.255223706134619421e-01,4.189933740887735070e+01,3.262797555776422165e-01,-5.216116495684292031e-01
6.385892116182573091e+02,-6.426770505727668059e-01,3.406997197914434139e+01,3.157132356732907930e-01,-4.912470974215132902e-01
6.459601259181532669e+02,-6.587387153167233445e-01,3.186485378200536189e+01,3.054114599898383742e-01,-4.636306518632288265e-01
6.535031847133758447e+02,-6.737941126912345702e-01,3.560211864012899952e+01,2.953833864760545547e-01,-4.383881973920031316e-01
6.612244897959183163e+02,-6.879240322207430536e-01,2.985395758294734136e+01,2.856340687742783824e-01,-4.152116445942439227e-01
6.691304347826087451e+02,-7.012032596858180922e-01,2.414310852823700770e+01,2.761644900089429977e-01,-3.938437053653766062e-01
6.772277227722772750e+02,-7.136989878289297096e-01,3.152581531963296513e+01,2.669727209593671380e-01,-3.740690760561359296e-01
6.855233853006681102e+02,-7.254738366747769396e-01,3.348933724323094197e+01,2.580549346930811616e-01,-3.557053633744820531e-01
6.940248027057497211e+02,-7.365898710459983789e-01,1.711667098819807364e+01,2.494053645338301650e-01,-3.385946159966342628e-01
7.071428571428571104e+02,-7.521008568388384274e-01,3.415476255333033606e+01,2.369527425908165008e-01,-3.150544776491209231e-01
7.168965517241379075e+02,-7.625061621474438223e-01,2.656887666903498868e+01,2.283424014400395607e-01,-2.994630243996448948e-01
7.269230769230770193e+02,-7.723381109949031265e-01,1.878048802388660121e+01,2.200119311366251218e-01,-2.848647865547023761e-01
7.372340425531915571e+02,-7.816387776327022863e-01,2.099312408804122754e+01,2.119554010641619135e-01,-2.711679705887893865e-01
7.478417266187050245e+02,-7.904531358938462482e-01,2.848925114142292259e+01,2.041628617987094607e-01,-2.582858521623063730e-01
7.587591240875912035e+02,-7.988208251021770012e-01,2.395573464652455087e+01,1.966232354787444403e-01,-2.461418497115349935e-01
7.700000000000000000e+02,-8.067725310469604505e-01,1.836813595719081604e+01,1.893273246929456088e-01,-2.346724973980618689e-01
7.815789473684210407e+02,-8.143403126745569764e-01,2.172881175387590247e+01,1.822659817245677882e-01,-2.238204088484178622e-01
7.935114503816794240e+02,-8.215501210503876051e-01,3.437059905829988082e+01,1.754307278883911192e-01,-2.135362449513065475e-01
8.058139534883721353e+02,-8.284281764361223210e-01,2.531931624755707944e+01,1.688125755020595253e-01,-2.037745459458984998e-01
8.185039370078740149e+02,-8.349981530342120983e-01,1.656473460021330268e+01,1.624031477064548645e-01,-1.944952178831954592e-01
8.316000000000000227e+02,-8.412812759397517715e-01,2.525240841549751991e+01,1.561952078708348235e-01,-1.856634782419913365e-01
8.451219512195121979e+02,-8.472925978925913704e-01,-3.169082437300461379e+02,1.501803132957332254e-01,-1.772472858482012914e-01
8.590909090909091219e+02,-8.530637224999608748e-01,2.896279750768973926e+01,1.443524046302057662e-01,-1.692164381427114228e-01
8.735294117647057419e+02,-8.585737474931053326e-01,9.590483016481385903e+00,1.386987259189507160e-01,-1.615455006910335445e-01
8.884615384615384528e+02,-8.638963820051693832e-01,7.121526167143264274e+01,1.332263352462680905e-01,-1.542156420855005927e-01
