# collection fractions, spec=free, pinfty 1444 vertices, faces=1550
lambda_nm,Prad_z_g5,f_up_NA0.5_z_g5,f_up_NA0.9_z_g5,f_side_NA0.9_z_g5,f_side_NA0.5_z_g5,Prad_x_g5,f_up_NA0.5_x_g5,f_up_NA0.9_x_g5,f_side_NA0.9_x_g5,f_side_NA0.5_x_g5,Prad_z_g10,f_up_NA0.5_z_g10,f_up_NA0.9_z_g10,f_side_NA0.9_z_g10,f_side_NA0.5_z_g10,Prad_x_g10,f_up_NA0.5_x_g10,f_up_NA0.9_x_g10,f_side_NA0.9_x_g10,f_side_NA0.5_x_g10,Prad_z_g20,f_up_NA0.5_z_g20,f_up_NA0.9_z_g20,f_side_NA0.9_z_g20,f_side_NA0.5_z_g20,Prad_x_g20,f_up_NA0.5_x_g20,f_up_NA0.9_x_g20,f_side_NA0.9_x_g20,f_side_NA0.5_x_g20
500,2.376596e-07,0.008440724,0.1424446,0.3243392,0.0929962,4.879653e-08,0.1087837,0.3651634,0.1915506,0.0128831,1.293479e-07,0.009043107,0.1486798,0.3243833,0.09302597,7.517729e-08,0.1004693,0.3411845,0.1913874,0.01281138,1.012697e-07,0.01063516,0.1659583,0.3246761,0.09332006,9.403579e-08,0.0968309,0.3311208,0.1913971,0.01281255
510,2.022507e-07,0.007503543,0.1307503,0.3237719,0.0923439,3.857971e-08,0.1108577,0.3708251,0.1915565,0.01290331,1.061275e-07,0.008470528,0.1408669,0.323854,0.0924051,6.573576e-08,0.1006501,0.3415681,0.1913601,0.01280745,8.645703e-08,0.01056952,0.1641874,0.3243755,0.09295657,8.561334e-08,0.09679311,0.3309539,0.1913795,0.01280952
520,1.698641e-07,0.005736147,0.10903,0.3228191,0.09125582,2.933711e-08,0.1112807,0.3716195,0.191544,0.01292629,8.426131e-08,0.007271575,0.1249994,0.3229103,0.09130515,5.754169e-08,0.09998211,0.3395753,0.1913315,0.01280409,7.210042e-08,0.01036193,0.1602129,0.323891,0.09237482,7.818447e-08,0.09644649,0.3299477,0.1913666,0.01280771
530,1.562931e-07,0.00375266,0.08575045,0.3220854,0.09044227,2.427978e-08,0.1087085,0.3639868,0.1915096,0.01293143,6.8818e-08,0.005174427,0.09912965,0.3218185,0.09006053,5.211724e-08,0.09877943,0.3361746,0.1913224,0.01280383,5.964297e-08,0.009723179,0.1511969,0.3232864,0.09166421,7.213416e-08,0.09598972,0.3286881,0.1913688,0.01280871
540,1.802168e-07,0.003496406,0.08410369,0.3223884,0.09082001,2.220683e-08,0.1052565,0.3540928,0.1914771,0.01292038,6.47702e-08,0.003081952,0.07549663,0.3213363,0.08955649,4.851025e-08,0.09772933,0.3332725,0.1913297,0.01280574,4.99189e-08,0.008421303,0.1351516,0.3226664,0.09096148,6.704704e-08,0.09563121,0.3277319,0.1913799,0.01281117
550,2.55843e-07,0.005036956,0.103232,0.3232693,0.09182954,2.117875e-08,0.1024903,0.3462774,0.1914574,0.01290686,7.569785e-08,0.002655346,0.07278947,0.3218173,0.09015759,4.558597e-08,0.09697617,0.331223,0.1913425,0.01280823,4.319073e-08,0.00646452,0.1123831,0.3220699,0.09031318,6.250639e-08,0.09538263,0.3270862,0.1913927,0.01281378
560,4.091369e-07,0.007013591,0.1265441,0.3240511,0.09270206,2.036254e-08,0.1004748,0.3406271,0.191447,0.01289595,1.080504e-07,0.004079018,0.09119396,0.3227957,0.09129083,4.290425e-08,0.09642879,0.3297481,0.1913553,0.0128106,3.988925e-08,0.004122186,0.08602553,0.3215728,0.08980062,5.834154e-08,0.09520241,0.3266263,0.1914045,0.01281612
570,7.176513e-07,0.008730971,0.1463601,0.324609,0.09331298,1.962894e-08,0.09901182,0.3365585,0.1914426,0.0128873,1.842202e-07,0.006307328,0.1180396,0.3237934,0.09241612,4.04132e-08,0.0960246,0.3286706,0.1913677,0.01281282,4.389817e-08,0.002448723,0.06898747,0.3216674,0.08998123,5.451122e-08,0.09506941,0.3262938,0.1914153,0.01281822
580,1.367789e-06,0.009995267,0.160779,0.3249737,0.09370684,1.894665e-08,0.09796309,0.3336725,0.1914423,0.01288037,3.608671e-07,0.008312136,0.1416381,0.3245424,0.09324796,3.809883e-08,0.09572883,0.327894,0.1913797,0.01281491,6.674153e-08,0.003215258,0.08141218,0.3227958,0.09132281,5.09868e-08,0.09497261,0.3260589,0.1914253,0.01282014
590,2.727758e-06,0.01084352,0.1703872,0.3252007,0.09394963,1.829397e-08,0.09722794,0.3316786,0.1914449,0.01287477,7.583058e-07,0.009729682,0.1581178,0.3250176,0.09377008,3.594412e-08,0.09551739,0.3273508,0.1913913,0.01281688,1.374782e-07,0.005802465,0.113919,0.3242175,0.09294998,4.773999e-08,0.09490435,0.3259007,0.1914346,0.01282189
600,4.805405e-06,0.01139298,0.1765659,0.325336,0.09409259,1.763508e-08,0.09671462,0.3303097,0.1914492,0.01287037,1.412377e-06,0.0106384,0.1685596,0.3252904,0.09406619,3.39204e-08,0.09536652,0.3269734,0.1914022,0.0128187,2.815775e-07,0.008099559,0.1413474,0.3251181,0.09395505,4.474042e-08,0.09485653,0.3257965,0.1914432,0.01282349
610,5.596777e-06,0.01175564,0.1806028,0.3254146,0.09417401,1.695159e-08,0.09634712,0.329346,0.1914541,0.01286697,1.728666e-06,0.01121924,0.1751394,0.3254406,0.09422606,3.200802e-08,0.0952558,0.326704,0.1914121,0.01282034,3.859069e-07,0.009579926,0.1584342,0.3255499,0.0944222,4.196269e-08,0.09482207,0.3257266,0.191451,0.01282492
620,4.440767e-06,0.01200702,0.1833644,0.3254596,0.09421906,1.624392e-08,0.09607255,0.328636,0.1914592,0.01286436,1.429415e-06,0.01160732,0.179462,0.3255221,0.09431004,3.019789e-08,0.09517079,0.3265021,0.1914211,0.01282182,3.520938e-07,0.01049349,0.1686736,0.3257395,0.09461712,3.93868e-08,0.09479594,0.325677,0.1914579,0.01282619
630,3.160963e-06,0.01218987,0.1853448,0.3254852,0.09424302,1.552464e-08,0.09585951,0.3280919,0.1914641,0.01286235,1.052431e-06,0.01188021,0.1824486,0.3255659,0.09435272,2.848802e-08,0.09510304,0.3263445,0.1914291,0.01282316,2.807313e-07,0.01108056,0.1750821,0.3258182,0.09468997,3.699677e-08,0.0947753,0.3256402,0.1914642,0.01282734
640,2.283952e-06,0.01232501,0.186789,0.3254991,0.09425474,1.481149e-08,0.0956931,0.3276734,0.1914689,0.01286076,7.822419e-07,0.0120767,0.1845643,0.3255887,0.09437277,2.687967e-08,0.09504896,0.3262222,0.1914364,0.01282438,2.227051e-07,0.01147385,0.1792736,0.3258454,0.09470782,3.477929e-08,0.09475904,0.3256138,0.1914699,0.01282839
650,1.716121e-06,0.01242492,0.1878429,0.3255058,0.09425911,1.411618e-08,0.09556388,0.3273555,0.1914736,0.01285947,6.021721e-07,0.01221927,0.1860753,0.325599,0.09437987,2.537122e-08,0.09500626,0.3261292,0.1914432,0.0128255,1.810163e-07,0.01174485,0.1820951,0.3258474,0.09469976,3.272141e-08,0.09474651,0.3255961,0.1914752,0.01282935
660,1.337273e-06,0.01249781,0.1886008,0.3255079,0.0942589,1.34458e-08,0.0954653,0.3271208,0.1914782,0.01285842,4.792888e-07,0.01232212,0.1871467,0.3256017,0.09437926,2.395905e-08,0.09497327,0.3260615,0.1914495,0.01282655,1.509074e-07,0.01193441,0.1840202,0.3258365,0.09467923,3.081079e-08,0.09473721,0.3255862,0.1914801,0.01283024
670,1.073614e-06,0.01255011,0.1891351,0.325507,0.09425578,1.280393e-08,0.09539156,0.3269535,0.1914826,0.01285754,3.92112e-07,0.01239564,0.187897,0.3255997,0.09437395,2.263818e-08,0.09494839,0.3260149,0.1914554,0.01282752,1.28514e-07,0.0120685,0.1853435,0.325819,0.09465285,2.903572e-08,0.09473063,0.3255827,0.1914847,0.01283107
680,8.839128e-07,0.0125886,0.1895197,0.325504,0.09425079,1.219087e-08,0.09533535,0.3268331,0.1914869,0.0128568,3.28302e-07,0.01244977,0.1884358,0.3255946,0.0943658,2.140244e-08,0.09492927,0.3259829,0.191461,0.01282844,1.114224e-07,0.01216692,0.1862849,0.3257986,0.09462426,2.738512e-08,0.09472591,0.3255836,0.191489,0.01283184
690,7.430852e-07,0.01261832,0.1898093,0.3254999,0.09424461,1.160631e-08,0.09529081,0.3267429,0.1914911,0.01285618,2.801757e-07,0.0124916,0.1888408,0.3255878,0.09435595,2.024589e-08,0.09491394,0.3259602,0.1914662,0.0128293,9.80307e-08,0.01224268,0.1869874,0.3257772,0.09459539,2.584884e-08,0.09472235,0.3255867,0.191493,0.01283257
700,6.355124e-07,0.01264266,0.1900405,0.3254949,0.09423772,1.104977e-08,0.09525369,0.3266713,0.191495,0.01285565,2.428666e-07,0.01252581,0.1891632,0.32558,0.09434517,1.916302e-08,0.09490096,0.3259428,0.1914711,0.01283011,8.7278e-08,0.01230396,0.1875401,0.325756,0.09456727,2.441768e-08,0.09471942,0.3255908,0.1914968,0.01283326
710,5.512689e-07,0.01266387,0.1902379,0.3254896,0.09423043,1.052058e-08,0.09522099,0.3266097,0.1914987,0.0128552,2.132402e-07,0.01255544,0.1894365,0.3255717,0.09433396,1.81487e-08,0.09488931,0.3259279,0.1914757,0.01283087,7.845759e-08,0.01235591,0.1879988,0.3257354,0.09454039,2.308326e-08,0.09471674,0.3255949,0.1915004,0.0128339
720,4.837868e-07,0.01268292,0.1904122,0.325484,0.09422296,1.001805e-08,0.09519137,0.3265547,0.1915023,0.01285481,1.89197e-07,0.01258186,0.1896757,0.3255631,0.09432261,1.719823e-08,0.09487854,0.3259144,0.1914801,0.01283159,7.108172e-08,0.01240111,0.1883912,0.3257159,0.09451495,2.1838e-08,0.09471417,0.3255987,0.1915038,0.01283451
730,4.286379e-07,0.01270008,0.1905666,0.3254783,0.09421544,9.541445e-09,0.09516448,0.3265054,0.1915056,0.01285447,1.693067e-07,0.01260551,0.1898862,0.3255546,0.09431133,1.630725e-08,0.09486857,0.3259021,0.1914842,0.01283227,6.480964e-08,0.01244075,0.1887296,0.3256974,0.09449095,2.067497e-08,0.09471171,0.3256021,0.191507,0.01283509
740,3.828071e-07,0.01271556,0.1907037,0.3254726,0.09420796,9.089827e-09,0.09514003,0.3264613,0.1915088,0.01285418,1.525872e-07,0.01262673,0.1900719,0.3255461,0.09430023,1.547169e-08,0.09485933,0.3258911,0.191488,0.01283292,5.940237e-08,0.01247571,0.1890235,0.3256799,0.09446836,1.958785e-08,0.09470935,0.3256053,0.19151,0.01283564
750,3.441786e-07,0.01272954,0.1908255,0.3254669,0.09420058,8.662172e-09,0.09511777,0.326422,0.1915118,0.01285393,1.383434e-07,0.01264582,0.1902362,0.3255377,0.09428938,1.468772e-08,0.09485078,0.3258811,0.1914917,0.01283353,5.468731e-08,0.01250673,0.1892803,0.3256633,0.0944471,1.857084e-08,0.0947071,0.3256082,0.1915129,0.01283616
760,3.112266e-07,0.01274219,0.1909339,0.3254614,0.09419334,8.257387e-09,0.09509749,0.3263869,0.1915147,0.01285371,1.260703e-07,0.01266304,0.1903819,0.3255295,0.09427883,1.395178e-08,0.09484284,0.3258722,0.1914952,0.01283411,5.053647e-08,0.01253439,0.1895056,0.3256477,0.09442709,1.761867e-08,0.09470495,0.325611,0.1915157,0.01283665
770,2.828331e-07,0.01275371,0.1910311,0.3254559,0.09418628,7.87433e-09,0.0950789,0.3263553,0.1915175,0.01285352,1.153947e-07,0.01267868,0.1905121,0.3255216,0.09426862,1.326053e-08,0.09483544,0.3258641,0.1914985,0.01283467,4.685348e-08,0.01255923,0.1897053,0.3256329,0.09440824,1.672649e-08,0.09470287,0.3256136,0.1915183,0.01283712
780,2.581609e-07,0.01276434,0.1911196,0.3254505,0.09417941,7.511838e-09,0.09506164,0.3263263,0.1915201,0.01285336,1.060351e-07,0.01269305,0.1906304,0.3255139,0.09425875,1.261085e-08,0.09482846,0.3258566,0.1915017,0.01283519,4.356425e-08,0.01258179,0.1898845,0.325619,0.0943905,1.588985e-08,0.09470084,0.325616,0.1915208,0.01283757
790,2.365628e-07,0.01277428,0.1912016,0.3254453,0.09417274,7.168784e-09,0.0950454,0.3262991,0.1915226,0.01285321,9.777225e-08,0.01270643,0.1907393,0.3255064,0.09424924,1.199989e-08,0.09482178,0.3258494,0.1915047,0.0128357,4.06099e-08,0.0126025,0.1900475,0.3256058,0.09437377,1.510468e-08,0.09469883,0.325618,0.1915231,0.012838
800,2.175302e-07,0.01278367,0.1912786,0.3254403,0.09416629,6.84408e-09,0.09502995,0.3262733,0.191525,0.01285308,9.043252e-08,0.01271901,0.1908409,0.3254993,0.09424008,1.142497e-08,0.09481534,0.3258422,0.1915076,0.01283618,3.7943e-08,0.01262168,0.1901976,0.3255934,0.09435799,1.436725e-08,0.09469681,0.3256197,0.1915254,0.01283841
810,2.006589e-07,0.01279263,0.1913517,0.3254354,0.09416005,6.536689e-09,0.0950151,0.3262482,0.1915273,0.01285297,8.387685e-08,0.01273094,0.1909369,0.3254924,0.09423128,1.088364e-08,0.09480907,0.3258351,0.1915103,0.01283664,3.552484e-08,0.01263959,0.1903371,0.3255817,0.09434309,1.367415e-08,0.09469477,0.325621,0.1915276,0.01283881
820,1.856237e-07,0.01280125,0.191422,0.3254307,0.09415402,6.245621e-09,0.09500072,0.3262235,0.1915295,0.01285287,7.799255e-08,0.01274234,0.1910285,0.3254857,0.09422282,1.037363e-08,0.09480292,0.3258278,0.191513,0.01283708,3.332351e-08,0.01265643,0.1904679,0.3255706,0.09432901,1.302223e-08,0.0946927,0.3256219,0.1915297,0.01283918
830,1.721615e-07,0.01280958,0.1914899,0.3254261,0.0941482,5.969928e-09,0.09498671,0.3261991,0.1915316,0.01285278,7.268786e-08,0.01275328,0.1911163,0.3254793,0.09421469,9.892815e-09,0.09479687,0.3258204,0.1915155,0.01283751,3.131253e-08,0.01267233,0.1905913,0.3255601,0.09431569,1.24086e-08,0.09469059,0.3256224,0.1915317,0.01283955
840,1.600635e-07,0.01281755,0.1915547,0.3254217,0.09414259,5.708676e-09,0.09497318,0.3261753,0.1915336,0.0128527,6.788926e-08,0.0127637,0.1911998,0.3254732,0.09420689,9.439234e-09,0.09479096,0.3258129,0.1915179,0.01283791,2.947029e-08,0.01268727,0.190707,0.3255502,0.09430308,1.18306e-08,0.09468848,0.3256226,0.1915336,0.01283989
850,1.491562e-07,0.0128251,0.1916157,0.3254175,0.09413717,5.46098e-09,0.09496028,0.3261526,0.1915356,0.01285263,6.353529e-08,0.01277353,0.191278,0.3254673,0.09419939,9.01106e-09,0.09478526,0.3258057,0.1915202,0.0128383,2.77784e-08,0.01270123,0.1908145,0.3255407,0.09429113,1.128577e-08,0.09468639,0.3256227,0.1915355,0.01284023
860,1.39292e-07,0.01283217,0.1916725,0.3254134,0.09413195,5.226024e-09,0.09494809,0.3261313,0.1915374,0.01285258,5.957342e-08,0.01278272,0.1913506,0.3254617,0.09419219,8.606611e-09,0.09477981,0.3257987,0.1915224,0.01283868,2.622096e-08,0.01271419,0.1909135,0.3255318,0.09427981,1.077186e-08,0.09468435,0.3256227,0.1915372,0.01284055
870,1.303451e-07,0.01283875,0.1917246,0.3254094,0.09412691,5.003049e-09,0.09493668,0.3261117,0.1915392,0.01285253,5.595858e-08,0.01279126,0.1914172,0.3254562,0.09418527,8.224333e-09,0.09477465,0.3257923,0.1915245,0.01283903,2.478411e-08,0.01272617,0.1910041,0.3255233,0.09426906,1.028678e-08,0.09468237,0.3256226,0.1915389,0.01284085
880,1.222078e-07,0.01284481,0.191772,0.3254056,0.09412204,4.791349e-09,0.09492611,0.3260938,0.191541,0.01285249,5.26519e-08,0.01279913,0.1914778,0.325451,0.09417863,7.862792e-09,0.09476979,0.3257864,0.1915266,0.01283938,2.345576e-08,0.01273719,0.1910864,0.3255152,0.09425886,9.828626e-09,0.09468048,0.3256226,0.1915406,0.01284115
890,1.147874e-07,0.01285036,0.1918146,0.3254019,0.09411735,4.590267e-09,0.09491639,0.3260778,0.1915426,0.01285245,4.961977e-08,0.01280633,0.1915322,0.3254459,0.09417224,7.520663e-09,0.09476526,0.325781,0.1915285,0.01283971,2.222533e-08,0.01274729,0.1911607,0.3255075,0.09424917,9.395619e-09,0.09467868,0.3256226,0.1915421,0.01284143
900,1.08003e-07,0.01285541,0.1918525,0.3253983,0.09411283,4.399195e-09,0.09490752,0.3260638,0.1915442,0.01285243,4.683276e-08,0.0128129,0.1915809,0.325441,0.09416611,7.196719e-09,0.09476106,0.3257764,0.1915304,0.01284003,2.108342e-08,0.0127565,0.1912274,0.3255002,0.09423996,8.986125e-09,0.09467697,0.3256227,0.1915437,0.01284171
