# collection fractions, spec=glass, pinfty 1444 vertices, faces=1550
lambda_nm,Prad_x_g5,f_air_NA0.9_x_g5,f_air_hemisphere_x_g5,f_glass_NA1.3_x_g5,f_glass_NA1.45_x_g5,f_glass_hemisphere_x_g5,Prad_y_g5,f_air_NA0.9_y_g5,f_air_hemisphere_y_g5,f_glass_NA1.3_y_g5,f_glass_NA1.45_y_g5,f_glass_hemisphere_y_g5,Prad_z_g5,f_air_NA0.9_z_g5,f_air_hemisphere_z_g5,f_glass_NA1.3_z_g5,f_glass_NA1.45_z_g5,f_glass_hemisphere_z_g5,Prad_x_g10,f_air_NA0.9_x_g10,f_air_hemisphere_x_g10,f_glass_NA1.3_x_g10,f_glass_NA1.45_x_g10,f_glass_hemisphere_x_g10,Prad_y_g10,f_air_NA0.9_y_g10,f_air_hemisphere_y_g10,f_glass_NA1.3_y_g10,f_glass_NA1.45_y_g10,f_glass_hemisphere_y_g10,Prad_z_g10,f_air_NA0.9_z_g10,f_air_hemisphere_z_g10,f_glass_NA1.3_z_g10,f_glass_NA1.45_z_g10,f_glass_hemisphere_z_g10,Prad_x_g20,f_air_NA0.9_x_g20,f_air_hemisphere_x_g20,f_glass_NA1.3_x_g20,f_glass_NA1.45_x_g20,f_glass_hemisphere_x_g20,Prad_y_g20,f_air_NA0.9_y_g20,f_air_hemisphere_y_g20,f_glass_NA1.3_y_g20,f_glass_NA1.45_y_g20,f_glass_hemisphere_y_g20,Prad_z_g20,f_air_NA0.9_z_g20,f_air_hemisphere_z_g20,f_glass_NA1.3_z_g20,f_glass_NA1.45_z_g20,f_glass_hemisphere_z_g20
500,8.586902e-08,0.270518,0.422403,0.3393272,0.452176,0.577597,-6.383234e-09,0.5195982,1.041228,-0.09246671,-0.1581402,-0.04122811,3.114509e-09,-2.493121,-2.682751,2.873518,3.135021,3.682751,1.230698e-08,-0.04228369,0.01066252,0.6594474,0.8320609,0.9893375,-1.186191e-08,0.5104468,0.9000083,-0.00367044,-0.00478653,0.09999173,-9.614081e-09,1.086179,1.536012,-0.7128987,-0.6296141,-0.5360121,-3.749847e-09,1.503391,1.989126,-0.9266158,-1.00684,-0.9891256,-1.00421e-08,0.5956539,1.039062,-0.1084674,-0.134038,-0.03906246,-1.17062e-08,0.9368419,1.354808,-0.5516575,-0.4649623,-0.3548078
510,7.849629e-08,0.2721248,0.426975,0.3342824,0.4461937,0.573025,-4.117713e-09,0.5465557,1.196185,-0.2033217,-0.3223642,-0.1961852,6.310831e-09,-1.03206,-0.9772618,1.42839,1.620537,1.977262,9.942199e-09,-0.08482746,-0.03999285,0.6942275,0.8728712,1.039993,-1.125061e-08,0.497886,0.8788019,0.01122104,0.01483317,0.1211981,-8.574919e-09,1.11843,1.579983,-0.7546882,-0.6726065,-0.5799828,-4.411519e-09,1.242637,1.654209,-0.6518256,-0.6899106,-0.6542091,-9.486966e-09,0.5882432,1.024773,-0.09818809,-0.1206875,-0.02477315,-1.094271e-08,0.9285643,1.346194,-0.5463105,-0.4586612,-0.3461941
520,6.909938e-08,0.2721114,0.4305006,0.3292554,0.44046,0.5694994,-3.032307e-09,0.538798,1.283263,-0.2794154,-0.4218627,-0.2832627,7.544618e-09,-0.7626738,-0.6889461,1.192976,1.375535,1.688946,7.662174e-09,-0.1507272,-0.1167244,0.7465559,0.9340418,1.116724,-1.082071e-08,0.4852286,0.8553738,0.02657139,0.03691766,0.1446262,-8.092664e-09,1.103178,1.57484,-0.7567063,-0.6744192,-0.5748399,-5.034492e-09,1.059875,1.418519,-0.4580169,-0.4664241,-0.4185191,-8.963819e-09,0.5821826,1.01235,-0.0895614,-0.1089692,-0.01235044,-1.033712e-08,0.9143398,1.331941,-0.5364643,-0.4478089,-0.3319412
530,6.57459e-08,0.2762775,0.4400839,0.3195915,0.4292864,0.5599161,-3.423981e-09,0.4862562,1.119287,-0.1754055,-0.2556574,-0.1192874,6.050748e-09,-0.9248622,-0.9244355,1.407837,1.604541,1.924435,7.295473e-09,-0.1223601,-0.06524926,0.697245,0.8769792,1.065249,-1.032494e-08,0.4799838,0.8431877,0.03372889,0.048752,0.1568123,-8.013342e-09,1.048857,1.519711,-0.7129608,-0.6292159,-0.5197113,-5.345575e-09,0.9592371,1.284696,-0.3444102,-0.3372727,-0.2846956,-8.368749e-09,0.5814266,1.009212,-0.08769975,-0.105965,-0.009211562,-9.758535e-09,0.9023957,1.319209,-0.5265477,-0.4374684,-0.3192087
540,7.864194e-08,0.2897047,0.4597107,0.3050418,0.4112192,0.5402893,-4.214282e-09,0.4558706,0.9765476,-0.07575356,-0.1061545,0.02345237,3.775093e-09,-1.487108,-1.662035,2.059068,2.294796,2.662035,1.099609e-08,0.05796554,0.173913,0.5125526,0.6591756,0.826087,-9.71825e-09,0.4804411,0.8409041,0.03432739,0.05129864,0.1590959,-7.91511e-09,1.000193,1.464431,-0.6655731,-0.5804624,-0.4644306,-5.122575e-09,0.9346718,1.243891,-0.3027329,-0.2928494,-0.2438909,-7.748427e-09,0.5840381,1.012283,-0.09019274,-0.1088556,-0.01228346,-9.153957e-09,0.8962131,1.311341,-0.5192775,-0.4302891,-0.3113412
550,1.11197e-07,0.30399,0.4780014,0.2936071,0.3960919,0.5219986,-4.775285e-09,0.4441021,0.9047554,-0.02398955,-0.02988171,0.09524461,1.935348e-09,-2.874133,-3.454918,3.632892,3.9621,4.454918,1.959189e-08,0.1907189,0.3423364,0.3884518,0.5109378,0.6576636,-9.078767e-09,0.4829159,0.8427026,0.03241728,0.04991365,0.1572974,-7.660253e-09,0.9695799,1.427343,-0.6324998,-0.5465036,-0.4273431,-4.281535e-09,0.9978878,1.308167,-0.3408402,-0.341902,-0.3081672,-7.162439e-09,0.5874893,1.017086,-0.0938224,-0.1134194,-0.01708626,-8.546127e-09,0.8940648,1.307083,-0.5144167,-0.4256751,-0.3070826
560,1.671082e-07,0.3138982,0.489818,0.2872294,0.3870431,0.510182,-5.047837e-09,0.439579,0.8679963,0.002833161,0.009612445,0.1320037,6.831469e-10,-7.925699,-9.960816,9.334297,10.0018,10.96082,3.412858e-08,0.2570562,0.4240228,0.3307584,0.4408502,0.5759772,-8.459824e-09,0.4857054,0.8455606,0.02995466,0.04744435,0.1544394,-7.271206e-09,0.9538804,1.407287,-0.6141509,-0.5275847,-0.4072873,-2.70629e-09,1.304073,1.654692,-0.5873143,-0.6359442,-0.6546923,-6.629484e-09,0.5907661,1.021738,-0.09728257,-0.1178642,-0.02173782,-7.954752e-09,0.894253,1.305074,-0.5113862,-0.4228252,-0.3050742
570,2.607079e-07,0.3199598,0.4964874,0.2843589,0.3824708,0.5035126,-5.142522e-09,0.437965,0.8464609,0.01880901,0.03304846,0.1535391,-1.271819e-10,40.84599,52.78177,-45.63598,-48.21368,-51.78177,5.837141e-08,0.2908755,0.4642434,0.3038355,0.4074581,0.5357566,-7.876339e-09,0.4885585,0.8488732,0.02730488,0.04448792,0.1511268,-6.755828e-09,0.9527902,1.404996,-0.611864,-0.5248943,-0.4049958,9.701523e-11,-24.67845,-28.35749,21.38843,25.2967,29.35749,-6.145335e-09,0.5938394,1.026142,-0.1005222,-0.1220909,-0.02614172,-7.371648e-09,0.8974203,1.306255,-0.5111268,-0.4226527,-0.3062549
580,4.233502e-07,0.3233604,0.4997531,0.2835995,0.3807308,0.5002469,-5.13101e-09,0.4377193,0.8325984,0.02938472,0.04835917,0.1674016,-5.554153e-10,8.83314,11.59611,-9.562181,-9.999405,-10.59611,1.005434e-07,0.3086098,0.4842937,0.2914446,0.3916632,0.5157063,-7.332164e-09,0.4914218,0.8524468,0.02457766,0.04124367,0.1475532,-6.061619e-09,0.9746565,1.432145,-0.6370046,-0.5497824,-0.432145,5.24717e-09,-0.09617437,0.02611584,0.6157427,0.7797333,0.9738842,-5.704652e-09,0.5967444,1.030338,-0.103578,-0.1261324,-0.03033752,-6.767774e-09,0.9065347,1.314339,-0.5169412,-0.4285102,-0.314339
590,7.233783e-07,0.325028,0.5008863,0.2840401,0.3806875,0.4991137,-5.052603e-09,0.4381777,0.8231628,0.03687134,0.05895267,0.1768372,-5.301474e-10,8.514561,11.2177,-9.279771,-9.666178,-10.2177,1.786476e-07,0.3177489,0.4937568,0.2864345,0.3849541,0.5062432,-6.827681e-09,0.4942532,0.8561496,0.02184647,0.03784548,0.1438504,-5.028259e-09,1.052974,1.534145,-0.7329652,-0.6458773,-0.5341451,1.527144e-08,0.1933932,0.3557477,0.3786523,0.4986038,0.6442523,-5.302807e-09,0.5995047,1.034351,-0.1064734,-0.1300091,-0.03435054,-6.075634e-09,0.9301562,1.340146,-0.5385301,-0.4502767,-0.3401461
600,1.30735e-06,0.3256321,0.5008014,0.2850762,0.3815402,0.4991986,-4.924836e-09,0.4389882,0.8166865,0.04221838,0.06635137,0.1833135,2.33374e-10,-16.80058,-21.78416,20.17051,21.19418,22.78416,3.315538e-07,0.322082,0.4974975,0.2852677,0.3830252,0.5025025,-6.362866e-09,0.4969375,0.8597483,0.01924866,0.03451854,0.1402517,-3.277943e-09,1.365273,1.951738,-1.130036,-1.044978,-0.9517382,3.581289e-08,0.273457,0.4442179,0.3175133,0.4253162,0.5557821,-4.936741e-09,0.6020636,1.038065,-0.1091318,-0.1336073,-0.03806454,-5.14277e-09,0.9952634,1.418431,-0.607605,-0.5202529,-0.4184313
610,2.488056e-06,0.3256396,0.5001096,0.2863378,0.3827753,0.4998904,-4.761366e-09,0.439947,0.8122601,0.04600362,0.07150233,0.1877399,2.446276e-09,-1.184104,-1.428987,1.993732,2.161642,2.428987,6.427812e-07,0.3237641,0.4982392,0.2860204,0.3834992,0.5017608,-5.936362e-09,0.4993933,0.8630738,0.01687923,0.03142741,0.1369262,4.827279e-11,-65.92617,-89.3132,86.20733,86.88222,90.3132,7.9448e-08,0.3025707,0.4745896,0.298432,0.4017569,0.5254104,-4.603246e-09,0.6043921,1.041413,-0.111512,-0.1368606,-0.04141344,-3.619522e-09,1.226143,1.710753,-0.8726745,-0.7898125,-0.7107529
620,4.752615e-06,0.3253437,0.4991712,0.2876254,0.3841068,0.5008288,-4.57413e-09,0.4409612,0.809275,0.04865725,0.07506462,0.190725,7.407338e-09,-0.140547,-0.07916533,0.791554,0.9057979,1.079165,1.244284e-06,0.324033,0.4974977,0.2876479,0.3850799,0.5025023,-5.545619e-09,0.5015915,0.8660495,0.01477854,0.02865083,0.1339505,6.415275e-09,-0.1525783,-0.12418,0.8646346,0.9650525,1.12418,1.675553e-07,0.3131176,0.4841544,0.2941821,0.3957668,0.5158456,-4.29921e-09,0.6064752,1.044363,-0.1135961,-0.1397347,-0.04436255,-8.81817e-10,3.90813,5.200727,-4.08417,-4.064077,-4.200727
630,7.520727e-06,0.3249054,0.4981638,0.2888529,0.3854068,0.5018362,-4.372414e-09,0.4420601,0.8073552,0.05056859,0.07752629,0.1926448,1.439928e-08,0.09464456,0.2132427,0.5371387,0.6411344,0.7867573,1.988561e-06,0.3235637,0.4960584,0.2896229,0.3871179,0.5039416,-5.187118e-09,0.5035678,0.8687052,0.01293325,0.0261756,0.1312948,1.471385e-08,0.1174002,0.2296177,0.5321179,0.631735,0.7703823,2.838563e-07,0.315666,0.4849743,0.2959922,0.3970006,0.5150257,-4.021552e-09,0.6083239,1.046935,-0.1154183,-0.1422601,-0.04693546,2.747038e-09,-0.8269516,-1.005264,1.649297,1.78618,2.005264
640,7.388222e-06,0.3243918,0.4971378,0.2900109,0.386656,0.5028622,-4.165574e-09,0.4432344,0.8061385,0.05209105,0.07932822,0.1938615,1.546678e-08,0.1156014,0.2228487,0.5383378,0.6432993,0.7771513,1.968413e-06,0.3226771,0.4942506,0.2917373,0.3893649,0.5057494,-4.857535e-09,0.5053718,0.8711063,0.0113019,0.02394847,0.1288937,1.564061e-08,0.1310223,0.2317451,0.5381442,0.6398798,0.7682549,2.930635e-07,0.314298,0.481589,0.3006022,0.4016327,0.518411,-3.767316e-09,0.6099693,1.049195,-0.1170388,-0.1445069,-0.04919535,3.553528e-09,-0.5489683,-0.6829529,1.372922,1.50955,1.682953
650,5.037786e-06,0.3238356,0.4961115,0.2911035,0.387855,0.5038885,-3.963303e-09,0.4442947,0.8052222,0.05330928,0.0807365,0.1947778,1.075456e-08,0.03852105,0.1003521,0.6608547,0.7719167,0.8996479,1.350248e-06,0.3215388,0.4922335,0.2938977,0.391709,0.5077665,-4.554476e-09,0.5070127,0.8732807,0.009830398,0.02192281,0.1267193,1.003222e-08,0.03928775,0.08405138,0.6909977,0.7969538,0.9159486,2.075111e-07,0.3108056,0.4759618,0.3066241,0.4080293,0.5240382,-3.533402e-09,0.6114981,1.051272,-0.1185218,-0.1465785,-0.05127194,1.620045e-09,-1.462047,-1.998579,2.648951,2.828015,2.998579
660,3.20491e-06,0.3232523,0.4950879,0.2921406,0.3890125,0.5049121,-3.768499e-09,0.4452373,0.8045102,0.05425841,0.08182448,0.1954898,6.629555e-09,-0.1102214,-0.1215186,0.8764386,0.9975123,1.121519,8.631405e-07,0.320236,0.4900834,0.2960659,0.3941032,0.5099166,-4.275225e-09,0.5085223,0.8752791,0.008477168,0.02004775,0.1247209,5.361924e-09,-0.1709901,-0.2382167,1.017764,1.131328,1.238217,1.359755e-07,0.3060526,0.4690203,0.3134205,0.415434,0.5309797,-3.317663e-09,0.6129399,1.053208,-0.1198875,-0.1485074,-0.05320842,-6.6057e-11,40.71179,57.78999,-54.88667,-56.52552,-56.78999
670,2.127822e-06,0.3226522,0.4940702,0.2931294,0.3901338,0.5059298,-3.581617e-09,0.4461209,0.8039887,0.05501765,0.08265824,0.1960113,4.081602e-09,-0.335696,-0.4522277,1.195398,1.330891,1.452228,5.753234e-07,0.3188238,0.4878493,0.2982205,0.3965178,0.5121507,-4.017278e-09,0.5099355,0.8771492,0.00721705,0.01828566,0.1228508,2.598961e-09,-0.625715,-0.9257098,1.710782,1.839813,1.92571,9.244478e-08,0.3005135,0.4612737,0.3206516,0.4234346,0.5387263,-3.118372e-09,0.614306,1.055028,-0.12116,-0.1503196,-0.05502767,-1.037318e-09,2.70768,3.896501,-3.016462,-3.015273,-2.896501
680,1.499323e-06,0.3220494,0.493073,0.2940693,0.3912117,0.506927,-3.402874e-09,0.4469671,0.8036299,0.05563346,0.08329229,0.1963701,2.555196e-09,-0.6631001,-0.9294057,1.654533,1.810525,1.929406,4.067225e-07,0.3173569,0.4855936,0.3003324,0.3989073,0.5144064,-3.778686e-09,0.5112638,0.8789026,0.006043056,0.0166294,0.1210974,1.023263e-09,-1.928416,-2.885603,3.682429,3.855015,3.885603,6.641662e-08,0.2945494,0.4531369,0.3280425,0.4316835,0.5468631,-2.934077e-09,0.6155958,1.05673,-0.1223443,-0.1520174,-0.05672957,-1.551509e-09,1.809968,2.619094,-1.785162,-1.744858,-1.619094
690,1.112755e-06,0.3214552,0.4921088,0.2949597,0.3922398,0.5078912,-3.232489e-09,0.4477816,0.803401,0.05613526,0.08377045,0.196599,1.60765e-09,-1.148623,-1.635124,2.333085,2.519201,2.635124,3.026984e-07,0.315877,0.4833651,0.3023789,0.4012354,0.5166349,-3.557726e-09,0.5125163,0.8805499,0.004946311,0.01507071,0.1194501,1.013661e-10,-20.9844,-31.50738,32.45769,33.2652,32.50738,5.009509e-08,0.2884096,0.4448986,0.3354035,0.4399378,0.5551014,-2.763401e-09,0.6168188,1.05833,-0.1234545,-0.1536171,-0.05833015,-1.813258e-09,1.514806,2.197225,-1.377843,-1.324573,-1.197225
700,8.605371e-07,0.3208763,0.4911845,0.2958022,0.3932159,0.5088155,-3.070515e-09,0.4485662,0.8032746,0.05654287,0.08412522,0.1967254,9.919436e-10,-1.920474,-2.755693,3.41039,3.644235,3.755693,2.346509e-07,0.3144108,0.4811934,0.3043491,0.4034822,0.5188066,-3.352872e-09,0.513698,0.8820963,0.003921381,0.01360548,0.1179037,-4.559755e-10,4.775621,7.17788,-6.432998,-6.483728,-6.17788,3.92737e-08,0.2822499,0.4367362,0.3426229,0.4480521,0.5632638,-2.605156e-09,0.6179771,1.059832,-0.1244936,-0.1551212,-0.05983204,-1.935847e-09,1.371944,1.992033,-1.179431,-1.119859,-0.992033
710,6.874382e-07,0.3203176,0.4903045,0.2965984,0.3941389,0.5096955,-2.916895e-09,0.449322,0.8032282,0.05687219,0.08438258,0.1967718,5.766289e-10,-3.313026,-4.776359,5.353179,5.673086,5.776359,1.878444e-07,0.3129773,0.4790995,0.3062356,0.4056339,0.5209005,-3.162723e-09,0.5148167,0.8835521,0.002959504,0.01222445,0.1164479,-7.997821e-10,2.714267,4.080212,-3.318266,-3.300382,-3.080212,3.174211e-08,0.2761765,0.4287686,0.3496272,0.4559299,0.5712314,-2.458223e-09,0.6190806,1.061251,-0.1254738,-0.1565451,-0.06125133,-1.978496e-09,1.289614,1.873167,-1.064351,-1.00115,-0.8731668
720,5.632259e-07,0.3197797,0.4894677,0.2973521,0.3950121,0.5105323,-2.771432e-09,0.4500503,0.8032449,0.05713657,0.08456161,0.1967551,2.875385e-10,-6.556398,-9.481619,9.877521,10.39794,10.48162,1.541903e-07,0.3115836,0.4770876,0.3080399,0.4076905,0.5229124,-2.986023e-09,0.5158766,0.8849232,0.002056053,0.01092243,0.1150768,-1.013412e-09,2.1037,3.161621,-2.394313,-2.356179,-2.161621,2.627186e-08,0.2702377,0.4210423,0.356391,0.4635383,0.5789577,-2.321645e-09,0.6201307,1.06259,-0.1263968,-0.1578907,-0.06259001,-1.974873e-09,1.236682,1.796313,-0.9898598,-0.9243408,-0.796313
730,4.707663e-07,0.3192621,0.4886708,0.2980667,0.3958398,0.5113292,-2.633878e-09,0.4507526,0.8033115,0.05734848,0.08467771,0.1966885,8.173062e-11,-22.53963,-32.66623,32.17173,33.68079,33.66623,1.290933e-07,0.3102313,0.4751548,0.3097661,0.4096574,0.5248452,-2.82162e-09,0.5168842,0.8862194,0.001204105,0.00969017,0.1137806,-1.144434e-09,1.812978,2.723523,-1.953454,-1.905746,-1.723523,2.21559e-08,0.2644523,0.4135676,0.3629118,0.4708748,0.5864324,-2.194525e-09,0.6211345,1.06386,-0.1272714,-0.1591696,-0.06386026,-1.943811e-09,1.200136,1.742915,-0.9380356,-0.8709361,-0.742915
740,3.998133e-07,0.3187633,0.4879098,0.2987465,0.396627,0.5120902,-2.503916e-09,0.4514306,0.8034179,0.05751736,0.08474247,0.1965821,-6.764443e-11,26.4463,38.38816,-36.15469,-37.67627,-37.38816,1.098011e-07,0.3089189,0.4732953,0.3114206,0.4115422,0.5267047,-2.668482e-09,0.5178446,0.8874484,0.0003984243,0.008520726,0.1125516,-1.221774e-09,1.643395,2.46746,-1.695627,-1.642394,-1.46746,1.896558e-08,0.2588193,0.4063326,0.3692044,0.4779566,0.5936674,-2.076079e-09,0.6220948,1.065066,-0.1281004,-0.1603857,-0.06506617,-1.896436e-09,1.173578,1.70384,-0.9000569,-0.8318309,-0.7038399
750,3.440332e-07,0.3182822,0.4871818,0.2993942,0.3973771,0.5128182,-2.381209e-09,0.4520863,0.803556,0.05765101,0.08476541,0.196444,-1.769017e-10,9.779305,14.21178,-12.90675,-13.39744,-13.21178,9.461005e-08,0.3076459,0.471505,0.313008,0.4133505,0.528495,-2.525671e-09,0.5187635,0.8886191,-0.0003672316,0.007405746,0.1113809,-1.262664e-09,1.533051,2.300445,-1.527345,-1.470571,-1.300445,1.643442e-08,0.2533408,0.3993315,0.3752772,0.4847936,0.6006685,-1.965578e-09,0.6230183,1.066219,-0.1288922,-0.1615503,-0.06621939,-1.839427e-09,1.153579,1.674187,-0.8711898,-0.8021373,-0.6741874
760,2.992537e-07,0.3178174,0.4864833,0.3000133,0.3980941,0.5135167,-2.265388e-09,0.4527209,0.8037199,0.05775517,0.08475363,0.1962801,-2.574989e-10,6.47876,9.42367,-8.302608,-8.589316,-8.42367,8.239686e-08,0.3064096,0.4697779,0.3145343,0.4150895,0.5302221,-2.392355e-09,0.5196437,0.8897358,-0.001095805,0.006341319,0.1102642,-1.279013e-09,1.455501,2.182749,-1.408662,-1.349446,-1.182749,1.438535e-08,0.2480088,0.3925478,0.3811474,0.4914053,0.6074522,-1.862392e-09,0.6239055,1.06732,-0.1296471,-0.1626637,-0.06732035,-1.777132e-09,1.13805,1.65097,-0.848547,-0.7788739,-0.6509697
770,2.627102e-07,0.3173682,0.4858128,0.3006058,0.3987805,0.5141872,-2.156089e-09,0.4533359,0.8039044,0.05783461,0.08471323,0.1960956,-3.166747e-10,5.07013,7.37985,-6.337377,-6.537154,-6.37985,7.241595e-08,0.3052097,0.4681114,0.3160029,0.4167628,0.5318886,-2.267771e-09,0.52049,0.8908053,-0.001792246,0.005320952,0.1091947,-1.278049e-09,1.398426,2.095866,-1.320972,-1.260002,-1.095866,1.270013e-08,0.2428236,0.3859769,0.3868219,0.4977988,0.6140231,-1.765926e-09,0.6247623,1.068379,-0.1303721,-0.1637353,-0.06837886,-1.712201e-09,1.125755,1.63242,-0.8304228,-0.7602788,-0.6324201
780,2.324564e-07,0.3169339,0.4851684,0.3011738,0.3994383,0.5148316,-2.052939e-09,0.4539322,0.8041056,0.05789253,0.08464878,0.1958944,-3.599413e-10,4.287262,6.243747,-5.244994,-5.396563,-5.243747,6.414255e-08,0.3040452,0.466503,0.3174172,0.418374,0.533497,-2.15124e-09,0.5213035,0.8918295,-0.00245785,0.004343169,0.1081705,-1.265228e-09,1.354662,2.029036,-1.253461,-1.191183,-1.029036,1.129522e-08,0.2377843,0.3796144,0.392308,0.503981,0.6203856,-1.675667e-09,0.625588,1.069393,-0.1310662,-0.1647635,-0.06939333,-1.646473e-09,1.115833,1.617305,-0.8156266,-0.7451217,-0.6173048
790,2.071143e-07,0.3165143,0.4845493,0.3017187,0.4000689,0.5154507,-1.955587e-09,0.4545109,0.8043201,0.05793189,0.08456441,0.1956799,-3.909537e-10,3.790072,5.522063,-4.551111,-4.672157,-4.522063,5.720415e-08,0.3029165,0.4649519,0.3187792,0.419925,0.5350481,-2.042138e-09,0.5220875,0.8928132,-0.003096233,0.003403333,0.1071868,-1.244004e-09,1.320254,1.976314,-1.200151,-1.13688,-0.9763142,1.011071e-08,0.2328927,0.3734593,0.3976094,0.5099551,0.6265407,-1.59113e-09,0.6263869,1.070371,-0.1317346,-0.1657556,-0.07037116,-1.58106e-09,1.107744,1.604853,-0.8034148,-0.7326339,-0.6048528
800,1.856515e-07,0.3161087,0.4839539,0.3022424,0.4006743,0.5160461,-1.863685e-09,0.4550727,0.8045453,0.05795494,0.08446325,0.1954547,-4.126662e-10,3.44556,5.021882,-4.070221,-4.170196,-4.021882,5.132161e-08,0.3018223,0.4634553,0.3200923,0.421419,0.5365447,-1.939903e-09,0.5228432,0.8937577,-0.0037084,0.002500262,0.1062423,-1.217089e-09,1.292504,1.933647,-1.156968,-1.092928,-0.9336474,9.101684e-09,0.2281455,0.3675053,0.4027336,0.5157286,0.6324947,-1.511887e-09,0.6271587,1.071311,-0.1323765,-0.1667102,-0.07131108,-1.516805e-09,1.101053,1.594438,-0.7931814,-0.7221896,-0.5944376
810,1.673097e-07,0.3157167,0.4833815,0.3027459,0.4012555,0.5166185,-1.776915e-09,0.4556187,0.8047788,0.05796386,0.08434822,0.1952212,-4.268276e-10,3.195004,4.658105,-3.720579,-3.80528,-3.658105,4.628869e-08,0.3007619,0.4620116,0.3213586,0.4228585,0.5379884,-1.844012e-09,0.5235741,0.8946686,-0.004298296,0.001628804,0.1053314,-1.18565e-09,1.270268,1.899303,-1.122174,-1.057549,-0.8993027,8.234842e-09,0.2235441,0.3617518,0.4076829,0.5213037,0.6382482,-1.437532e-09,0.6279081,1.072221,-0.1329976,-0.1676351,-0.07222104,-1.454215e-09,1.095465,1.585636,-0.7845169,-0.7133653,-0.5856362
820,1.514975e-07,0.3153375,0.4828306,0.3032308,0.4018144,0.5171694,-1.694959e-09,0.4561496,0.8050189,0.0579602,0.08422145,0.1949811,-4.354689e-10,3.002837,4.379048,-3.452389,-3.525435,-3.379048,4.194599e-08,0.2997341,0.4606183,0.3225809,0.4242465,0.5393817,-1.754003e-09,0.5242802,0.8955456,-0.004865692,0.000789342,0.1044544,-1.151852e-09,1.251716,1.870541,-1.093007,-1.027921,-0.8705407,7.483877e-09,0.2190814,0.3561885,0.4124677,0.5266914,0.6438115,-1.367715e-09,0.6286336,1.073098,-0.1335958,-0.1685273,-0.07309803,-1.393611e-09,1.090763,1.578134,-0.7771176,-0.7058473,-0.5781345
830,1.377703e-07,0.314971,0.4823004,0.3036979,0.4023519,0.5176996,-1.617523e-09,0.4566658,0.8052639,0.05794557,0.08408491,0.1947361,-4.398975e-10,2.850196,4.157282,-3.239211,-3.30307,-3.157282,3.81731e-08,0.2987388,0.4592745,0.3237603,0.425584,0.5407255,-1.669444e-09,0.5249629,0.8963905,-0.005412018,-2.004171e-05,0.1036095,-1.11703e-09,1.235735,1.845688,-1.067779,-1.002319,-0.845688,6.828674e-09,0.2147533,0.3508076,0.4170957,0.5319002,0.6491924,-1.302103e-09,0.629337,1.073945,-0.1341732,-0.1693898,-0.0739452,-1.33512e-09,1.08682,1.571753,-0.7708115,-0.6994572,-0.5717532
840,1.2578e-07,0.3146168,0.4817904,0.3041475,0.4028684,0.5182096,-1.544322e-09,0.4571676,0.8055127,0.05792147,0.08393995,0.1944873,-4.408566e-10,2.726794,3.97794,-3.066818,-3.1233,-2.97794,3.487481e-08,0.2977755,0.457979,0.3248974,0.4268725,0.542021,-1.589945e-09,0.5256227,0.8972043,-0.005937607,-0.0008000089,0.1027957,-1.081417e-09,1.222121,1.824428,-1.046174,-0.9804186,-0.8244277,6.253865e-09,0.2105627,0.3456113,0.421564,0.536928,0.6543887,-1.240397e-09,0.6300183,1.074762,-0.1347296,-0.1702226,-0.07476225,-1.278913e-09,1.083472,1.56625,-0.7653602,-0.6939493,-0.5662496
850,1.152568e-07,0.3142754,0.4813006,0.3045791,0.4033639,0.5186994,-1.475087e-09,0.4576553,0.8057644,0.05788946,0.08378783,0.1942356,-4.389968e-10,2.625553,3.83073,-2.9253,-2.975781,-2.83073,3.197759e-08,0.2968454,0.4567325,0.3259911,0.428111,0.5432675,-1.515143e-09,0.5262607,0.8979885,-0.006443376,-0.001552068,0.1020115,-1.045494e-09,1.210472,1.806146,-1.027571,-0.9615855,-0.806146,5.747167e-09,0.2065139,0.3406026,0.4258694,0.541772,0.6593974,-1.182317e-09,0.6306798,1.075553,-0.1352675,-0.1710288,-0.07555269,-1.225003e-09,1.080638,1.561507,-0.7606503,-0.6892059,-0.5615067
860,1.05974e-07,0.3139465,0.4808306,0.3049928,0.4038386,0.5191694,-1.409569e-09,0.4581288,0.8060182,0.05785078,0.08362961,0.1939818,-4.349396e-10,2.5411,3.707853,-2.807157,-2.852678,-2.707853,2.941973e-08,0.2959485,0.4555341,0.3270414,0.4293003,0.5444659,-1.444712e-09,0.5268767,0.8987426,-0.00692874,-0.002275659,0.1012574,-1.009685e-09,1.200422,1.790292,-1.011416,-0.9452516,-0.7902921,5.29835e-09,0.2026073,0.3357806,0.4300115,0.5464331,0.6642194,-1.127614e-09,0.6313201,1.076314,-0.1357853,-0.1718066,-0.07631438,-1.173406e-09,1.078226,1.55739,-0.7565494,-0.6850906,-0.5573898
870,9.775127e-08,0.3136303,0.4803803,0.3053885,0.4042928,0.5196197,-1.347538e-09,0.4585886,0.8062731,0.05780666,0.08346635,0.1937269,-4.290977e-10,2.470084,3.604436,-2.707702,-2.749096,-2.604436,2.715201e-08,0.2950853,0.454384,0.328048,0.4304403,0.545616,-1.378346e-09,0.5274717,0.8994682,-0.007394721,-0.002972345,0.1005318,-9.742407e-10,1.191746,1.776521,-0.9973592,-0.9310614,-0.776521,4.899141e-09,0.1988451,0.3311459,0.4339894,0.5509107,0.6688541,-1.07605e-09,0.6319415,1.077051,-0.1362853,-0.1725591,-0.07705063,-1.124073e-09,1.076187,1.553826,-0.7529877,-0.6815309,-0.5538264
880,9.04351e-08,0.3133267,0.4799491,0.3057665,0.4047268,0.5200509,-1.288779e-09,0.4590346,0.8065284,0.05775809,0.08329894,0.1934716,-4.21896e-10,2.409618,3.516289,-2.622903,-2.660825,-2.516289,2.513265e-08,0.2942554,0.4532814,0.3290112,0.4315317,0.5467186,-1.315768e-09,0.5280457,0.9001649,-0.007840956,-0.00364179,0.09983507,-9.394181e-10,1.184198,1.764461,-0.9850275,-0.9186317,-0.7644614,4.542581e-09,0.1952267,0.3266969,0.4378038,0.5552064,0.6733031,-1.027416e-09,0.6325429,1.07776,-0.1367662,-0.1732847,-0.07775971,-1.076967e-09,1.074456,1.550722,-0.7498726,-0.6784311,-0.5507219
890,8.390206e-08,0.3130357,0.4795369,0.3061267,0.4051408,0.5204631,-1.233093e-09,0.4594674,0.8067836,0.05770604,0.08312825,0.1932164,-4.136092e-10,2.357906,3.440795,-2.550238,-2.585234,-2.440795,2.332798e-08,0.2934595,0.4522261,0.3299309,0.4325746,0.5477739,-1.25672e-09,0.5285997,0.9008345,-0.008268483,-0.004285526,0.09916546,-9.053736e-10,1.17761,1.753861,-0.9741658,-0.9077026,-0.7538609,4.222975e-09,0.1917537,0.3224337,0.4414544,0.5593202,0.6775663,-9.815092e-10,0.6331264,1.078445,-0.1372302,-0.1739865,-0.07844481,-1.032018e-09,1.072994,1.54802,-0.7471504,-0.6757355,-0.5480203
900,7.804413e-08,0.3127569,0.4791431,0.3064696,0.4055355,0.5208569,-1.180295e-09,0.4598871,0.8070381,0.05765124,0.08295502,0.1929619,-4.045238e-10,2.313265,3.375523,-2.487374,-2.519885,-2.375523,2.170852e-08,0.2926964,0.4512167,0.3308083,0.4335707,0.5487833,-1.200965e-09,0.5291339,0.901477,-0.008677253,-0.004903569,0.09852298,-8.722201e-10,1.171845,1.744509,-0.9645628,-0.8980577,-0.7445093,3.935386e-09,0.1884227,0.3183515,0.4449451,0.5632568,0.6816485,-9.381515e-10,0.6336912,1.079105,-0.1376764,-0.1746631,-0.07910452,-9.891551e-10,1.071762,1.545662,-0.7447628,-0.673384,-0.5456623
