# sphere; |E|^2/|E0|^2 on the axis above the apex; faces=1564
lambda_nm,Ez2_polz_g3,E2_polz_g3,Ex2_polx_g3,E2_polx_g3,Ez2_polz_g5,E2_polz_g5,Ex2_polx_g5,E2_polx_g5,Ez2_polz_g7,E2_polz_g7,Ex2_polx_g7,E2_polx_g7,Ez2_polz_g10,E2_polz_g10,Ex2_polx_g10,E2_polx_g10,Ez2_polz_g15,E2_polz_g15,Ex2_polx_g15,E2_polx_g15,Ez2_polz_g20,E2_polz_g20,Ex2_polx_g20,E2_polx_g20
400,5.370382,5.375059,0.4337945,0.4337945,3.897928,3.900032,0.5262378,0.5262378,3.025494,3.026502,0.6173282,0.6173282,2.281553,2.281928,0.7262364,0.7262364,1.695185,1.695276,0.839811,0.839811,1.426967,1.426994,0.9007551,0.9007551
405,5.372958,5.377532,0.4310828,0.4310828,3.899188,3.901245,0.5236568,0.5236568,3.026074,3.02706,0.61504,0.61504,2.281659,2.282026,0.724434,0.724434,1.695047,1.695136,0.8386947,0.8386947,1.4268,1.426826,0.9001307,0.9001307
410,5.375968,5.380445,0.42893,0.42893,3.900617,3.902631,0.5214831,0.5214831,3.026702,3.027667,0.6130584,0.6130584,2.281737,2.282096,0.7228397,0.7228397,1.694854,1.694941,0.837693,0.837693,1.426579,1.426605,0.8995698,0.8995698
415,5.373348,5.377725,0.4271012,0.4271013,3.898475,3.900444,0.5196795,0.5196795,3.024928,3.025872,0.6114199,0.6114199,2.280369,2.28072,0.7215165,0.7215165,1.693918,1.694004,0.8368574,0.8368574,1.425915,1.42594,0.8991075,0.8991075
420,5.363806,5.368079,0.4255994,0.4255994,3.891954,3.893877,0.5182787,0.5182787,3.020221,3.021142,0.6101643,0.6101643,2.277238,2.277581,0.7205009,0.7205009,1.692084,1.692167,0.8362133,0.8362133,1.424718,1.424743,0.898761,0.898761
425,5.353374,5.357548,0.4247627,0.4247627,3.884755,3.886633,0.5173935,0.5173935,3.014985,3.015885,0.6093132,0.6093132,2.273731,2.274067,0.719772,0.719772,1.690015,1.690096,0.8357365,0.8357365,1.423362,1.423386,0.8985141,0.8985141
430,5.348702,5.352789,0.424961,0.424961,3.880953,3.882792,0.5171433,0.5171433,3.01187,3.012752,0.6088849,0.6088849,2.271371,2.271699,0.7193014,0.7193014,1.688441,1.688521,0.8353968,0.8353968,1.422254,1.422278,0.8983472,0.8983472
435,5.355099,5.359118,0.4265167,0.4265167,3.883795,3.885603,0.5176391,0.5176391,3.01298,3.013847,0.6089035,0.6089035,2.271363,2.271685,0.719072,0.719072,1.687937,1.688016,0.835173,0.835173,1.421717,1.42174,0.898247,0.898247
440,5.369437,5.3734,0.4293613,0.4293613,3.891332,3.893116,0.5188955,0.5188955,3.017031,3.017886,0.6094111,0.6094111,2.272954,2.273272,0.7191307,0.7191307,1.688134,1.688211,0.8350995,0.8350995,1.42154,1.421563,0.8982367,0.8982367
445,5.38528,5.389194,0.4332902,0.4332902,3.899585,3.901346,0.5209058,0.5209058,3.021411,3.022255,0.6104707,0.6104707,2.274624,2.274938,0.71956,0.71956,1.68829,1.688366,0.8352393,0.8352393,1.421303,1.421326,0.8983583,0.8983583
450,5.395333,5.399195,0.4380741,0.4380741,3.904043,3.905782,0.5236689,0.5236689,3.023168,3.024001,0.612162,0.612162,2.274655,2.274965,0.7204618,0.7204618,1.68757,1.687645,0.8356694,0.8356694,1.420532,1.420554,0.8986628,0.8986628
455,5.393043,5.396845,0.443485,0.443485,3.900669,3.90238,0.5271725,0.5271725,3.01966,3.02048,0.6145502,0.6145502,2.271516,2.271821,0.7219246,0.7219246,1.685231,1.685305,0.8364584,0.8364584,1.418804,1.418826,0.8991958,0.8991958
460,5.382995,5.386732,0.4496817,0.4496817,3.892289,3.893972,0.5314276,0.5314276,3.012739,3.013546,0.6175934,0.6175934,2.266283,2.266583,0.7238904,0.7238904,1.681797,1.68187,0.8375619,0.8375619,1.41642,1.416441,0.8999282,0.8999282
465,5.375172,5.378853,0.4570834,0.4570834,3.885045,3.886702,0.5365036,0.5365036,3.006408,3.007203,0.6212292,0.6212292,2.261269,2.261565,0.7262498,0.7262498,1.678385,1.678457,0.8388913,0.8388913,1.414009,1.414031,0.9008018,0.9008018
470,5.380627,5.384268,0.4662703,0.4662703,3.885696,3.887336,0.5425547,0.5425547,3.005053,3.005839,0.6254434,0.6254434,2.258991,2.259284,0.728916,0.728916,1.676199,1.67627,0.8403676,0.8403676,1.412248,1.41227,0.9017638,0.9017638
475,5.412228,5.415861,0.4779499,0.4779499,3.902099,3.903735,0.5497743,0.5497743,3.013758,3.014543,0.6302237,0.6302237,2.262359,2.262651,0.7317867,0.7317867,1.676625,1.676696,0.8418949,0.8418949,1.411913,1.411935,0.9027499,0.9027499
480,5.484155,5.487821,0.4919509,0.4919509,3.943107,3.944758,0.5576785,0.5576785,3.038387,3.039178,0.6350259,0.6350259,2.274834,2.275129,0.7343766,0.7343766,1.681391,1.681462,0.8431417,0.8431417,1.41401,1.414031,0.9035413,0.9035413
485,5.614614,5.618364,0.5073069,0.5073069,4.020248,4.021937,0.5650996,0.5650996,3.086671,3.08748,0.638735,0.638735,2.301068,2.30137,0.7357718,0.7357718,1.692873,1.692946,0.843505,0.843505,1.419946,1.419968,0.9037411,0.9037411
490,5.82932,5.833219,0.5224607,0.5224607,4.149838,4.151594,0.5702423,0.5702423,3.169579,3.170419,0.6396613,0.6396613,2.347672,2.347985,0.7345964,0.7345964,1.714463,1.714539,0.8420785,0.8420785,1.431736,1.431758,0.9027509,0.9027509
495,6.163588,6.167713,0.5347017,0.5347017,4.354394,4.356252,0.5702097,0.5702097,3.302314,3.303203,0.6351484,0.6351484,2.423868,2.424198,0.728719,0.728719,1.750924,1.751004,0.8374652,0.8374652,1.452225,1.452249,0.8996466,0.8996466
500,6.657831,6.662266,0.5394572,0.5394572,4.659969,4.661967,0.5605773,0.5605773,3.502646,3.5036,0.6212917,0.6212917,2.540571,2.540926,0.7150783,0.7150783,1.807993,1.808079,0.8276765,0.8276765,1.484881,1.484907,0.8931094,0.8931094
505,7.317694,7.322492,0.5312457,0.5312457,5.071121,5.073281,0.5370689,0.5370689,3.774251,3.775283,0.5946939,0.5946939,2.700491,2.700874,0.6911942,0.6911942,1.887393,1.887485,0.8111487,0.8111487,1.530877,1.530905,0.882096,0.882096
510,8.093328,8.098481,0.5047537,0.5047537,5.557855,5.560175,0.4969348,0.4969348,4.097999,4.099106,0.5538142,0.5538142,2.892915,2.893326,0.6563013,0.6563013,1.984185,1.984283,0.7875143,0.7875143,1.587528,1.587557,0.8663577,0.8663577
515,8.868789,8.874209,0.4576794,0.4576794,6.048527,6.050965,0.4414149,0.4414149,4.426937,4.4281,0.5010419,0.5010419,3.090498,3.090929,0.6129337,0.6129337,2.08499,2.085094,0.7586289,0.7586289,1.647167,1.647198,0.8471312,0.8471312
520,9.485204,9.490741,0.394595,0.394595,6.443509,6.445998,0.3780768,0.3780768,4.694838,4.696025,0.4442391,0.4442391,3.253898,3.254338,0.5678714,0.5678714,2.17002,2.170126,0.7291085,0.7291085,1.698204,1.698235,0.8274968,0.8274968
525,9.824123,9.829609,0.3267294,0.3267294,6.667052,6.669517,0.3184841,0.3184842,4.850408,4.851584,0.3938841,0.3938841,3.351885,3.352319,0.5294856,0.5294856,2.223044,2.223148,0.7044638,0.7044638,1.730893,1.730924,0.8111299,0.8111299
530,9.900985,9.906302,0.2644792,0.2644792,6.72671,6.729096,0.2700185,0.2700185,4.897315,4.898453,0.3554881,0.3554881,3.385544,3.385964,0.5015853,0.5015853,2.24386,2.24396,0.6870069,0.6870069,1.74478,1.74481,0.7995592,0.7995592
535,9.799024,9.80411,0.2128627,0.2128627,6.673168,6.675448,0.2342005,0.2342005,4.868294,4.869381,0.3291371,0.3291371,3.373552,3.373954,0.4835855,0.4835855,2.241339,2.241435,0.6761358,0.6761358,1.74483,1.744858,0.7923669,0.7923669
540,9.600159,9.60499,0.1725614,0.1725614,6.55715,6.559315,0.2093366,0.2093366,4.796655,4.797688,0.3124492,0.3124492,3.335369,3.33575,0.4731556,0.4731556,2.225049,2.22514,0.6701757,0.6701757,1.736548,1.736575,0.7884261,0.7884261
545,9.364689,9.36927,0.1419679,0.1419679,6.416408,6.41846,0.1926038,0.1926038,4.707457,4.708435,0.3024544,0.3024544,3.28585,3.286211,0.4677161,0.4677161,2.202445,2.202531,0.6673616,0.6673616,1.724297,1.724322,0.7865561,0.7865561
550,9.130187,9.134538,0.1187717,0.1187717,6.274722,6.276669,0.1812676,0.1812676,4.616647,4.617575,0.2965509,0.2965509,3.234584,3.234926,0.4651271,0.4651271,2.178428,2.178509,0.6662665,0.6662665,1.710983,1.711006,0.785805,0.785805
555,8.911595,8.915735,0.100985,0.1009851,6.141775,6.143627,0.173459,0.173459,4.530861,4.531744,0.293111,0.293111,3.185673,3.185998,0.4641245,0.4641245,2.15517,2.155247,0.6660739,0.6660739,1.697927,1.697949,0.7856322,0.7856322
560,8.707167,8.711116,0.08738525,0.08738525,6.016766,6.018531,0.1683477,0.1683478,4.449754,4.450595,0.2915389,0.2915389,3.139061,3.13937,0.4643169,0.4643169,2.132744,2.132817,0.6665608,0.6665608,1.685216,1.685237,0.7858971,0.7858971
565,8.514433,8.518205,0.07711257,0.07711257,5.89836,5.900045,0.1653855,0.1653855,4.372573,4.373376,0.2914604,0.2914604,3.094409,3.094704,0.4654711,0.4654711,2.111054,2.111123,0.6676009,0.6676009,1.672825,1.672845,0.7865212,0.7865212
570,8.331527,8.335135,0.06952775,0.06952776,5.785544,5.787156,0.1641636,0.1641636,4.298746,4.299513,0.2925961,0.2925961,3.051459,3.051741,0.4674129,0.4674129,2.090022,2.090089,0.6690991,0.6690991,1.660733,1.660752,0.7874457,0.7874457
575,8.157066,8.16052,0.06414386,0.06414386,5.67757,5.679113,0.1643688,0.1643688,4.227848,4.228583,0.2947304,0.2947304,3.010018,3.010288,0.4700061,0.4700061,2.069595,2.069658,0.6709804,0.6709804,1.648926,1.648944,0.7886238,0.7886238
580,7.99003,7.993341,0.06058141,0.06058141,5.573888,5.575366,0.1657538,0.1657538,4.159574,4.160277,0.2976911,0.2976911,2.969951,2.970209,0.473141,0.473141,2.049732,2.049793,0.6731836,0.6731836,1.637395,1.637412,0.7900167,0.7900167
585,7.829772,7.832947,0.05853454,0.05853454,5.47416,5.475577,0.1681128,0.1681128,4.09374,4.094415,0.3013313,0.3013313,2.931183,2.93143,0.4767209,0.4767209,2.030423,2.030481,0.6756529,0.6756529,1.626142,1.626159,0.7915891,0.7915891
590,7.67724,7.680287,0.05769221,0.05769221,5.379034,5.380393,0.1711877,0.1711877,4.030812,4.031459,0.3054388,0.3054388,2.894018,2.894255,0.4805873,0.4805873,2.011836,2.011892,0.6782879,0.6782879,1.615278,1.615294,0.7932742,0.7932742
595,7.533939,7.536866,0.05774915,0.05774915,5.289497,5.290802,0.1747062,0.1747062,3.971473,3.972094,0.3097816,0.3097816,2.858885,2.859113,0.4845618,0.4845618,1.994205,1.994258,0.6809726,0.6809726,1.604942,1.604958,0.7949944,0.7949944
600,7.40064,7.403456,0.05845473,0.05845473,5.206073,5.207328,0.1784575,0.1784575,3.916097,3.916694,0.3141847,0.3141847,2.826025,2.826244,0.4885121,0.4885121,1.977662,1.977714,0.6836218,0.6836218,1.595221,1.595236,0.7966926,0.7966926
605,7.277594,7.280307,0.05960754,0.05960755,5.12895,5.130159,0.1822817,0.1822817,3.864829,3.865404,0.31852,0.31852,2.795542,2.795752,0.4923439,0.4923439,1.962273,1.962322,0.6861755,0.6861755,1.586157,1.586171,0.7983284,0.7983284
610,7.164711,7.167328,0.06104767,0.06104767,5.058101,5.059267,0.18606,0.18606,3.81767,3.818224,0.3226953,0.3226953,2.767449,2.767652,0.495991,0.495991,1.948053,1.9481,0.6885923,0.6885923,1.577764,1.577777,0.7998739,0.7998739
615,7.061691,7.06422,0.06264919,0.06264919,4.993362,4.994488,0.1897047,0.1897047,3.774524,3.775059,0.3266459,0.3266459,2.741704,2.7419,0.4994087,0.4994087,1.934989,1.935034,0.6908443,0.6908443,1.570036,1.570049,0.8013107,0.8013107
620,6.968074,6.97052,0.06431603,0.06431603,4.934463,4.935552,0.1931551,0.1931551,3.735225,3.735743,0.33033,0.33033,2.718215,2.718405,0.5025701,0.5025701,1.923041,1.923085,0.6929159,0.6929159,1.562955,1.562968,0.8026277,0.8026277
625,6.882821,6.885191,0.06600441,0.06600441,4.880767,4.881821,0.1964067,0.1964067,3.699359,3.69986,0.3337578,0.3337578,2.696746,2.696929,0.5054903,0.5054903,1.912095,1.912138,0.6948192,0.6948192,1.556455,1.556467,0.8038335,0.8038335
630,6.804687,6.806986,0.06770281,0.06770281,4.831504,4.832527,0.199485,0.199485,3.666421,3.666907,0.3369658,0.3369658,2.677,2.677178,0.5082054,0.5082054,1.902007,1.902049,0.6965801,0.6965801,1.550453,1.550465,0.8049456,0.8049456
635,6.732639,6.734872,0.06940508,0.06940508,4.786034,4.787028,0.2024138,0.2024138,3.63599,3.636462,0.3399859,0.3399859,2.658733,2.658905,0.5107461,0.5107461,1.892656,1.892696,0.6982209,0.6982209,1.54488,1.544892,0.805979,0.805979
640,6.665816,6.667986,0.07110839,0.07110839,4.743824,4.74479,0.2052141,0.2052141,3.607716,3.608174,0.3428459,0.3428459,2.641739,2.641906,0.5131391,0.5131391,1.88394,1.883979,0.6997604,0.6997604,1.539678,1.539689,0.8069463,0.8069463
645,6.603496,6.605608,0.07281212,0.07281213,4.704426,4.705365,0.2079051,0.2079051,3.581303,3.581749,0.34557,0.34557,2.625845,2.626008,0.5154069,0.5154069,1.875774,1.875812,0.7012147,0.7012147,1.534796,1.534807,0.8078584,0.8078584
650,6.545071,6.547126,0.0745172,0.0745172,4.667461,4.668375,0.2105037,0.2105037,3.556503,3.556936,0.348179,0.348179,2.610906,2.611064,0.5175693,0.5175693,1.868086,1.868123,0.7025977,0.7025977,1.530193,1.530204,0.8087247,0.8087247
655,6.49002,6.492023,0.07622551,0.07622551,4.632606,4.633496,0.2130251,0.2130251,3.533101,3.533524,0.3506915,0.3506915,2.596794,2.596949,0.5196432,0.5196432,1.860814,1.86085,0.7039211,0.7039211,1.525834,1.525844,0.809553,0.809553
660,6.437901,6.439853,0.07793963,0.07793963,4.599584,4.600452,0.2154828,0.2154828,3.510916,3.511327,0.3531236,0.3531236,2.583404,2.583554,0.5216433,0.5216433,1.853904,1.853939,0.7051954,0.7051954,1.521687,1.521697,0.8103503,0.8103503
665,6.388375,6.390279,0.07965858,0.07965858,4.568186,4.569032,0.2178848,0.2178848,3.489809,3.49021,0.3554855,0.3554855,2.570654,2.5708,0.5235793,0.5235793,1.847316,1.84735,0.7064272,0.7064272,1.51773,1.517739,0.811121,0.811121
670,6.341283,6.34314,0.08137109,0.08137109,4.538313,4.539138,0.220226,0.220226,3.469715,3.470106,0.3577745,0.3577745,2.558506,2.558649,0.52545,0.52545,1.841032,1.841065,0.7076158,0.7076158,1.51395,1.51396,0.8118645,0.8118645
675,6.29649,6.298303,0.08306639,0.08306639,4.509883,4.510688,0.2225007,0.2225007,3.450581,3.450963,0.3599876,0.3599876,2.546929,2.547068,0.5272536,0.5272536,1.835036,1.835068,0.7087601,0.7087601,1.510341,1.510351,0.8125798,0.8125798
680,6.253868,6.255639,0.08473601,0.08473601,4.482815,4.483602,0.2247053,0.2247053,3.432354,3.432728,0.362123,0.362123,2.535893,2.536029,0.5289894,0.5289894,1.829314,1.829346,0.7098595,0.7098595,1.506894,1.506903,0.8132664,0.8132664
685,6.213293,6.215024,0.08637331,0.08637331,4.457035,4.457803,0.2268373,0.2268373,3.414986,3.41535,0.3641798,0.3641798,2.525369,2.525502,0.5306572,0.5306572,1.823852,1.823883,0.710914,0.710914,1.5036,1.503608,0.8139242,0.8139242
690,6.174647,6.176339,0.0879731,0.0879731,4.432467,4.433219,0.2288953,0.2288953,3.398426,3.398782,0.366158,0.366158,2.515328,2.515458,0.5322576,0.5322576,1.818635,1.818665,0.711924,0.711924,1.500451,1.500459,0.8145533,0.8145533
695,6.13782,6.139475,0.08953138,0.08953138,4.409045,4.409779,0.2308787,0.2308787,3.382631,3.382979,0.3680584,0.3680584,2.505744,2.505871,0.5337915,0.5337915,1.813651,1.81368,0.7128901,0.7128901,1.49744,1.497448,0.815154,0.815154
700,6.102707,6.104326,0.09104508,0.09104508,4.386702,4.387421,0.2327875,0.2327875,3.367557,3.367897,0.3698817,0.3698817,2.496592,2.496716,0.5352601,0.5352601,1.808887,1.808915,0.713813,0.713813,1.494559,1.494567,0.8157266,0.8157266
705,6.069212,6.070796,0.09251192,0.09251192,4.365379,4.366082,0.234622,0.234622,3.353164,3.353498,0.3716293,0.3716293,2.487848,2.487969,0.5366648,0.5366648,1.804331,1.804359,0.7146937,0.7146937,1.491802,1.49181,0.8162719,0.8162719
710,6.037237,6.038789,0.09393114,0.09393114,4.345015,4.345703,0.236384,0.236384,3.339413,3.339739,0.3733035,0.3733035,2.479489,2.479607,0.5380077,0.5380077,1.799971,1.799998,0.7155337,0.7155337,1.489162,1.489169,0.8167906,0.8167906
715,6.006675,6.008195,0.09530489,0.0953049,4.325543,4.326217,0.2380777,0.2380777,3.326259,3.326578,0.3749091,0.3749091,2.471487,2.471603,0.5392931,0.5392931,1.795794,1.795821,0.7163358,0.7163358,1.48663,1.486638,0.8172846,0.8172846
720,5.977426,5.978915,0.0966357,0.09663571,4.306899,4.30756,0.2397078,0.2397078,3.313659,3.313972,0.3764507,0.3764507,2.463819,2.463933,0.5405249,0.5405249,1.791788,1.791814,0.7171027,0.7171027,1.4842,1.484208,0.8177559,0.8177559
725,5.949398,5.950857,0.09792595,0.09792595,4.289027,4.289674,0.2412784,0.2412784,3.301576,3.301883,0.3779328,0.3779328,2.456461,2.456573,0.541707,0.541707,1.787941,1.787967,0.717837,0.717837,1.481865,1.481872,0.818206,0.818206
730,5.922506,5.923937,0.0991779,0.0991779,4.271873,4.272507,0.2427934,0.2427934,3.289974,3.290275,0.3793593,0.3793593,2.449393,2.449502,0.5428428,0.5428428,1.784242,1.784268,0.7185411,0.7185411,1.479619,1.479626,0.8186366,0.8186366
735,5.896674,5.898078,0.1003937,0.1003937,4.255389,4.256011,0.2442562,0.2442562,3.278822,3.279117,0.3807339,0.3807339,2.442595,2.442702,0.5439355,0.5439355,1.780682,1.780707,0.7192171,0.7192171,1.477455,1.477462,0.8190491,0.8190491
740,5.871831,5.873208,0.1015753,0.1015753,4.23953,4.240141,0.2456702,0.2456702,3.268089,3.268379,0.3820601,0.3820601,2.436049,2.436154,0.544988,0.544988,1.777252,1.777277,0.7198669,0.7198669,1.475369,1.475376,0.8194448,0.8194448
745,5.847914,5.849265,0.1027246,0.1027246,4.224258,4.224857,0.2470385,0.2470386,3.257749,3.258033,0.3833409,0.3833409,2.42974,2.429843,0.5460029,0.5460029,1.773944,1.773968,0.7204923,0.7204923,1.473356,1.473362,0.8198248,0.8198248
750,5.824862,5.826188,0.1038435,0.1038435,4.209533,4.210121,0.248364,0.248364,3.247777,3.248056,0.3845794,0.3845794,2.423653,2.423754,0.5469828,0.5469828,1.77075,1.770773,0.7210951,0.7210951,1.471411,1.471417,0.8201904,0.8201904
755,5.80262,5.803922,0.1049335,0.1049335,4.195321,4.195899,0.2496491,0.2496491,3.23815,3.238423,0.3857782,0.3857782,2.417774,2.417873,0.54793,0.54793,1.767663,1.767686,0.7216768,0.7216768,1.46953,1.469536,0.8205424,0.8205424
760,5.78114,5.782418,0.1059963,0.1059963,4.181592,4.182159,0.2508964,0.2508964,3.228847,3.229115,0.3869397,0.3869397,2.41209,2.412188,0.5488465,0.5488465,1.764677,1.764699,0.7222387,0.7222387,1.46771,1.467716,0.8208819,0.8208819
765,5.760379,5.761635,0.1070327,0.1070327,4.168319,4.168876,0.2521074,0.2521074,3.21985,3.220114,0.3880656,0.3880656,2.406592,2.406687,0.5497338,0.5497338,1.761786,1.761808,0.7227818,0.7227818,1.465947,1.465953,0.8212094,0.8212094
770,5.740302,5.741536,0.1080434,0.1080434,4.15548,4.156027,0.2532836,0.2532836,3.211145,3.211404,0.3891575,0.3891575,2.401269,2.401363,0.5505932,0.5505932,1.758986,1.759008,0.723307,0.723307,1.464239,1.464245,0.8215255,0.8215255
775,5.720874,5.722087,0.1090291,0.1090291,4.143052,4.143589,0.2544262,0.2544262,3.202716,3.202971,0.3902167,0.3902167,2.396114,2.396207,0.5514257,0.5514257,1.756273,1.756295,0.723815,0.723815,1.462583,1.462589,0.8218306,0.8218306
780,5.702064,5.703255,0.1099903,0.1099903,4.131016,4.131544,0.2555365,0.2555365,3.194552,3.194802,0.3912444,0.3912444,2.391119,2.391209,0.5522326,0.5522326,1.753643,1.753664,0.7243065,0.7243065,1.460976,1.460982,0.8221253,0.8221253
785,5.683841,5.685012,0.1109279,0.1109279,4.119353,4.119872,0.2566157,0.2566157,3.186638,3.186884,0.392242,0.392242,2.386275,2.386364,0.5530149,0.5530149,1.751091,1.751112,0.7247823,0.7247823,1.459417,1.459423,0.82241,0.82241
790,5.666177,5.667329,0.1118425,0.1118425,4.108045,4.108555,0.2576649,0.2576649,3.178964,3.179205,0.3932106,0.3932106,2.381576,2.381664,0.5537736,0.5537736,1.748615,1.748635,0.725243,0.725243,1.457903,1.457909,0.8226852,0.8226852
795,5.649047,5.65018,0.1127346,0.1127346,4.097076,4.097578,0.2586852,0.2586852,3.171517,3.171755,0.3941514,0.3941514,2.377016,2.377102,0.5545096,0.5545096,1.74621,1.746229,0.7256892,0.7256892,1.456432,1.456438,0.8229511,0.8229511
800,5.632425,5.633539,0.113605,0.113605,4.08643,4.086924,0.2596777,0.2596777,3.164289,3.164522,0.3950654,0.3950654,2.372587,2.372672,0.555224,0.555224,1.743873,1.743892,0.7261216,0.7261216,1.455003,1.455008,0.8232083,0.8232083
805,5.616289,5.617385,0.1144544,0.1144544,4.076093,4.076579,0.2606434,0.2606434,3.157268,3.157498,0.3959538,0.3959538,2.368285,2.368368,0.5559174,0.5559174,1.741602,1.741621,0.7265407,0.7265407,1.453613,1.453618,0.8234571,0.8234571
810,5.600616,5.601694,0.1152832,0.1152832,4.06605,4.066528,0.2615834,0.2615834,3.150447,3.150672,0.3968174,0.3968174,2.364102,2.364184,0.5565909,0.5565909,1.739394,1.739412,0.726947,0.726947,1.452261,1.452266,0.8236978,0.8236978
815,5.585386,5.586447,0.1160922,0.1160922,4.05629,4.05676,0.2624984,0.2624984,3.143815,3.144037,0.3976573,0.3976573,2.360036,2.360116,0.5572452,0.5572452,1.737245,1.737264,0.7273411,0.7273411,1.450945,1.450951,0.8239308,0.8239308
820,5.57058,5.571624,0.1168819,0.1168819,4.046798,4.047261,0.2633895,0.2633895,3.137365,3.137583,0.3984743,0.3984743,2.356079,2.356159,0.5578809,0.5578809,1.735154,1.735173,0.7277234,0.7277234,1.449664,1.449669,0.8241563,0.8241563
825,5.556179,5.557207,0.1176529,0.1176529,4.037565,4.03802,0.2642575,0.2642575,3.131089,3.131304,0.3992693,0.3992693,2.352229,2.352307,0.558499,0.558499,1.733119,1.733137,0.7280945,0.7280945,1.448417,1.448422,0.8243748,0.8243748
830,5.542174,5.543187,0.1184055,0.1184055,4.028584,4.029032,0.2651028,0.2651028,3.124983,3.125195,0.4000427,0.4000427,2.348482,2.348559,0.5590996,0.5590996,1.731137,1.731154,0.7284546,0.7284546,1.447202,1.447206,0.8245863,0.8245863
835,5.528559,5.529556,0.11914,0.11914,4.019851,4.020292,0.2659259,0.2659259,3.119045,3.119254,0.4007951,0.4007951,2.344836,2.344912,0.5596833,0.5596833,1.729208,1.729225,0.7288039,0.7288039,1.446018,1.446023,0.824791,0.824791
840,5.515326,5.516307,0.1198567,0.1198567,4.011361,4.011796,0.266727,0.266727,3.113271,3.113476,0.4015266,0.4015266,2.341291,2.341365,0.5602503,0.5602503,1.727331,1.727348,0.7291427,0.7291427,1.444867,1.444872,0.8249891,0.8249891
845,5.502468,5.503435,0.1205556,0.1205556,4.00311,4.003538,0.2675067,0.2675067,3.107658,3.107861,0.4022378,0.4022378,2.337843,2.337916,0.5608009,0.5608009,1.725505,1.725522,0.7294711,0.7294711,1.443746,1.443751,0.8251807,0.8251807
850,5.489977,5.49093,0.1212372,0.1212372,3.995094,3.995515,0.2682652,0.2682652,3.102204,3.102403,0.402929,0.402929,2.334492,2.334564,0.5613354,0.5613354,1.723729,1.723746,0.7297895,0.7297895,1.442656,1.44266,0.825366,0.825366
855,5.477848,5.478787,0.1219016,0.1219016,3.987307,3.987722,0.2690029,0.2690029,3.096905,3.097101,0.4036006,0.4036006,2.331235,2.331306,0.5618543,0.5618543,1.722002,1.722019,0.7300979,0.7300979,1.441595,1.4416,0.8255452,0.8255452
860,5.466072,5.466997,0.122549,0.122549,3.979745,3.980155,0.2697201,0.2697201,3.091758,3.091951,0.4042529,0.4042529,2.32807,2.32814,0.5623577,0.5623577,1.720324,1.72034,0.7303966,0.7303966,1.440563,1.440568,0.8257182,0.8257182
865,5.454642,5.455554,0.1231797,0.1231797,3.972405,3.972808,0.2704173,0.2704173,3.08676,3.086951,0.4048862,0.4048862,2.324996,2.325065,0.5628459,0.5628459,1.718693,1.718709,0.7306859,0.7306859,1.43956,1.439565,0.8258854,0.8258854
870,5.443552,5.444451,0.123794,0.123794,3.96528,3.965678,0.2710948,0.2710948,3.081908,3.082096,0.4055011,0.4055011,2.322011,2.32208,0.5633194,0.5633194,1.717108,1.717124,0.7309658,0.7309658,1.438585,1.43859,0.8260467,0.8260467
875,5.432794,5.43368,0.1243919,0.1243919,3.958368,3.95876,0.2717528,0.2717528,3.0772,3.077385,0.4060977,0.4060977,2.319114,2.319181,0.5637783,0.5637783,1.715569,1.715584,0.7312367,0.7312367,1.437638,1.437642,0.8262024,0.8262024
880,5.422361,5.423234,0.1249739,0.1249739,3.951663,3.952049,0.2723919,0.2723919,3.072631,3.072814,0.4066764,0.4066764,2.316301,2.316367,0.5642231,0.5642231,1.714074,1.714089,0.7314986,0.7314986,1.436717,1.436721,0.8263526,0.8263526
885,5.412246,5.413107,0.12554,0.12554,3.94516,3.945541,0.2730122,0.2730122,3.0682,3.06838,0.4072377,0.4072377,2.313572,2.313637,0.5646538,0.5646538,1.712622,1.712637,0.7317518,0.7317518,1.435823,1.435827,0.8264973,0.8264973
890,5.402442,5.403291,0.1260906,0.1260906,3.938856,3.939232,0.2736142,0.2736142,3.063903,3.064081,0.4077818,0.4077818,2.310925,2.310989,0.565071,0.565071,1.711214,1.711228,0.7319966,0.7319966,1.434954,1.434958,0.8266368,0.8266368
895,5.392942,5.39378,0.1266258,0.1266258,3.932747,3.933118,0.2741981,0.2741981,3.059737,3.059913,0.408309,0.408309,2.308357,2.30842,0.5654747,0.5654747,1.709847,1.709861,0.732233,0.732233,1.434111,1.434115,0.8267712,0.8267712
900,5.383733,5.38456,0.1271464,0.1271464,3.926822,3.927188,0.2747649,0.2747649,3.055697,3.05587,0.4088202,0.4088202,2.305866,2.305928,0.5658657,0.5658657,1.708519,1.708534,0.7324614,0.7324614,1.433292,1.433295,0.8269006,0.8269006
