# rod; |E|^2/|E0|^2 on the axis above the apex; faces=1550
lambda_nm,Ez2_polz_g3,E2_polz_g3,Ex2_polx_g3,E2_polx_g3,Ez2_polz_g5,E2_polz_g5,Ex2_polx_g5,E2_polx_g5,Ez2_polz_g7,E2_polz_g7,Ex2_polx_g7,E2_polx_g7,Ez2_polz_g10,E2_polz_g10,Ex2_polx_g10,E2_polx_g10,Ez2_polz_g15,E2_polz_g15,Ex2_polx_g15,E2_polx_g15,Ez2_polz_g20,E2_polz_g20,Ex2_polx_g20,E2_polx_g20
400,4.94017,4.941423,0.4218835,0.4218851,3.152404,3.152833,0.572673,0.5726735,2.290013,2.290183,0.686259,0.6862592,1.67606,1.676111,0.7968278,0.7968278,1.282857,1.282867,0.8912605,0.8912605,1.136302,1.136305,0.9348629,0.9348629
405,4.953155,4.954379,0.4199869,0.4199885,3.159519,3.159939,0.5710538,0.5710543,2.294455,2.294621,0.6849517,0.6849519,1.678739,1.67879,0.795908,0.7959081,1.284547,1.284557,0.8907731,0.8907731,1.137684,1.137687,0.9346351,0.9346351
410,4.958908,4.960106,0.4183824,0.418384,3.162136,3.162547,0.5696149,0.5696154,2.295842,2.296005,0.683766,0.6837662,1.679503,1.679552,0.795062,0.7950621,1.285167,1.285177,0.8903211,0.8903211,1.138375,1.138377,0.934425,0.934425
415,4.961199,4.962371,0.4171756,0.4171772,3.163372,3.163774,0.5685237,0.5685242,2.296743,2.296902,0.682854,0.6828542,1.680303,1.680351,0.7944008,0.7944008,1.286027,1.286036,0.8899674,0.8899674,1.139308,1.13931,0.93427,0.93427
420,4.960118,4.961262,0.4164177,0.4164193,3.163453,3.163845,0.5678349,0.5678354,2.297411,2.297567,0.6822618,0.682262,1.681375,1.681422,0.7939569,0.793957,1.287305,1.287314,0.8897304,0.8897305,1.140619,1.140621,0.9341814,0.9341814
425,4.950465,4.951583,0.4160594,0.4160609,3.158391,3.158775,0.5674159,0.5674164,2.2947,2.294852,0.6818612,0.6818613,1.680414,1.68046,0.793635,0.7936351,1.287507,1.287516,0.8895567,0.8895568,1.141258,1.141261,0.9341278,0.9341278
430,4.926779,4.927873,0.416044,0.4160456,3.143955,3.14433,0.567117,0.5671175,2.285253,2.285402,0.6815071,0.6815073,1.674954,1.674999,0.7933268,0.7933268,1.285029,1.285037,0.8893856,0.8893856,1.140103,1.140105,0.9340736,0.9340736
435,4.88487,4.885945,0.4163393,0.4163409,3.116896,3.117265,0.5668237,0.5668242,2.266496,2.266642,0.6810859,0.6810861,1.663106,1.66315,0.7929464,0.7929464,1.278647,1.278656,0.8891687,0.8891688,1.136299,1.136302,0.9339905,0.9339906
440,4.827062,4.828123,0.4170273,0.4170289,3.079107,3.079471,0.566636,0.5666365,2.239979,2.240123,0.6806838,0.680684,1.646045,1.646089,0.7925549,0.7925549,1.269151,1.269159,0.8889401,0.8889401,1.130411,1.130413,0.933899,0.933899
445,4.757919,4.758966,0.4182454,0.4182472,3.034265,3.034624,0.5667472,0.5667477,2.208684,2.208827,0.6804726,0.6804728,1.626009,1.626053,0.7922762,0.7922763,1.258023,1.258031,0.8887691,0.8887691,1.123489,1.123492,0.9338404,0.9338404
450,4.682196,4.68323,0.4201541,0.4201559,2.986189,2.986544,0.5673824,0.5673829,2.175708,2.175849,0.6806529,0.6806531,1.605317,1.60536,0.7922556,0.7922557,1.246793,1.246801,0.8887374,0.8887374,1.116615,1.116617,0.9338635,0.9338635
455,4.604041,4.605059,0.4228897,0.4228915,2.938147,2.938496,0.5687422,0.5687428,2.143663,2.143802,0.6814054,0.6814056,1.585901,1.585944,0.7926249,0.792625,1.236722,1.236731,0.8889197,0.8889197,1.110671,1.110673,0.9340129,0.9340129
460,4.521865,4.522866,0.4263658,0.4263676,2.888534,2.888877,0.570694,0.5706945,2.111101,2.111237,0.6826099,0.6826101,1.566581,1.566622,0.7932964,0.7932965,1.226977,1.226986,0.8892665,0.8892666,1.105047,1.105049,0.9342593,0.9342593
465,4.43152,4.432504,0.4304217,0.4304237,2.833608,2.833946,0.5729587,0.5729593,2.07481,2.074944,0.684008,0.6840082,1.54484,1.544881,0.7940793,0.7940793,1.21584,1.215848,0.8896698,0.8896698,1.098512,1.098515,0.9345381,0.9345381
470,4.328627,4.329601,0.4349355,0.4349376,2.769478,2.769813,0.5752556,0.5752562,2.031483,2.031615,0.6853294,0.6853296,1.518112,1.518153,0.79477,0.7947701,1.201572,1.20158,0.8900129,0.8900129,1.089828,1.08983,0.93478,0.93478
475,4.209513,4.210484,0.4397728,0.439775,2.692684,2.693018,0.5772549,0.5772556,1.978103,1.978236,0.6862534,0.6862537,1.484017,1.484057,0.7951253,0.7951254,1.182546,1.182554,0.8901551,0.8901551,1.077831,1.077834,0.9349003,0.9349003
480,4.07961,4.080591,0.444259,0.4442614,2.605566,2.605903,0.5782684,0.5782692,1.91566,1.915794,0.6862055,0.6862058,1.442719,1.442759,0.794737,0.7947371,1.15856,1.158568,0.8898633,0.8898633,1.062272,1.062274,0.9347569,0.9347569
485,3.948713,3.949718,0.4471161,0.4471188,2.513219,2.513564,0.5771673,0.5771681,1.847014,1.847151,0.6842856,0.6842859,1.395541,1.395582,0.7929816,0.7929816,1.130032,1.13004,0.8887837,0.8887838,1.043281,1.043283,0.9341326,0.9341326
490,3.825135,3.826183,0.4464556,0.4464588,2.41978,2.42014,0.5723259,0.5723268,1.774316,1.774458,0.6792106,0.6792109,1.343293,1.343337,0.7889757,0.7889758,1.097037,1.097045,0.8864169,0.8864169,1.020741,1.020744,0.9327211,0.9327211
495,3.714592,3.715706,0.4394652,0.4394689,2.327869,2.328251,0.5614236,0.5614247,1.698657,1.698809,0.6691799,0.6691803,1.286047,1.286093,0.7814935,0.7814936,1.059155,1.059164,0.8820736,0.8820736,0.9941776,0.99418,0.9301001,0.9301001
500,3.617041,3.618247,0.4224006,0.4224051,2.23722,2.237635,0.5415815,0.5415828,1.619411,1.619576,0.6520264,0.6520269,1.222872,1.222922,0.7690894,0.7690896,1.015401,1.015411,0.8749489,0.8749489,0.9627277,0.9627303,0.9257765,0.9257765
505,3.521017,3.522335,0.3929246,0.39293,2.143288,2.143741,0.5115467,0.5115483,1.534502,1.534681,0.6269868,0.6269874,1.152933,1.152988,0.7513315,0.7513316,0.9654295,0.9654403,0.86482,0.8648201,0.9261711,0.9261739,0.919612,0.919612
510,3.410595,3.412026,0.3514019,0.3514081,2.040051,2.040543,0.4727423,0.4727441,1.441521,1.441716,0.5955041,0.5955047,1.075659,1.075719,0.7293388,0.729339,0.9093379,0.9093496,0.8523434,0.8523434,0.8846914,0.8846945,0.9120033,0.9120033
515,3.281257,3.282779,0.302009,0.3020156,1.927028,1.927551,0.4298347,0.4298367,1.341067,1.341274,0.5615524,0.5615531,0.9919104,0.9919733,0.7059486,0.7059488,0.8478209,0.8478333,0.8391303,0.8391304,0.8388078,0.8388111,0.903926,0.9039261
520,3.162638,3.164207,0.2525871,0.2525938,1.82068,1.821219,0.3899871,0.3899891,1.243234,1.243448,0.5308711,0.5308718,0.9073053,0.9073701,0.6851202,0.6851203,0.7836616,0.7836743,0.8273983,0.8273983,0.7902159,0.7902192,0.8967238,0.8967238
525,3.128654,3.130217,0.2112153,0.2112216,1.760156,1.760693,0.3595479,0.3595497,1.171296,1.171509,0.5082731,0.5082737,0.8343896,0.8344541,0.6700709,0.6700711,0.7228395,0.7228521,0.8189327,0.8189327,0.742446,0.7424492,0.8914852,0.8914852
530,3.256921,3.25844,0.1808645,0.18087,1.785058,1.78558,0.3397627,0.3397643,1.147648,1.147855,0.4943698,0.4943704,0.7841637,0.7842262,0.6610796,0.6610798,0.6697481,0.6697602,0.813868,0.813868,0.6976834,0.6976866,0.8883012,0.8883012
535,3.615733,3.617186,0.1605355,0.1605401,1.930434,1.930933,0.328672,0.3286733,1.191915,1.192112,0.4873184,0.4873188,0.7658584,0.765918,0.6567761,0.6567762,0.6275992,0.6276107,0.8114236,0.8114236,0.6572217,0.6572247,0.886707,0.886707
540,4.272133,4.273512,0.1478914,0.1478954,2.231688,2.232161,0.3236492,0.3236503,1.324319,1.324506,0.4848871,0.4848875,0.7891703,0.7892267,0.655576,0.6555761,0.5998123,0.5998232,0.8107077,0.8107077,0.6224373,0.6224402,0.8861667,0.8861667
545,5.298535,5.299841,0.1404843,0.1404876,2.727213,2.727661,0.3223399,0.3223408,1.566646,1.566823,0.4851586,0.4851589,0.8642793,0.8643326,0.6561449,0.656145,0.5896867,0.5896969,0.8109714,0.8109714,0.5944599,0.5944625,0.8862275,0.8862275
550,6.784522,6.78576,0.1362806,0.1362834,3.463668,3.464092,0.3229604,0.3229612,1.944601,1.944769,0.4867203,0.4867206,1.002399,1.002449,0.6575129,0.657513,0.600124,0.6001337,0.8116705,0.8116705,0.5737689,0.5737713,0.8865583,0.8865583
555,8.877672,8.878849,0.1340207,0.1340231,4.518229,4.518632,0.3245266,0.3245273,2.501145,2.501304,0.4888259,0.4888262,1.222834,1.222882,0.6591794,0.6591794,0.6367441,0.6367533,0.8125259,0.8125259,0.5618662,0.5618685,0.8869885,0.8869885
560,11.84329,11.84441,0.1332343,0.1332363,6.032883,6.033266,0.3267933,0.3267939,3.318243,3.318394,0.4913284,0.4913286,1.565532,1.565577,0.6610627,0.6610627,0.7141901,0.7141987,0.8134969,0.8134969,0.5650402,0.5650424,0.8874936,0.8874936
565,16.09572,16.09679,0.1336253,0.1336271,8.230853,8.231218,0.3296285,0.3296289,4.525937,4.526081,0.4941595,0.4941597,2.095018,2.095061,0.6631308,0.6631309,0.8571199,0.8571281,0.8145695,0.8145695,0.5945042,0.5945063,0.8880655,0.8880655
570,22.28328,22.2843,0.1349742,0.1349757,11.46337,11.46372,0.3329339,0.3329343,6.33037,6.330507,0.497268,0.4972681,2.915032,2.915073,0.6653595,0.6653595,1.106402,1.106409,0.8157328,0.8157329,0.669572,0.669574,0.8886979,0.8886979
575,31.42475,31.42572,0.1371124,0.1371137,16.28595,16.28628,0.3366324,0.3366327,9.060284,9.060415,0.5006127,0.5006128,4.193569,4.193608,0.6677284,0.6677284,1.530346,1.530354,0.8169777,0.8169777,0.8237536,0.8237555,0.889385,0.889385
580,45.08825,45.08918,0.1399064,0.1399075,23.56061,23.56093,0.3406608,0.3406611,13.23113,13.23126,0.5041585,0.5041586,6.198973,6.199011,0.6702195,0.6702195,2.242111,2.242118,0.8182953,0.8182953,1.114817,1.114819,0.8901218,0.8901218
585,65.48433,65.48522,0.1432428,0.1432438,34.51772,34.51802,0.3449607,0.344961,19.58993,19.59004,0.5078705,0.5078706,9.330607,9.330642,0.6728131,0.6728131,3.41852,3.418527,0.8196756,0.8196756,1.63757,1.637572,0.8909019,0.8909019
590,94.95737,94.95823,0.1469572,0.146958,50.49452,50.49481,0.3494129,0.3494132,28.97254,28.97265,0.5116607,0.5116608,14.05705,14.05708,0.6754506,0.6754506,5.284044,5.284051,0.8210854,0.8210854,2.521102,2.521104,0.8917049,0.8917049
595,133.8987,133.8996,0.150867,0.1508678,71.81101,71.81129,0.3538751,0.3538753,41.64874,41.64885,0.5154203,0.5154203,20.59104,20.59107,0.6780579,0.6780579,7.986534,7.98654,0.8224824,0.8224824,3.872269,3.872271,0.8925043,0.8925043
600,176.3512,176.352,0.1548323,0.1548329,95.34487,95.34514,0.3582425,0.3582427,55.86583,55.86594,0.5190702,0.5190702,28.12552,28.12555,0.6805814,0.6805814,11.27046,11.27046,0.8238357,0.8238357,5.606377,5.606379,0.8932806,0.8932806
605,208.0461,208.0468,0.1587482,0.1587488,113.33,113.3303,0.3624407,0.3624408,67.03871,67.03881,0.5225554,0.5225555,34.32759,34.32762,0.6829839,0.6829839,14.19563,14.19563,0.8251238,0.8251238,7.266951,7.266953,0.8940203,0.8940203
610,216.5509,216.5516,0.1625378,0.1625383,118.7835,118.7837,0.3664182,0.3664183,70.88097,70.88107,0.5258389,0.525839,36.8636,36.86363,0.6852408,0.6852408,15.69584,15.69584,0.8263322,0.8263322,8.265348,8.265349,0.8947138,0.8947138
615,203.884,203.8847,0.1661452,0.1661457,112.5461,112.5463,0.3701405,0.3701406,67.69439,67.69448,0.5288968,0.5288968,35.70521,35.70523,0.6873362,0.6873362,15.60996,15.60996,0.8274515,0.8274515,8.438797,8.438799,0.8953552,0.8953552
620,181.2922,181.2929,0.1695333,0.1695337,100.6526,100.6528,0.3735882,0.3735883,60.97634,60.97643,0.5317166,0.5317166,32.57068,32.57071,0.6892622,0.6892623,14.5801,14.5801,0.8284769,0.8284769,8.070601,8.070603,0.895941,0.895941
625,157.496,157.4967,0.1727072,0.1727076,87.89983,87.90006,0.376779,0.3767791,53.59706,53.59715,0.5343158,0.5343158,28.95603,28.95606,0.6910321,0.6910321,13.23848,13.23848,0.8294157,0.8294157,7.484258,7.484259,0.8964756,0.8964756
630,136.2535,136.2541,0.1756948,0.1756951,76.40936,76.40957,0.3797495,0.3797495,46.86668,46.86677,0.5367266,0.5367266,25.5816,25.58162,0.692669,0.692669,11.91964,11.91964,0.8302812,0.8302812,6.867148,6.867149,0.8969669,0.8969669
635,118.4921,118.4927,0.1785209,0.1785212,66.74288,66.7431,0.382531,0.382531,41.1598,41.15988,0.5389765,0.5389765,22.67807,22.6781,0.6941928,0.6941928,10.74955,10.74955,0.8310846,0.8310846,6.299075,6.299076,0.8974217,0.8974217
640,103.9839,103.9845,0.1812076,0.1812079,58.81087,58.81108,0.3851505,0.3851506,36.44967,36.44975,0.5410889,0.5410889,20.25623,20.25626,0.6956203,0.6956203,9.752619,9.752623,0.8318354,0.8318354,5.803222,5.803223,0.8978457,0.8978457
645,92.17976,92.18034,0.1837743,0.1837745,52.33374,52.33394,0.3876314,0.3876315,32.58579,32.58587,0.5430839,0.5430839,18.25311,18.25313,0.696966,0.696966,8.914673,8.914677,0.8325419,0.8325419,5.379032,5.379033,0.8982438,0.8982438
650,82.5266,82.52717,0.1862381,0.1862383,47.02084,47.02103,0.3899938,0.3899938,29.40439,29.40446,0.5449788,0.5449789,16.59266,16.59268,0.6982422,0.6982422,8.21106,8.211064,0.8332109,0.8332109,5.017927,5.017928,0.8986203,0.8986203
655,74.55984,74.56039,0.1886143,0.1886145,42.62468,42.62486,0.3922552,0.3922553,26.76339,26.76346,0.5467888,0.5467888,15.20638,15.2064,0.6994595,0.6994595,7.617295,7.617299,0.8338485,0.8338485,4.709783,4.709784,0.8989788,0.8989788
660,67.91358,67.91412,0.1909165,0.1909167,38.94879,38.94897,0.3944311,0.3944311,24.54883,24.5489,0.5485268,0.5485268,14.03819,14.03821,0.7006274,0.7006274,7.112333,7.112336,0.83446,0.83446,4.445264,4.445265,0.8993224,0.8993224
665,62.31328,62.31381,0.1931536,0.1931537,35.8451,35.84528,0.3965318,0.3965318,22.6743,22.67436,0.5502018,0.5502018,13.04505,13.04507,0.7017521,0.7017521,6.679609,6.679612,0.8350488,0.8350488,4.21677,4.216771,0.8996533,0.8996533
670,57.56257,57.56308,0.1953237,0.1953239,33.20748,33.20766,0.398558,0.3985581,21.0777,21.07777,0.5518147,0.5518147,12.19591,12.19593,0.7028343,0.7028343,6.307046,6.30705,0.8356152,0.8356152,4.018688,4.018689,0.8999713,0.8999713
675,53.5052,53.50571,0.1974248,0.197425,30.95113,30.9513,0.4005095,0.4005096,19.70915,19.70922,0.5533657,0.5533657,11.46556,11.46558,0.7038739,0.7038739,5.984625,5.984629,0.8361588,0.8361588,3.846233,3.846234,0.9002763,0.9002763
680,50.01555,50.01604,0.1994557,0.1994558,29.00761,29.00778,0.4023869,0.402387,18.5282,18.52827,0.5548555,0.5548555,10.83337,10.83339,0.7048715,0.7048715,5.703994,5.703998,0.83668,0.83668,3.695332,3.695333,0.9005682,0.9005682
685,46.99327,46.99375,0.2014159,0.2014161,27.3221,27.32226,0.4041912,0.4041913,17.50232,17.50238,0.5562851,0.5562851,10.28263,10.28265,0.7058278,0.7058278,5.458301,5.458304,0.8371788,0.8371788,3.562589,3.56259,0.9008471,0.9008471
690,44.35826,44.35873,0.2033059,0.203306,25.8507,25.85086,0.4059239,0.4059239,16.60539,16.60545,0.5576559,0.5576559,9.799873,9.799891,0.7067436,0.7067436,5.241952,5.241955,0.8376557,0.8376557,3.445197,3.445198,0.9011131,0.9011131
695,42.04639,42.04685,0.2051261,0.2051262,24.55824,24.5584,0.4075866,0.4075866,15.8164,15.81646,0.5589695,0.5589695,9.374196,9.374214,0.70762,0.70762,5.05039,5.050393,0.8381111,0.8381111,3.34085,3.340851,0.9013664,0.9013664
700,40.00606,40.00651,0.2068777,0.2068778,23.41635,23.4165,0.4091812,0.4091812,15.11841,15.11847,0.5602275,0.5602275,8.996773,8.99679,0.7084581,0.7084581,4.879891,4.879894,0.8385456,0.8385456,3.247644,3.247645,0.9016074,0.9016074
705,38.1955,38.19594,0.2085619,0.208562,22.40201,22.40216,0.4107095,0.4107095,14.49763,14.49768,0.5614315,0.5614315,8.660404,8.660421,0.7092591,0.7092591,4.727398,4.727401,0.8389598,0.8389598,3.16401,3.16401,0.9018363,0.9018363
710,36.58026,36.58069,0.2101807,0.2101808,21.49623,21.49638,0.4121742,0.4121742,13.94264,13.94269,0.5625837,0.5625837,8.359104,8.35912,0.7100243,0.7100244,4.590352,4.590355,0.8393543,0.8393543,3.088619,3.08862,0.9020535,0.9020535
715,35.13107,35.13149,0.2117381,0.2117381,20.68283,20.68297,0.4135793,0.4135793,13.4437,13.44375,0.5636876,0.5636876,8.087739,8.087755,0.7107563,0.7107563,4.466539,4.466542,0.8397307,0.8397307,3.020315,3.020316,0.9022599,0.9022599
720,33.8239,33.82432,0.2132379,0.213238,19.94851,19.94865,0.4149288,0.4149289,12.9928,12.99285,0.5647464,0.5647464,7.842078,7.842093,0.7114574,0.7114574,4.354124,4.354127,0.8400901,0.8400901,2.958135,2.958135,0.9024562,0.9024562
725,32.63907,32.63947,0.214684,0.214684,19.28236,19.28249,0.4162266,0.4162266,12.58335,12.58341,0.5657634,0.5657634,7.618633,7.618649,0.7121297,0.7121297,4.251592,4.251595,0.8404338,0.8404338,2.901279,2.90128,0.9026433,0.9026433
730,31.56027,31.56067,0.2160796,0.2160797,18.67535,18.67548,0.417476,0.417476,12.2099,12.20995,0.5667412,0.5667412,7.414513,7.414528,0.7127753,0.7127753,4.157682,4.157684,0.840763,0.840763,2.849081,2.849082,0.9028217,0.9028217
735,30.57392,30.57431,0.217428,0.217428,18.11993,18.12006,0.4186802,0.4186802,11.86788,11.86794,0.5676825,0.5676825,7.227295,7.22731,0.7133959,0.7133959,4.071333,4.071335,0.8410786,0.8410786,2.800979,2.80098,0.9029922,0.9029922
740,29.6686,29.66898,0.218732,0.218732,17.60978,17.6099,0.4198421,0.4198421,11.55347,11.55352,0.5685898,0.5685898,7.054941,7.054955,0.7139933,0.7139933,3.991651,3.991653,0.8413816,0.8413816,2.756497,2.756498,0.9031552,0.9031552
745,28.83467,28.83505,0.2199944,0.2199944,17.13952,17.13965,0.4209644,0.4209644,11.2634,11.26345,0.5694652,0.5694652,6.89572,6.895734,0.7145689,0.7145689,3.917874,3.917877,0.8416728,0.8416728,2.71523,2.71523,0.9033114,0.9033114
750,28.06393,28.0643,0.2212177,0.2212177,16.70461,16.70474,0.4220497,0.4220497,10.99492,10.99497,0.5703108,0.5703108,6.748157,6.748171,0.7151243,0.7151243,3.849352,3.849355,0.8419532,0.8419532,2.676828,2.676829,0.9034612,0.9034612
755,27.34936,27.34972,0.2224042,0.2224042,16.30114,16.30126,0.4231001,0.4231002,10.74566,10.74571,0.5711285,0.5711285,6.610985,6.610998,0.7156607,0.7156607,3.785525,3.785527,0.8422233,0.8422233,2.640993,2.640994,0.903605,0.903605
760,26.68494,26.6853,0.2235561,0.2235561,15.92576,15.92587,0.4241179,0.424118,10.51358,10.51363,0.5719201,0.5719201,6.483116,6.483129,0.7161794,0.7161794,3.72591,3.725912,0.8424839,0.8424839,2.607465,2.607466,0.9037432,0.9037432
765,26.06564,26.06598,0.2246749,0.224675,15.57565,15.57577,0.4251046,0.4251047,10.29698,10.29703,0.5726867,0.5726867,6.363638,6.363651,0.7166811,0.7166811,3.670102,3.670104,0.8427355,0.8427355,2.576027,2.576028,0.9038762,0.9038762
770,25.4871,25.48744,0.225762,0.225762,15.24841,15.24852,0.4260616,0.4260616,10.09439,10.09443,0.5734295,0.5734295,6.251765,6.251778,0.7171668,0.7171668,3.617753,3.617755,0.8429785,0.8429785,2.546491,2.546492,0.9040042,0.9040042
775,24.94552,24.94586,0.2268185,0.2268186,14.9419,14.94201,0.42699,0.42699,9.904508,9.904552,0.5741495,0.5741495,6.146803,6.146816,0.717637,0.717637,3.568553,3.568556,0.8432131,0.8432131,2.518691,2.518692,0.9041274,0.9041274
780,24.43754,24.43787,0.2278457,0.2278457,14.65426,14.65437,0.4278911,0.4278911,9.726203,9.726246,0.5748477,0.5748477,6.048139,6.048152,0.7180925,0.7180925,3.52223,3.522232,0.84344,0.84344,2.492479,2.492479,0.904246,0.904246
785,23.96018,23.9605,0.2288447,0.2288447,14.38382,14.38392,0.428766,0.428766,9.558459,9.558502,0.5755251,0.5755251,5.95523,5.955242,0.7185339,0.7185339,3.47854,3.478542,0.8436592,0.8436592,2.467723,2.467723,0.9043603,0.9043603
790,23.5108,23.51111,0.2298165,0.2298165,14.1291,14.1292,0.4296158,0.4296158,9.400378,9.400419,0.5761824,0.5761824,5.86759,5.867602,0.7189618,0.7189618,3.437265,3.437267,0.8438713,0.8438713,2.444305,2.444305,0.9044703,0.9044703
795,23.08703,23.08735,0.2307622,0.2307623,13.88879,13.88889,0.4304415,0.4304415,9.251155,9.251196,0.5768206,0.5768206,5.784787,5.784799,0.7193767,0.7193767,3.398212,3.398214,0.8440764,0.8440764,2.422119,2.42212,0.9045764,0.9045764
800,22.68679,22.6871,0.2316829,0.2316829,13.66171,13.66182,0.4312441,0.4312442,9.110074,9.110114,0.5774404,0.5774404,5.706434,5.706445,0.7197792,0.7197792,3.361206,3.361208,0.844275,0.844275,2.401072,2.401072,0.9046787,0.9046787
805,22.30818,22.30848,0.2325793,0.2325793,13.44682,13.44692,0.4320246,0.4320246,8.976491,8.976531,0.5780426,0.5780426,5.632183,5.632194,0.7201699,0.7201699,3.32609,3.326092,0.8444672,0.8444672,2.381076,2.381077,0.9047773,0.9047773
810,21.94952,21.94981,0.2334525,0.2334525,13.24316,13.24326,0.4327837,0.4327837,8.849827,8.849866,0.5786279,0.5786279,5.561721,5.561732,0.7205492,0.7205492,3.292723,3.292725,0.8446533,0.8446533,2.362056,2.362056,0.9048724,0.9048724
815,21.60927,21.60957,0.2343033,0.2343033,13.04987,13.04997,0.4335224,0.4335224,8.72956,8.729598,0.5791969,0.5791969,5.494765,5.494776,0.7209175,0.7209175,3.260977,3.260979,0.8448337,0.8448337,2.34394,2.34394,0.9049641,0.9049641
820,21.28607,21.28636,0.2351325,0.2351325,12.8662,12.8663,0.4342413,0.4342414,8.615218,8.615255,0.5797504,0.5797504,5.43106,5.431071,0.7212754,0.7212754,3.230735,3.230737,0.8450084,0.8450084,2.326665,2.326665,0.9050527,0.9050527
825,20.97869,20.97897,0.2359409,0.2359409,12.69145,12.69154,0.4349414,0.4349414,8.506379,8.506416,0.5802888,0.5802888,5.370377,5.370388,0.7216231,0.7216231,3.201895,3.201896,0.8451778,0.8451778,2.310174,2.310174,0.9051382,0.9051382
830,20.68614,20.68642,0.2367289,0.2367289,12.52506,12.52516,0.4356229,0.4356229,8.402706,8.402742,0.5808126,0.5808126,5.312533,5.312543,0.7219611,0.7219611,3.174372,3.174374,0.845342,0.845342,2.294421,2.294421,0.9052206,0.9052206
835,20.40757,20.40784,0.2374967,0.2374967,12.36657,12.36666,0.4362862,0.4362862,8.303906,8.303942,0.581322,0.581322,5.257369,5.25738,0.7222893,0.7222893,3.148096,3.148098,0.8455011,0.8455011,2.279367,2.279368,0.9053002,0.9053002
840,20.14218,20.14245,0.2382446,0.2382446,12.21552,12.21561,0.4369314,0.4369314,8.20971,8.209745,0.5818171,0.5818171,5.20474,5.20475,0.722608,0.722608,3.122999,3.123001,0.8456552,0.8456552,2.264976,2.264977,0.9053769,0.9053769
845,19.88926,19.88952,0.2389729,0.2389729,12.07151,12.0716,0.4375589,0.4375589,8.119864,8.119898,0.5822983,0.5822983,5.154507,5.154517,0.7229174,0.7229174,3.09902,3.099021,0.8458043,0.8458043,2.251213,2.251214,0.9054508,0.9054508
850,19.6481,19.64836,0.2396818,0.2396818,11.93416,11.93425,0.438169,0.438169,8.034133,8.034167,0.5827657,0.5827657,5.106543,5.106553,0.7232176,0.7232176,3.076099,3.076101,0.8459486,0.8459486,2.238046,2.238047,0.905522,0.905522
855,19.41807,19.41833,0.2403717,0.2403717,11.8031,11.80318,0.4387619,0.4387619,7.952297,7.95233,0.5832196,0.5832196,5.060729,5.060739,0.7235087,0.7235087,3.054184,3.054186,0.8460882,0.8460882,2.225445,2.225446,0.9055905,0.9055905
860,19.19858,19.19884,0.2410427,0.2410427,11.678,11.67808,0.439338,0.439338,7.874152,7.874185,0.5836603,0.5836603,5.016954,5.016964,0.723791,0.723791,3.033223,3.033224,0.8462231,0.8462231,2.213383,2.213383,0.9056564,0.9056564
865,18.98907,18.98932,0.2416952,0.2416952,11.55855,11.55863,0.4398974,0.4398974,7.799507,7.799539,0.5840879,0.5840879,4.975113,4.975123,0.7240646,0.7240646,3.013168,3.01317,0.8463535,0.8463535,2.201832,2.201832,0.9057197,0.9057197
870,18.78903,18.78928,0.2423295,0.2423295,11.44445,11.44453,0.4404405,0.4404405,7.728182,7.728214,0.5845027,0.5845027,4.93511,4.935119,0.7243297,0.7243297,2.993975,2.993977,0.8464795,0.8464795,2.190768,2.190769,0.9057805,0.9057805
875,18.59796,18.59821,0.2429458,0.2429458,11.33544,11.33552,0.4409677,0.4409677,7.660011,7.660042,0.5849049,0.5849049,4.896852,4.896861,0.7245863,0.7245863,2.975602,2.975604,0.846601,0.846601,2.180169,2.180169,0.9058388,0.9058388
880,18.41542,18.41566,0.2435445,0.2435445,11.23126,11.23135,0.441479,0.441479,7.594836,7.594868,0.5852948,0.5852948,4.860254,4.860263,0.7248348,0.7248348,2.95801,2.958012,0.8467183,0.8467183,2.170012,2.170012,0.9058948,0.9058948
885,18.24098,18.24122,0.2441257,0.2441258,11.13168,11.13176,0.4419749,0.4419749,7.532513,7.532543,0.5856725,0.5856725,4.825237,4.825246,0.7250753,0.7250753,2.941163,2.941164,0.8468314,0.8468314,2.160276,2.160277,0.9059484,0.9059484
890,18.07425,18.07448,0.2446899,0.2446899,11.03646,11.03654,0.4424557,0.4424557,7.472902,7.472932,0.5860384,0.5860384,4.791726,4.791735,0.7253078,0.7253078,2.925025,2.925026,0.8469405,0.8469405,2.150944,2.150944,0.9059998,0.9059998
895,17.91484,17.91507,0.2452373,0.2452373,10.9454,10.94548,0.4429215,0.4429215,7.415872,7.415902,0.5863927,0.5863927,4.759647,4.759656,0.7255327,0.7255327,2.909563,2.909565,0.8470455,0.8470455,2.141996,2.141996,0.9060489,0.9060489
900,17.76228,17.76251,0.2457687,0.2457687,10.85823,10.85831,0.4433732,0.4433732,7.361261,7.361291,0.5867358,0.5867358,4.728913,4.728922,0.7257502,0.7257502,2.894737,2.894739,0.8471467,0.8471467,2.133408,2.133409,0.906096,0.906096
