# Khatua comparison: rod D=25 L=51 in n=1.47, faces=1989; Ez2 at 594 nm: 10.08 5.308 2.88 1.211 ; at 633 nm: 162.5 92.42 55.59 28.17 
lambda_nm,ext_nm2,Fp_g3,T_g3,Ez2_g3,Fp_g5,T_g5,Ez2_g5,Fp_g7,T_g7,Ez2_g7,Fp_g10,T_g10,Ez2_g10
550,1387.486,1939.402,2.497834,2.125677,471.5682,1.400224,1.176512,178.3471,0.91428,0.7628216,59.8463,0.6402626,0.5404208
555,1461.597,1715.06,2.468691,2.091112,420.2122,1.370259,1.140434,160.4216,0.87629,0.7188804,54.60754,0.5959884,0.4906736
560,1544.076,1516.083,2.535124,2.157079,374.516,1.387452,1.154505,144.4547,0.8618301,0.7004687,49.95314,0.5593786,0.449726
565,1638.137,1341.182,2.73169,2.356547,334.6133,1.471412,1.237416,130.6342,0.8825956,0.7186942,45.99488,0.5362284,0.4230006
570,1748.492,1189.232,3.104081,2.734082,300.5426,1.647986,1.41434,119.0788,0.9539527,0.7884871,42.81357,0.5341144,0.4177786
575,1882.042,1059.3,3.715629,3.352415,272.3218,1.952976,1.72071,109.8865,1.097188,0.9309002,40.4822,0.5635546,0.4443936
580,2048.931,950.7269,4.657368,4.302533,250.0325,2.437917,2.208034,103.1873,1.34304,1.176674,39.09206,0.6398526,0.5181002
585,2263.897,863.1749,6.063157,5.718868,233.9,3.178837,2.952704,99.19675,1.737085,1.571677,38.7803,0.7859549,0.6619649
590,2543.66,795.8831,8.11823,7.787676,224.1211,4.281401,4.061066,98.14867,2.343007,2.180134,39.70476,1.034251,0.9086511
595,2907.257,747.8062,11.08202,10.77014,220.9153,5.89407,5.682757,100.3217,3.250651,3.092817,42.05596,1.430805,1.304729
600,3380.54,718.5719,15.33725,15.05207,224.847,8.236417,8.039396,106.1986,4.59341,4.444717,46.1291,2.044568,1.920059
605,3998.859,708.8477,21.45485,21.2093,237.0016,11.63691,11.46276,116.5661,6.571642,6.438776,52.37414,2.979954,2.860575
610,4810.377,720.692,30.29305,30.10787,259.1796,16.59081,16.45337,132.6334,9.488705,9.382466,61.45725,4.396336,4.288128
615,5879.783,757.9413,43.1464,43.05442,294.1252,23.84755,23.76893,156.173,13.8056,13.7433,74.33603,6.537884,6.450888
620,7291.598,826.654,61.96038,62.01336,345.7836,34.53742,34.55268,189.6805,20.22083,20.23004,92.34524,9.777768,9.728461
625,9156.78,936.2216,89.62005,89.89958,419.8285,50.34564,50.51052,236.6844,29.78319,29.90787,117.3597,14.68355,14.69896
630,11582.56,1097.573,129.9138,130.5447,522.7037,73.50686,73.90743,301.1821,43.90068,44.20908,151.514,22.03407,22.15745
635,14543.55,1313.746,186.0279,187.182,656.3231,105.9576,106.7139,384.4323,63.83821,64.42614,195.5465,32.5721,32.8665
640,17587.17,1556.381,255.2585,257.1113,804.5375,146.2884,147.5259,476.6835,88.85289,89.82205,244.4761,46.02666,46.56349
645,19549.32,1737.683,320.2296,322.82,916.8988,184.5805,186.3348,547.1741,112.9546,114.3368,282.2999,59.33405,60.14603
650,19141.44,1746.07,351.7792,354.8562,929.0078,203.8596,205.9663,556.416,125.626,127.295,288.2551,66.84808,67.86761
655,16457.74,1567.847,337.0643,340.189,832.6243,196.3234,198.4824,499.0777,121.7737,123.4925,259.2546,65.58004,66.66025
660,12940.06,1304.994,293.0859,295.925,686.2723,171.5266,173.504,410.7569,107.0465,108.6279,213.7213,58.2972,59.313
665,9787.593,1055.427,243.1123,245.5479,546.4213,142.9267,144.6352,326.0153,89.71382,91.08614,169.756,49.37162,50.26861
670,7379.822,856.6909,199.4086,201.4586,434.943,117.7385,119.1859,258.3511,74.30615,75.47353,134.5299,41.29443,42.06854
675,5645.534,708.5123,164.7192,166.4465,351.8976,97.65414,98.88107,207.9027,61.94709,62.94042,108.2044,34.74255,35.4093
680,4410.226,599.7578,138.0216,139.4909,291.0325,82.14376,83.19331,170.9094,52.36018,53.21302,88.86399,29.61834,30.1968
685,3521.589,519.4338,117.5293,118.7948,246.1364,70.20525,71.1139,143.6101,44.95452,45.69544,74.56821,25.63397,26.14112
690,2870.351,459.1688,101.6551,102.7588,212.4847,60.93517,61.73158,123.1393,39.18665,39.83821,63.83204,22.51364,22.96322
695,2382.668,413.0525,89.18874,90.16285,186.7561,53.64003,54.34619,107.4821,34.63557,35.21512,55.60923,20.03983,20.44259
700,2009.298,376.9872,79.25184,80.12084,166.6634,47.81431,48.44704,95.25272,30.99263,31.51348,49.17928,18.05132,18.41563
705,1717.221,348.1167,71.21471,71.99738,150.6276,43.09445,43.66671,85.49588,28.03493,28.50737,44.04559,16.43076,16.76313
710,1484.22,324.4796,64.62214,65.33305,137.5659,39.21696,39.73883,77.5565,25.6004,26.03242,39.86706,15.09229,15.39784
715,1295.5,304.8344,59.13924,59.78974,126.7679,35.98751,36.46685,71.00031,23.56909,23.96697,36.41596,13.97198,14.25475
720,1140.654,288.3144,54.52181,55.1209,117.7321,33.26417,33.70723,65.51957,21.85325,22.22195,33.53045,13.02287,13.28608
725,1012.135,274.2851,50.58964,51.14451,110.0909,30.94206,31.35386,60.88859,20.3879,20.73142,31.09173,12.2101,12.45635
730,904.377,262.2744,47.20744,47.72393,103.5702,28.94235,29.32696,56.93901,19.12412,19.44572,29.01108,11.50734,11.73876
735,813.2024,251.9256,44.27208,44.75501,97.96258,27.20486,27.56564,53.54324,18.02452,18.32689,27.22118,10.8944,11.11276
740,735.4315,242.9651,41.70384,42.15719,93.10858,25.68305,26.02279,50.6032,17.06015,17.34551,25.67026,10.3556,10.56238
745,668.6102,235.1807,39.44029,39.8674,88.88421,24.34041,24.66146,48.04248,16.20824,16.47847,24.31793,9.878619,10.07505
750,610.8206,228.406,37.43194,37.83563,85.19181,23.14799,23.45232,45.80086,15.45074,15.70743,23.13233,9.453632,9.64077
755,560.5468,222.5089,35.63917,36.02184,81.95365,22.08258,22.37187,43.83038,14.77315,15.01765,22.08804,9.072739,9.251492
760,516.5707,217.3799,34.02996,34.39367,79.1061,21.1254,21.40111,42.09185,14.16373,14.39721,21.16435,8.72954,8.900687
