# Khatua variant surf: D=25 L=70, faces=2379; Ez2 at 594 nm: 0.5666 0.3249 0.2333 0.2231 ; at 633 nm: 3.02 1.5 0.7275 0.2326 
lambda_nm,Fp_g3,T_g3,Ez2_g3,Fp_g5,T_g5,Ez2_g5,Fp_g7,T_g7,Ez2_g7,Fp_g10,T_g10,Ez2_g10
550,2051.086,2.909437,2.422466,518.5856,1.731435,1.461764,203.5262,1.207204,1.042347,71.42996,0.8876298,0.7945022
555,1856.763,2.716465,2.095054,481.1345,1.632737,1.283549,192.9783,1.14837,0.931721,69.43886,0.8534517,0.729246
560,1679.995,2.541573,1.77659,445.7464,1.540652,1.105027,182.4347,1.091413,0.8174671,67.13071,0.8186641,0.6592442
565,1514.989,2.378299,1.47958,410.038,1.451818,0.9337327,170.6368,1.034349,0.704461,63.93364,0.7821457,0.5872902
570,1357.821,2.213558,1.213294,372.4593,1.358661,0.775405,156.7836,0.9722565,0.5964815,59.49015,0.7408577,0.5155771
575,1208.232,2.039128,0.9848627,333.2965,1.256015,0.6345477,141.1056,0.9014546,0.4965178,53.92746,0.6922336,0.4458339
580,1069.282,1.860342,0.8003767,294.5329,1.146449,0.5150243,124.7894,0.8230832,0.4071133,47.82211,0.6364147,0.3794925
585,944.9987,1.694972,0.6658962,258.6294,1.039972,0.420626,109.29,0.7431509,0.3307133,41.87679,0.5764683,0.3178746
590,837.6711,1.565371,0.5868596,227.293,0.9497089,0.3548707,95.65903,0.6699686,0.2696614,36.61077,0.5170738,0.2623132
595,746.9899,1.490105,0.5677415,201.006,0.8869496,0.3207935,84.27694,0.6109409,0.2260586,32.23316,0.4626142,0.2140683
600,671.1158,1.481948,0.6132637,179.4175,0.8596998,0.3215235,75.04799,0.5714269,0.2020234,28.72818,0.4163211,0.1743721
605,607.6627,1.549784,0.7287886,161.8323,0.8736534,0.3605083,67.67195,0.5552719,0.1998344,25.98109,0.3805107,0.1445124
610,554.2594,1.70063,0.9203952,147.4991,0.9333303,0.4415658,61.80559,0.5655098,0.2219726,23.85357,0.3569743,0.1258656
615,508.7761,1.940832,1.194726,135.7306,1.042779,0.5688059,57.13074,0.6048179,0.2710819,22.2156,0.3472506,0.1198849
620,469.4018,2.276716,1.558905,125.9419,1.20596,0.7465834,53.37573,0.6757696,0.349939,20.95543,0.3527788,0.1280828
625,435.0236,2.718184,2.023959,117.7566,1.428744,0.9813691,50.3627,0.7819798,0.4625108,19.99947,0.3754172,0.1524857
630,405.0647,3.280405,2.606158,110.9699,1.719934,1.282576,47.99461,0.9287744,0.6144913,19.30842,0.4178303,0.1959404
635,379.1421,3.983197,3.326227,105.4539,2.091007,1.66219,46.21395,1.123103,0.8131483,18.86075,0.4835178,0.2621059
640,357.0233,4.852097,4.210479,101.1419,2.556751,2.135447,44.99552,1.373941,1.067743,18.64978,0.5770289,0.3556759
645,338.6034,5.91994,5.292447,98.02173,3.136197,2.721792,44.34352,1.692864,1.390129,18.68279,0.7042693,0.4826958
650,323.8951,7.229048,6.615132,96.13393,3.853907,3.4462,44.29169,2.094855,1.795572,18.98161,0.8729293,0.6510017
655,313.028,8.834281,8.234103,95.57569,4.741774,4.341011,44.90655,2.599422,2.3039,19.58467,1.093084,0.8708347
660,306.2588,10.80726,10.22179,96.51,5.841518,5.448466,46.29386,3.232162,2.941091,20.5508,1.378038,1.155701
665,303.8728,13.24021,12.67134,99.14125,7.206978,6.823026,48.58894,4.02621,3.740752,21.95576,1.745122,1.523188
670,305.9613,16.24759,15.69831,103.6428,8.905123,8.532393,51.92094,5.022899,4.744778,23.87572,2.216079,1.995351
675,312.7185,19.97712,19.45179,110.2526,11.02252,10.66408,56.45967,6.275778,6.00745,26.40878,2.819203,2.6009
680,324.537,24.6224,24.12716,119.3138,13.67279,13.33294,62.4388,7.855281,7.600179,29.68674,3.591868,3.37777
685,342.0564,30.43931,29.98275,131.3051,17.00635,16.69109,70.17476,9.854859,9.617732,33.88551,4.58387,4.376529
690,366.2309,37.7692,37.36314,146.8819,21.22418,20.94177,80.09318,12.39962,12.18702,39.23952,5.862154,5.665182
695,398.4247,47.07144,46.73218,166.9342,26.59717,26.35902,92.76543,15.65859,15.47953,46.06164,7.517531,7.336032
700,440.5448,58.96946,58.7195,192.6663,33.49359,33.31546,108.9587,19.86204,19.72901,54.77056,9.674254,9.515424
705,495.2183,74.31517,74.18566,225.7031,42.41757,42.32132,129.7035,25.32594,25.25626,65.92759,12.50356,12.37758
710,566.1032,94.27322,94.3075,268.2618,54.05974,54.0759,156.3994,32.48436,32.50225,80.29414,16.24194,16.16327
715,658.3272,120.4082,120.6668,323.3889,69.35075,69.52203,190.9617,41.92455,42.06393,98.91124,21.2117,21.20097
720,778.477,154.7524,155.3193,394.9919,89.50398,89.88987,235.8487,54.4159,54.72411,123.1182,27.8389,27.92538
725,934.2198,199.7462,200.736,487.6274,115.9849,116.6667,293.9335,70.8945,71.4364,154.4871,36.64882,36.87338
730,1132.602,257.7942,259.3561,605.4995,150.255,151.3393,367.8811,92.30822,93.16885,194.4907,48.18766,48.60507
735,1375.368,329.9439,332.2545,749.6956,192.997,194.6104,458.42,119.1365,120.4175,243.572,62.76795,63.44558
740,1649.681,413.1371,416.3645,912.6934,242.4858,244.7504,560.8963,150.3681,152.1681,299.2773,79.91288,80.91949
745,1916.742,496.6092,500.8335,1071.598,292.4297,295.4065,661.0115,182.1238,184.4932,353.9258,97.58539,98.96319
750,2112.068,561.4003,566.5102,1188.246,331.6129,335.2279,734.8385,207.377,210.2592,394.5668,111.9806,113.706
755,2175.333,588.6501,594.3092,1226.821,348.7468,352.7648,759.8219,218.9468,222.1561,408.8895,119.0986,121.0639
760,2094.255,572.9191,578.6784,1179.86,340.3976,344.5007,731.1231,214.5041,217.7875,394.1079,117.4969,119.5445
