# Khatua variant sub: D=25 L=47, faces=1911; Ez2 at 594 nm: 23.09 12.48 7.049 3.205 ; at 633 nm: 228.2 131.9 81.38 43.44 
lambda_nm,Fp_g3,T_g3,Ez2_g3,Fp_g5,T_g5,Ez2_g5,Fp_g7,T_g7,Ez2_g7,Fp_g10,T_g10,Ez2_g10
550,1314.57,2.192446,2.782191,318.7996,1.194481,1.494472,120.4543,0.7425356,0.9154219,40.46288,0.4786477,0.584449
555,1166.212,2.35072,3.005421,286.2214,1.267566,1.595057,109.6479,0.7672574,0.9469953,37.58484,0.4691021,0.567127
560,1036.187,2.638195,3.41356,258.0637,1.407785,1.791999,100.4967,0.8280801,1.030646,35.25672,0.4741134,0.570913
565,923.4629,3.105404,4.077302,234.3507,1.643475,2.124928,93.09943,0.9417378,1.189772,33.54634,0.5018798,0.6072081
570,827.3304,3.825122,5.099223,215.1572,2.0155,2.651456,87.5734,1.13243,1.458522,32.53185,0.5643428,0.6928218
575,747.4692,4.905523,6.63243,200.6812,2.584792,3.457889,84.10142,1.43642,1.888358,32.32476,0.6795981,0.8534156
580,684.0559,6.511593,8.910978,191.3376,3.444702,4.676808,82.99032,1.909631,2.558887,33.09993,0.8759258,1.129276
585,637.9108,8.899084,12.29815,187.8763,4.740727,6.515182,84.74656,2.639877,3.595372,35.13524,1.198401,1.5848
590,610.0559,12.4499,17.3366,191.3053,6.691282,9.28387,90.05669,3.759857,5.187241,38.8087,1.715971,2.318619
595,601.9427,17.73505,24.83806,203.0032,9.624557,13.45025,99.85266,5.470211,7.621138,44.63181,2.534103,3.481785
600,616.2727,25.61474,36.02614,225.0357,14.03783,19.72306,115.4805,8.077261,11.33512,53.33097,3.816088,5.308511
605,657.0073,37.32219,52.65622,260.1419,20.64953,29.12714,138.6903,12.02793,16.96902,65.84361,5.804402,8.147122
610,728.0782,54.40175,76.9288,310.999,30.37092,42.96404,171.1946,17.89806,25.34848,83.0951,8.820032,12.45977
615,828.8428,78.11472,110.6462,377.6385,43.97419,62.34055,213.1093,26.19699,37.20686,105.2,13.16701,18.68649
620,944.4279,107.6895,152.7249,451.9331,61.08823,86.73842,259.6112,36.75457,52.30922,129.735,18.81093,26.78469
625,1036.085,137.5242,195.2119,511.9798,78.56015,111.6759,297.4958,47.69498,67.98247,149.9325,24.81561,35.4192
630,1052.568,157.19,223.2744,528.5605,90.37389,128.5802,309.039,55.32156,78.94129,156.6149,29.21892,41.77661
635,975.8709,159.369,226.479,491.3022,92.17335,131.2243,287.8444,56.85209,81.19239,146.3624,30.44203,43.58071
640,841.5802,146.9042,208.8387,420.4141,85.43499,121.6887,246.0558,53.06563,75.83107,125.3361,28.7745,41.23169
645,698.6106,128.0296,182.0521,343.8082,74.84321,106.6393,200.5696,46.7893,66.89198,102.2376,25.66734,36.80408
650,574.513,108.9774,154.9874,277.2645,64.01472,91.23328,160.986,40.26238,57.57927,82.05899,22.32549,32.0276
655,476.1621,92.39541,131.4192,224.7636,54.52234,77.71831,129.7597,34.48683,49.33066,66.10935,19.31512,27.71823
660,401.1103,78.79454,112.0811,184.9453,46.69773,66.57241,106.0959,29.69537,42.48313,54.00729,16.78774,24.09663
665,344.577,67.8761,96.55268,155.1209,40.39231,57.58724,88.38509,25.8153,36.93542,44.93959,14.72275,21.13542
670,301.9117,59.1677,84.1648,132.7228,35.34764,50.39655,75.09288,22.69884,32.47784,38.1268,13.05236,18.73868
675,269.4115,52.19652,74.24639,115.722,31.2988,44.6239,65.00683,20.18934,28.88727,32.95113,11.69935,16.7964
680,244.3491,46.56724,66.23596,102.6351,28.02193,39.9509,57.24155,18.15252,25.97222,28.96078,10.59563,15.21133
685,224.7546,41.97267,59.69702,92.40314,25.342,36.12847,51.16628,16.48255,23.58161,25.83382,9.686687,13.90551
690,209.2033,38.18061,54.29957,84.2713,23.12616,32.96745,46.3332,15.09866,21.60012,23.34188,8.930476,12.81876
695,196.651,35.01651,49.79544,77.69651,21.27422,30.32517,42.42153,13.93967,19.94033,21.32165,8.29491,11.90512
700,186.3196,32.34904,45.99787,72.28301,19.71061,28.09394,39.19893,12.9593,18.53607,19.65514,7.755552,11.12958
705,177.6182,30.07867,42.76536,67.73776,18.37792,26.192,36.49465,12.12228,17.33695,18.25593,7.293702,10.46532
710,170.1242,28.12873,39.98883,63.85147,17.23184,24.55618,34.18664,11.40132,16.30394,17.06217,6.894805,9.891469
715,163.6057,26.4386,37.58206,60.49539,16.23726,23.13643,32.19725,10.77473,15.40601,16.03363,6.547236,9.39135
720,157.901,24.96128,35.47819,57.57613,15.36691,21.89389,30.46947,10.22563,14.61902,15.14056,6.241923,8.951945
725,152.8856,23.6602,33.62516,55.02141,14.59954,20.79827,28.95915,9.740856,13.92413,14.3599,5.971769,8.563064
730,148.462,22.50646,31.98189,52.77458,13.91837,19.82564,27.63167,9.309991,13.30645,13.67356,5.731145,8.216631
735,144.5533,21.477,30.51555,50.79069,13.30998,18.95684,26.45949,8.924695,12.75403,13.06711,5.515535,7.90616
740,141.0982,20.55316,29.19959,49.0336,12.76348,18.17638,25.42045,8.578206,12.2572,12.52893,5.321271,7.62638
745,138.0473,19.71976,28.01239,47.47417,12.27004,17.47164,24.49665,8.265014,11.80807,12.04963,5.145356,7.37299
750,135.3608,18.96435,26.93624,46.08861,11.82239,16.83224,23.67344,7.980585,11.40015,11.62152,4.98532,7.142439
755,133.0062,18.2766,25.95644,44.85744,11.4145,16.2496,22.9388,7.721162,11.02806,11.23825,4.839113,6.931783
760,130.9544,17.64788,25.06071,43.76371,11.04132,15.71651,22.28237,7.483589,10.68728,10.8944,4.70501,6.738541
