# Lu comparison: rod D=25 L=46 in n=1.496, faces=1911; Ez2 at 671 nm: 120.1 103.5 77.72 46.56 
lambda_nm,ext_nm2,Fp_g1.5,T_g1.5,Ez2_g1.5,Fp_g2,T_g2,Ez2_g2,Fp_g3,T_g3,Ez2_g3,Fp_g5,T_g5,Ez2_g5
600,5320.962,4197.083,50.18247,59.78379,2174.217,48.78703,50.79786,912.2602,36.91773,36.86193,332.4455,20.20795,20.15399
605,6632.139,4019.929,73.08139,86.98993,2165.053,70.95355,74.02482,972.6905,53.83612,53.92117,384.5947,29.75451,29.79071
610,8315.702,3942.339,106.281,126.3323,2226.625,103.0541,107.6531,1077.392,78.39044,78.69445,459.605,43.72148,43.9013
615,10301.56,3951.463,151.7038,180.0248,2351.701,146.9252,153.6049,1222.957,112.026,112.6522,556.1398,63.01079,63.40618
620,12246.76,4001.751,206.6999,244.8536,2502.629,199.9798,209.1688,1382.839,152.8123,153.8618,659.618,86.61909,87.30293
625,13457.52,4000.95,259.1689,306.4584,2597.503,250.5112,262.0841,1496.451,191.8136,193.3154,735.8351,109.499,110.4974
630,13244.95,3846.667,289.8393,342.12,2543.926,279.9272,292.8817,1494.706,214.7419,216.58,745.4643,123.389,124.6291
635,11643.75,3521.402,288.3304,339.7534,2326.452,278.2661,291.1338,1366.119,213.8448,215.7942,681.8205,123.6155,124.9465
640,9412.108,3110.045,262.5949,308.9132,2022.62,253.2627,264.9446,1169.006,194.9532,196.8133,578.0041,113.3271,114.61
645,7275.363,2707.85,227.6024,267.3192,1719.322,219.3841,229.4649,968.7382,169.1394,170.8083,471.2694,98.83622,99.99735
650,5545.677,2362.597,193.4784,226.8902,1460.179,186.3927,194.9171,798.1939,143.9175,145.3733,380.4318,84.51096,85.53175
655,4246.207,2083.655,164.1691,192.2339,1253.792,158.08,165.2706,663.9072,122.2295,123.4889,309.294,72.10766,72.99702
660,3297.181,1864.564,140.2332,163.9719,1094.292,134.972,141.0755,561.5043,104.5035,105.5949,255.4158,61.92073,62.69653
665,2607.871,1695.011,121.0246,141.3171,972.5334,116.4368,121.6694,484.2369,90.26958,91.22148,215.0098,53.70961,54.39045
670,2103.493,1563.994,105.6807,123.2376,879.4903,101.6367,106.1747,425.7658,78.89386,79.73141,184.5918,47.12707,47.72959
675,1729.139,1462.412,93.37063,108.7447,807.9124,89.76712,93.74884,381.0984,69.76373,70.50758,161.4417,41.83013,42.36815
680,1446.462,1383.274,83.40638,97.02207,752.3656,80.16245,83.69453,346.5606,62.37089,63.03755,143.5744,37.53133,38.01599
685,1229.071,1321.224,75.25447,87.43799,708.8189,72.30696,75.47176,319.4926,56.3209,56.92344,129.5707,34.00624,34.44642
690,1058.775,1272.105,68.51128,79.51494,674.2555,65.8107,68.67212,297.9623,51.3151,51.8639,118.416,31.08425,31.48702
695,922.9186,1232.622,62.87322,72.89414,646.3776,60.38043,62.98857,280.5482,47.12873,47.63208,109.3782,28.63651,29.00755
700,812.5906,1200.106,58.1113,67.30513,623.3969,55.79507,58.1896,266.1858,43.59216,44.05674,101.9219,26.56556,26.90945
705,721.4305,1172.342,54.05151,62.54255,603.8898,51.88663,54.09932,254.0622,40.57648,41.0077,95.64874,24.79715,25.11762
710,644.947,1147.74,50.55931,58.44775,586.8354,48.52533,50.5818,243.5954,37.98198,38.38427,90.2739,23.27373,23.57384
715,580.1276,1125.747,47.52825,54.89522,571.7839,45.60843,47.52952,234.4706,35.72971,36.1067,85.62352,21.94962,22.23188
720,524.7381,1106.066,44.87564,51.78759,558.4519,43.05619,44.85897,226.4693,33.75834,34.11305,81.57167,20.7893,21.05581
725,477.0569,1088.472,42.53689,49.04877,546.6214,40.80633,42.50495,219.4225,32.01998,32.35491,78.02051,19.76499,20.01749
730,435.7397,1072.792,40.46091,46.61863,536.1233,38.80958,40.41586,213.1978,30.4767,30.794,74.89318,18.85467,19.09464
735,399.7248,1058.896,38.60682,44.44905,526.8254,37.02653,38.55047,207.6905,29.09819,29.39966,72.12857,18.04072,18.26943
740,368.1639,1046.683,36.94159,42.50118,518.6237,35.42534,36.87544,202.8169,27.85993,28.14712,69.67761,17.30887,17.5274
745,340.3733,1036.078,35.43827,40.7433,511.436,33.98004,35.36356,198.5098,26.74192,27.01616,67.50057,16.64749,16.85677
750,315.7961,1027.023,34.07466,39.14934,505.1968,32.66923,33.99245,194.7147,25.72769,25.99014,65.56497,16.04697,16.24782
755,293.9753,1019.475,32.83235,37.69765,499.8543,31.47519,32.74355,191.3871,24.80357,25.05526,63.8441,15.49934,15.69248
760,274.5286,1013.382,31.69601,36.3702,495.3572,30.38313,31.60138,188.4869,23.95818,24.19999,62.31481,14.99796,15.18401
765,257.1098,1008.549,30.65299,35.15214,491.5909,29.38087,30.5532,185.9558,23.18213,23.41485,60.95076,14.53735,14.71685
770,241.4196,1004.727,29.69264,34.03096,488.4206,28.45816,29.58826,183.7315,22.46751,22.69184,59.7263,14.11288,14.28634
775,227.2097,1001.688,28.80582,32.99591,485.7233,27.60619,28.69735,181.7586,21.80754,22.02411,58.61919,13.72059,13.88845
780,214.2725,999.2181,27.98466,32.03776,483.3859,26.81738,27.87252,179.9874,21.19637,21.40573,57.60996,13.35705,13.51971
785,202.4339,997.1166,27.22233,31.14849,481.304,26.08515,27.10691,178.3732,20.62893,20.83159,56.68151,13.01931,13.17712
790,191.5474,995.1959,26.51289,30.32114,479.3809,25.4038,26.39454,176.8753,20.10081,20.29724,55.81873,12.70476,12.85805
795,181.4889,993.2789,25.85117,29.54963,477.5265,24.76834,25.73017,175.4566,19.60818,19.79877,55.00815,12.41117,12.56023
800,172.153,991.198,25.23263,28.82864,475.6564,24.17439,25.10924,174.0831,19.14764,19.33277,54.2377,12.13655,12.28164
805,163.4501,988.7945,24.65326,28.15346,473.6914,23.61811,24.52772,172.7234,18.71623,18.89625,53.49656,11.87915,12.02052
810,155.3033,985.9175,24.10953,27.51997,471.5568,23.09609,23.98204,171.3485,18.31133,18.48655,52.7749,11.63743,11.7753
815,147.6468,982.4232,23.59832,26.92449,469.1823,22.60532,23.46906,169.9315,17.93061,18.1013,52.06383,11.41002,11.5446
820,140.4239,978.1745,23.11683,26.36376,466.501,22.14314,22.98598,168.447,17.572,17.73843,51.3552,11.19571,11.32718
825,133.589,973.0687,22.66262,25.8349,463.4628,21.70716,22.53031,166.8761,17.23367,17.39609,50.64278,10.99342,11.12195
830,127.1262,967.2264,22.23366,25.33555,460.1219,21.29545,22.10003,165.2356,16.91413,17.07275,49.93006,10.80226,10.92801
835,121.03,960.8651,21.8282,24.86365,456.5776,20.90632,21.69336,163.5574,16.61207,16.7671,49.22456,10.62148,10.7446
840,115.293,954.1933,21.44464,24.41732,452.9247,20.53823,21.30871,161.8718,16.32631,16.47793,48.53331,10.45037,10.57099
845,109.9062,947.4109,21.08152,23.99485,449.2538,20.18978,20.94459,160.2076,16.05574,16.20415,47.86285,10.28828,10.40654
850,104.8595,940.7096,20.73749,23.59468,445.6517,19.85968,20.59965,158.5923,15.79939,15.94474,47.21934,10.13464,10.25065
855,100.142,934.2735,20.41133,23.21537,442.2016,19.54674,20.27267,157.0519,15.55633,15.69878,46.60855,9.988897,10.10278
860,95.74223,928.2799,20.1019,22.85558,438.9832,19.24987,19.9625,155.6114,15.32573,15.46543,46.03596,9.850562,9.962414
