# rod L60 D20 h=1 air, chunk c4, faces=6324
lambda_nm,Fp_z_g5,T_z_g5,Fp_x_g5,T_x_g5,Fp_z_g10,T_z_g10,Fp_x_g10,T_x_g10,Fp_z_g20,T_z_g20,Fp_x_g20,T_x_g20
800,82.39207,13.42093,11.73939,0.4240338,18.81372,5.604331,1.606504,0.7091227,4.25628,2.356247,0.9518537,0.8924933
804,81.70848,13.2516,11.75089,0.4246811,18.60146,5.54598,1.607555,0.7094561,4.214139,2.340685,0.9519924,0.8925838
808,81.02965,13.08943,11.75782,0.4253145,18.3936,5.49004,1.608244,0.709782,4.173111,2.325738,0.9521094,0.8926721
812,80.34923,12.93399,11.75934,0.4259344,18.1888,5.436367,1.608505,0.7101007,4.132982,2.31137,0.9522011,0.8927582
816,79.66128,12.78487,11.75465,0.4265414,17.9858,5.384824,1.608275,0.7104124,4.093554,2.297547,0.9522641,0.8928423
820,78.9602,12.64168,11.74294,0.4271358,17.78345,5.335287,1.607492,0.7107174,4.054646,2.28424,0.9522951,0.8929243
824,78.24153,12.5041,11.72359,0.4277181,17.58081,5.287643,1.606105,0.7110159,4.016109,2.271419,0.9522913,0.8930044
828,77.50863,12.37183,11.69725,0.4282884,17.37845,5.241797,1.604169,0.7113079,3.978011,2.259062,0.9522557,0.8930826
832,76.76873,12.24463,11.66527,0.4288468,17.17764,5.19767,1.601788,0.7115936,3.940519,2.247148,0.9521941,0.8931589
836,76.02873,12.12228,11.62898,0.4293934,16.97959,5.155184,1.599066,0.711873,3.903787,2.235659,0.952112,0.8932333
840,75.29514,12.00454,11.58964,0.4299283,16.78541,5.114268,1.596103,0.7121461,3.867957,2.224577,0.9520152,0.8933058
844,74.57415,11.89122,11.5485,0.4304516,16.59613,5.074853,1.592997,0.712413,3.833161,2.213886,0.9519088,0.8933765
848,73.87165,11.78213,11.50678,0.4309633,16.41273,5.036874,1.589844,0.7126738,3.799519,2.203568,0.9517982,0.8934453
852,73.19324,11.67707,11.46566,0.4314637,16.23612,5.000271,1.586736,0.7129284,3.767143,2.193609,0.9516884,0.8935123
856,72.54428,11.57587,11.42628,0.4319527,16.06715,4.964986,1.583763,0.713177,3.736136,2.183995,0.9515844,0.8935774
860,71.92991,11.47838,11.38978,0.4324306,15.90663,4.930963,1.581013,0.7134197,3.706596,2.174711,0.9514911,0.8936408
864,71.35505,11.38443,11.35725,0.4328974,15.75534,4.898152,1.578574,0.7136564,3.678614,2.165745,0.9514132,0.8937024
868,70.82448,11.29388,11.32977,0.4333534,15.61399,4.866503,1.576528,0.7138874,3.652274,2.157084,0.9513553,0.8937622
872,70.34278,11.20659,11.30839,0.4337985,15.48329,4.835969,1.574958,0.7141125,3.627657,2.148718,0.9513221,0.8938203
876,69.91441,11.12242,11.29416,0.434233,15.3639,4.806507,1.573947,0.714332,3.604842,2.140633,0.951318,0.8938766
880,69.54374,11.04125,11.28808,0.4346569,15.25648,4.778073,1.573573,0.7145459,3.583901,2.132821,0.9513475,0.8939313
884,69.235,10.96296,11.29118,0.4350704,15.16165,4.750629,1.573915,0.7147542,3.564907,2.12527,0.9514148,0.8939843
888,68.99236,10.88744,11.30443,0.4354737,15.08001,4.724136,1.575051,0.7149571,3.547928,2.117972,0.9515243,0.8940356
892,68.81995,10.81458,11.32884,0.4358668,15.01218,4.698558,1.577058,0.7151546,3.533031,2.110917,0.9516803,0.8940853
896,68.7201,10.74427,11.36505,0.43625,14.95844,4.673858,1.579988,0.7153468,3.520242,2.104096,0.9518856,0.8941334
900,68.68851,10.67636,11.4125,0.4366237,14.91787,4.649987,1.583796,0.7155339,3.509421,2.097495,0.9521379,0.89418
