# rodL80 quasistatic MNPBEM; dF = contribution of mode(s) to Fp-1; L,T = dipolar modes; all = 40 lowest modes
lambda_nm,gap,Fp_z,Fp_x,dFz_L,dFz_T,dFz_all,dFx_L,dFx_T,dFx_all
450,3,1977.598,729.3986,63.66178,0,896.371,0,-1.223453,317.6263
450,4,849.4982,278.4136,46.91066,0,519.6009,0,-0.740962,166.0356
450,5,434.607,129.6589,34.41485,0,315.6628,0,-0.4666078,92.32129
450,6,249.0908,68.54323,25.77294,0,200.7609,0,-0.3036858,54.07124
450,7,154.5332,39.62947,19.69654,0,132.8866,0,-0.2034002,33.10603
450,8,101.6389,24.53268,15.31813,0,91.02479,0,-0.1397274,21.0596
450,10,49.88194,11.01011,9.670865,0,46.46035,0,-0.0704065,9.372164
450,12,27.62291,5.848385,6.392037,0,25.91361,0,-0.03819494,4.617343
450,15,13.3447,2.929756,3.669829,0,12.2069,0,-0.01706389,1.842862
450,20,5.380852,1.556882,1.65798,0,4.36784,0,-0.005588965,0.5217904
450,25,2.888828,1.20397,0.841903,0,1.887138,0,-0.002247301,0.1854018
450,30,1.926113,1.087682,0.465177,0,0.9258194,0,-0.001044901,0.0769233
455,3,2077.981,767.4847,64.94551,0,940.2906,0,-1.283868,334.2471
455,4,891.702,292.9226,47.8566,0,544.6083,0,-0.7775834,174.7231
455,5,455.7147,136.3886,35.10881,0,330.6027,0,-0.4896672,97.15136
455,6,260.9065,72.07622,26.29265,0,210.1013,0,-0.3186804,56.89989
455,7,161.6883,41.65001,20.09371,0,138.9618,0,-0.2134274,34.83778
455,8,106.2302,25.76352,15.62702,0,95.11323,0,-0.1466008,22.16113
455,10,52.02346,11.53362,9.865875,0,48.47518,0,-0.07384944,9.862319
455,12,28.74637,6.101922,6.520931,0,26.99996,0,-0.04004826,4.858803
455,15,13.83994,3.030658,3.743831,0,12.69492,0,-0.01787999,1.939224
455,20,5.544434,1.585996,1.691413,0,4.53074,0,-0.005848529,0.5490721
455,25,2.955275,1.214634,0.8588798,0,1.953496,0,-0.002348304,0.1950952
455,30,1.957088,1.092266,0.4745572,0,0.9567787,0,-0.001090315,0.08094506
460,3,2183.227,807.6171,66.10346,0,985.9031,0,-1.346608,351.7015
460,4,935.7521,308.1902,48.70986,0,570.5024,0,-0.815618,183.8417
460,5,477.6497,143.4621,35.73479,0,346.027,0,-0.5136162,102.2187
460,6,273.1337,75.78627,26.76143,0,219.7159,0,-0.3342519,59.86619
460,7,169.0629,43.77023,20.45198,0,145.1967,0,-0.2238386,36.65308
460,8,110.9444,27.05431,15.90564,0,99.29673,0,-0.1537356,23.31539
460,10,54.20691,12.08216,10.04178,0,50.52497,0,-0.07742087,10.37563
460,12,29.8847,6.367435,6.637197,0,28.09914,0,-0.04196902,5.111561
460,15,14.33764,3.136281,3.810582,0,13.18502,0,-0.01872435,2.04005
460,20,5.707007,1.616469,1.72157,0,4.692595,0,-0.006116134,0.5776067
460,25,3.020722,1.225796,0.8741933,0,2.018851,0,-0.002452011,0.2052324
460,30,1.987371,1.097065,0.4830184,0,0.9870453,0,-0.001136743,0.08515085
465,3,2298.12,851.5607,67.1474,0,1035.522,0,-1.414925,370.8244
465,4,983.7391,324.9113,49.47911,0,598.6141,0,-0.8570375,193.8324
465,5,501.4899,151.2102,36.29913,0,362.7396,0,-0.5396962,107.7709
465,6,286.3904,79.85067,27.18406,0,230.1123,0,-0.3512072,63.11644
465,7,177.0382,46.09316,20.77496,0,151.9242,0,-0.2351728,38.6422
465,8,116.0295,28.46859,16.15683,0,103.8008,0,-0.161501,24.58021
465,10,56.55014,12.68322,10.20036,0,52.72185,0,-0.08130517,10.93815
465,12,31.10027,6.658389,6.742014,0,29.27184,0,-0.04405606,5.388553
465,15,14.86535,3.252027,3.87076,0,13.70441,0,-0.01964018,2.150546
465,20,5.877519,1.649861,1.748758,0,4.862321,0,-0.006405306,0.6088793
465,25,3.088699,1.238028,0.887999,0,2.086725,0,-0.002563589,0.2163424
465,30,2.018547,1.102325,0.4906464,0,1.018203,0,-0.001186462,0.08976024
470,3,2428.792,901.592,68.07399,0,1092.103,0,-1.493038,392.698
470,4,1038.334,343.9845,50.1619,0,630.6376,0,-0.9044009,205.267
470,5,528.6077,160.0613,36.80004,0,381.7601,0,-0.5695185,114.1292
470,6,301.4601,84.49912,27.55919,0,241.9318,0,-0.3705934,66.84047
470,7,186.0953,48.75237,21.06165,0,159.5632,0,-0.2481298,40.92236
470,8,121.7973,30.08882,16.37979,0,108.9082,0,-0.1703759,26.03071
470,10,59.20003,13.37254,10.34112,0,55.20536,0,-0.08574147,11.58368
470,12,32.47017,6.992278,6.83505,0,30.59301,0,-0.04643756,5.706595
470,15,15.45672,3.384922,3.924174,0,14.2863,0,-0.02068342,2.277484
470,20,6.066709,1.688207,1.772889,0,5.050617,0,-0.006733528,0.6448212
470,25,3.163367,1.252071,0.9002528,0,2.161277,0,-0.002689701,0.2291133
470,30,2.052456,1.10836,0.4974171,0,1.052092,0,-0.001242402,0.09505884
475,3,2582.47,960.391,68.86594,0,1159.187,0,-1.586119,418.6188
475,4,1102.704,366.4753,50.74546,0,668.6022,0,-0.9608443,218.8321
475,5,560.6351,170.5263,37.22815,0,404.3092,0,-0.6050578,121.6798
475,6,319.2762,90.00678,27.8798,0,255.9417,0,-0.3936942,71.2671
475,7,196.808,51.9084,21.30667,0,168.6148,0,-0.2635672,43.63503
475,8,128.6195,32.01431,16.57034,0,114.9566,0,-0.1809477,27.75767
475,10,62.33142,14.19328,10.46143,0,58.14175,0,-0.09102309,12.35323
475,12,34.08599,7.390294,6.914566,0,32.15169,0,-0.04927078,6.086088
475,15,16.15152,3.543485,3.969827,0,14.97,0,-0.02192285,2.429094
475,20,6.287161,1.733973,1.793514,0,5.270021,0,-0.007122336,0.6877829
475,25,3.24956,1.268823,0.910726,0,2.247334,0,-0.002838577,0.2443826
475,30,2.091213,1.115555,0.5032038,0,1.090825,0,-0.001308192,0.1013944
480,3,2761.713,1028.735,69.58734,0,1238.578,0,-1.697141,449.103
480,4,1178.189,392.7422,51.27704,0,713.6017,0,-1.028168,234.8102
480,5,598.3566,182.7948,37.61814,0,431.0781,0,-0.6474478,130.5866
480,6,340.3319,96.48304,28.17185,0,272.5965,0,-0.4212476,76.49585
480,7,209.503,55.6283,21.52987,0,179.3882,0,-0.2819798,46.84316
480,8,136.7213,34.28811,16.74393,0,122.163,0,-0.1935566,29.80227
480,10,66.06079,15.16508,10.57102,0,61.6454,0,-0.09732191,13.26594
480,12,36.01336,7.862347,6.987,0,34.01291,0,-0.05264927,6.536781
480,15,16.98081,3.731787,4.011412,0,15.78643,0,-0.0234005,2.609389
480,20,6.549823,1.788345,1.812302,0,5.531469,0,-0.00758567,0.7389307
480,25,3.351862,1.288714,0.9202663,0,2.349478,0,-0.003015896,0.2625687
480,30,2.13698,1.124089,0.5084751,0,1.136566,0,-0.001386505,0.1089406
485,3,2964.244,1105.386,70.35404,0,1330.428,0,-1.827094,483.872
485,4,1264.297,422.4063,51.84201,0,765.8552,0,-1.106966,253.075
485,5,641.7299,196.7259,38.03261,0,462.2738,0,-0.6970626,140.7897
485,6,364.7048,103.8687,28.48225,0,292.0723,0,-0.4534997,82.49714
485,7,224.2814,59.88497,21.76708,0,192.027,0,-0.3035353,50.53171
485,8,146.1982,36.897,16.92841,0,130.6425,0,-0.2083206,32.15668
485,10,70.45691,16.28434,10.68749,0,65.7899,0,-0.1047013,14.31961
485,12,38.29845,8.407304,7.063982,0,36.22424,0,-0.05661016,7.05806
485,15,17.9701,3.949569,4.05561,0,16.76139,0,-0.02513521,2.818316
485,20,6.865056,1.85127,1.83227,0,5.845348,0,-0.008131164,0.7982947
485,25,3.474989,1.311715,0.9304056,0,2.47243,0,-0.003225365,0.2836878
485,30,2.192118,1.133943,0.5140774,0,1.191673,0,-0.00147936,0.1177048
490,3,3183.222,1187.143,71.27592,0,1433.509,0,-1.975452,521.9049
490,4,1358.872,454.381,52.52131,0,824.8813,0,-1.196907,273.1223
490,5,690.0015,211.8667,38.53096,0,497.7345,0,-0.7536948,152.0239
490,6,392.1354,111.9476,28.85546,0,314.3443,0,-0.4903204,89.1241
490,7,241.0733,64.56487,22.0523,0,206.563,0,-0.3281523,54.61538
490,8,157.0553,39.77673,17.15023,0,140.4472,0,-0.2251893,34.76928
490,10,75.56126,17.52674,10.82753,0,70.62854,0,-0.1131434,15.49321
490,12,40.97942,9.01431,7.156543,0,38.82727,0,-0.06114912,7.640271
490,15,19.14449,4.192804,4.108752,0,17.92062,0,-0.02712945,3.052309
490,20,7.244207,1.921614,1.856279,0,6.223069,0,-0.008762488,0.8649337
490,25,3.624319,1.337398,0.9425971,0,2.621575,0,-0.003469706,0.3074143
490,30,2.259357,1.144923,0.5208136,0,1.258881,0,-0.001588594,0.1275524
495,3,3402.811,1267.003,72.45241,0,1543.462,0,-2.137578,560.6197
495,4,1456.339,486.1685,53.38823,0,888.5601,0,-1.29516,293.6418
495,5,740.8849,227.1241,39.16696,0,536.4037,0,-0.8155635,163.5816
495,6,421.6004,120.1743,29.33175,0,338.8803,0,-0.53056,95.97345
495,7,259.4001,69.36915,22.4163,0,222.731,0,-0.3550721,58.85352
495,8,169.067,42.75174,17.43331,0,151.4506,0,-0.243652,37.49052
495,10,81.33352,18.82161,11.00625,0,76.14582,0,-0.1224053,16.72278
495,12,44.06263,9.650366,7.27467,0,41.83562,0,-0.06614453,8.252871
495,15,20.52083,4.448754,4.176571,0,19.28239,0,-0.02933726,3.299567
495,20,7.698029,1.995748,1.886919,0,6.675517,0,-0.00947004,0.9355993
495,25,3.805515,1.364419,0.9581557,0,2.802594,0,-0.003747431,0.3326056
495,30,2.341715,1.15644,0.5294102,0,1.341208,0,-0.001714607,0.1380102
500,3,3592.22,1331.807,73.94318,0,1649.888,0,-2.299685,594.6364
500,4,1545.133,512.8874,54.48674,0,951.5204,0,-1.393336,311.8578
500,5,789.2774,240.2879,39.97285,0,575.3946,0,-0.8773882,173.9386
500,6,450.6066,127.4125,29.93528,0,364.0749,0,-0.5707983,102.163
500,7,277.9574,73.65937,22.87753,0,239.6133,0,-0.3820229,62.7118
500,8,181.5178,45.43884,17.79202,0,163.1173,0,-0.2621666,39.98383
500,10,87.53933,20.00958,11.23271,0,82.15269,0,-0.131735,17.86097
500,12,47.46833,10.23941,7.424353,0,45.18282,0,-0.0712062,8.824161
500,15,22.08646,4.68752,4.262508,0,20.83663,0,-0.03159891,3.531837
500,20,8.230858,2.065092,1.925744,0,7.207272,0,-0.01021101,1.002379
500,25,4.022505,1.389623,0.9778706,0,3.019446,0,-0.004045459,0.3564615
500,30,2.441655,1.167126,0.5403033,0,1.441125,0,-0.001853219,0.1479174
505,3,3708.815,1364.062,75.64699,0,1735.157,0,-2.434395,615.8821
505,4,1608.043,527.7244,55.74223,0,1004.229,0,-1.474807,323.53
505,5,827.0172,248.1465,40.89391,0,609.316,0,-0.9287014,180.7267
505,6,474.86,131.9556,30.62505,0,386.7507,0,-0.604242,106.3
505,7,294.3154,76.45074,23.40468,0,255.2686,0,-0.4044783,65.3343
505,8,192.9564,47.23401,18.20198,0,174.2237,0,-0.2776454,41.70292
505,10,93.59589,20.83134,11.49154,0,88.12393,0,-0.1396071,18.66336
505,12,50.9343,10.6552,7.595426,0,48.62352,0,-0.07552801,9.233245
505,15,23.74967,4.858667,4.360725,0,22.49489,0,-0.03357188,3.700674
505,20,8.821928,2.115089,1.970117,0,7.797877,0,-0.01088466,1.051511
505,25,4.269406,1.407696,1.000403,0,3.266288,0,-0.004328276,0.3740865
505,30,2.557218,1.174709,0.552753,0,1.556679,0,-0.001990209,0.1552425
510,3,3713.3,1348.204,77.46257,0,1779.662,0,-2.506305,616.068
510,4,1628.019,524.2234,57.08009,0,1035.791,0,-1.518093,324.2178
510,5,845.5249,247.5074,41.8754,0,631.8324,0,-0.9559784,181.4201
510,6,489.6093,132.0445,31.36007,0,403.0673,0,-0.6221054,106.8745
510,7,305.6598,76.69907,23.96641,0,267.2836,0,-0.416573,65.7796
510,8,201.6298,47.48263,18.63884,0,183.2048,0,-0.2860776,42.03931
510,10,98.74342,20.99719,11.76734,0,93.34744,0,-0.1440256,18.85208
510,12,54.09368,10.754,7.777722,0,51.80489,0,-0.07804475,9.340618
510,15,25.36845,4.90393,4.465386,0,24.11791,0,-0.03479478,3.749349
510,20,9.433299,2.128821,2.017401,0,8.40965,0,-0.01134932,1.066683
510,25,4.533515,1.412491,1.024413,0,3.530451,0,-0.004543028,0.3796529
510,30,2.683403,1.176583,0.5660195,0,1.682873,0,-0.002102896,0.1575654
515,3,3590.891,1279.263,79.43695,0,1771.229,0,-2.487511,590.976
515,4,1596.943,499.7597,58.53496,0,1039.056,0,-1.506289,311.5476
515,5,840.0349,236.8702,42.94273,0,638.5688,0,-0.9485751,174.6101
515,6,491.904,126.7695,32.15939,0,410.2431,0,-0.6174625,103.0134
515,7,310.0854,73.82742,24.57727,0,273.8304,0,-0.4136702,63.48636
515,8,206.2652,45.80533,19.11391,0,188.8252,0,-0.2842798,40.62073
515,10,102.3666,20.32855,12.06727,0,97.21778,0,-0.1433891,18.25031
515,12,56.62352,10.44406,7.975962,0,54.40696,0,-0.07788968,9.055056
515,15,26.8052,4.785084,4.5792,0,25.56867,0,-0.03488198,3.639789
515,20,10.02376,2.095067,2.068821,0,9.001431,0,-0.01147973,1.036717
515,25,4.799925,1.399968,1.050524,0,3.797034,0,-0.004639796,0.3691394
515,30,2.814039,1.171066,0.5804463,0,1.81354,0,-0.002168276,0.1532137
520,3,3366.821,1169.359,81.86776,0,1713.86,0,-2.377987,544.5341
520,4,1522.566,458.4553,60.32616,0,1015.392,0,-1.439433,287.4413
520,5,813.1109,217.9475,44.2568,0,629.8202,0,-0.9065112,161.2962
520,6,482.5228,116.9417,33.14348,0,408.1522,0,-0.5903041,95.26451
520,7,307.7144,68.258,25.32935,0,274.6386,0,-0.3957377,58.76911
520,8,206.7462,42.43849,19.69881,0,190.7861,0,-0.2722052,37.63541
520,10,104.2649,18.91293,12.43654,0,99.48876,0,-0.1376401,16.93311
520,12,58.36213,9.763656,8.22003,0,56.2547,0,-0.07500762,8.410321
520,15,27.96351,4.516036,4.719326,0,26.74819,0,-0.03378912,3.384167
520,20,10.55456,2.017673,2.132128,0,9.534233,0,-0.01124851,0.964748
520,25,5.052092,1.371577,1.08267,0,4.049462,0,-0.004601991,0.3436201
520,30,2.941527,1.158818,0.5982082,0,1.941073,0,-0.002176066,0.14263
525,3,3096.382,1043.717,85.35261,0,1626.04,0,-2.211509,488.0531
525,4,1425.177,410.0178,62.89405,0,973.8198,0,-1.338075,257.8157
525,5,773.2955,195.2719,46.14067,0,610.0721,0,-0.8427204,144.7705
525,6,465.3394,104.9512,34.55429,0,399.0361,0,-0.5490089,85.55705
525,7,300.3598,61.36181,26.40754,0,270.8076,0,-0.3683413,52.80971
525,8,203.9131,38.219,20.53732,0,189.5954,0,-0.2536338,33.8355
525,10,104.5619,17.10712,12.96592,0,100.1999,0,-0.1286235,15.23545
525,12,59.25729,8.885791,8.569931,0,57.27127,0,-0.0703571,7.571522
525,15,28.76068,4.165657,4.920213,0,27.56896,0,-0.03190967,3.048412
525,20,10.97752,1.916492,2.222886,0,9.959425,0,-0.01076194,0.869451
525,25,5.26611,1.334577,1.128756,0,4.263768,0,-0.004462493,0.3097307
525,30,3.053907,1.142954,0.6236721,0,2.053503,0,-0.002137028,0.1285673
530,3,2823.329,922.7183,90.32877,0,1524.654,0,-2.029156,431.8805
530,4,1321.36,362.728,66.56085,0,922.6057,0,-1.227157,228.1943
530,5,727.7144,172.8821,48.83072,0,583.4353,0,-0.7729057,128.1644
530,6,443.6104,93.00293,36.56885,0,384.932,0,-0.5037702,75.7577
530,7,289.5324,54.439,27.94713,0,263.3137,0,-0.3382767,46.76914
530,8,198.4411,33.95805,21.73467,0,185.6781,0,-0.2332037,29.96981
530,10,103.3132,15.26796,13.72185,0,99.34368,0,-0.1186351,13.49812
530,12,59.21806,7.986887,9.069568,0,57.34714,0,-0.06515455,6.709337
530,15,29.09154,3.805312,5.207067,0,27.92219,0,-0.02976315,2.70177
530,20,11.23322,1.812241,2.352483,0,10.21723,0,-0.01017457,0.7706998
530,25,5.412048,1.296508,1.194564,0,4.409979,0,-0.004276676,0.2745667
530,30,3.135873,1.126677,0.6600329,0,2.135516,0,-0.002073789,0.1139722
535,3,2565.823,815.5885,97.00072,0,1417.105,0,-1.85676,381.2904
535,4,1217.861,320.5482,71.47722,0,865.1188,0,-1.122345,201.4413
535,5,679.0846,152.7913,52.4375,0,551.3919,0,-0.7069306,113.127
535,6,418.4172,82.2296,39.26993,0,366.4191,0,-0.4609993,66.86288
535,7,275.599,48.17289,30.01139,0,252.3021,0,-0.3098283,41.27448
535,8,190.3758,30.08947,23.34006,0,178.976,0,-0.2138492,26.44688
535,10,100.3675,13.59083,14.73538,0,96.74223,0,-0.1091409,11.91002
535,12,58.08248,7.164926,9.739473,0,56.31254,0,-0.06018642,5.919451
535,15,28.8386,3.47508,5.591676,0,27.68889,0,-0.02769364,2.383489
535,20,11.26473,1.716612,2.526244,0,10.2506,0,-0.009594395,0.6798597
535,25,5.462375,1.261611,1.282798,0,4.460546,0,-0.004085895,0.2421984
535,30,3.173511,1.111776,0.7087848,0,2.173195,0,-0.00200463,0.1005358
540,3,2328.913,724.2712,105.4291,0,1307.149,0,-1.705068,337.8031
540,4,1117.231,284.4618,77.68789,0,803.4697,0,-1.03014,178.4121
540,5,628.8088,135.5515,56.99381,0,515.1738,0,-0.6488902,100.1659
540,6,390.5746,72.96302,42.6821,0,344.2401,0,-0.4233639,59.18717
540,7,259.0519,42.77295,32.61908,0,238.2328,0,-0.2847857,36.52794
540,8,180.0238,26.75062,25.36808,0,169.7802,0,-0.196802,23.40082
540,10,95.85134,12.14026,16.01574,0,92.51811,0,-0.1007653,10.53485
540,12,55.9055,6.453047,10.58574,0,54.22125,0,-0.05579389,5.234726
540,15,28.01804,3.188766,6.077538,0,26.88499,0,-0.02585564,2.107283
540,20,11.0734,1.633661,2.74575,0,10.06085,0,-0.009073348,0.6009577
540,25,5.416427,1.231351,1.39426,0,4.414801,0,-0.003911624,0.214075
540,30,3.16613,1.098864,0.7703713,0,2.16585,0,-0.001939807,0.08886077
545,3,2113.397,646.7414,115.4759,0,1199.174,0,-1.575074,300.7807
545,4,1021.705,253.7868,85.09109,0,740.9698,0,-0.9511291,158.7969
545,5,578.9687,120.8823,62.42498,0,477.2454,0,-0.5991544,89.1212
545,6,361.772,65.07186,46.74946,0,320.237,0,-0.3911117,52.64373
545,7,241.2135,38.17155,35.72749,0,222.4943,0,-0.2633227,32.4801
545,8,168.4114,23.90407,27.78551,0,159.1478,0,-0.1821895,20.80232
545,10,90.38783,10.90266,17.54195,0,87.30213,0,-0.09358288,9.361132
545,12,53.07547,5.845408,11.5945,0,51.46384,0,-0.05202504,4.650087
545,15,26.83147,2.944285,6.656692,0,25.71254,0,-0.02427679,1.871362
545,20,10.73588,1.562818,3.007404,0,9.724658,0,-0.00862451,0.5335427
545,25,5.307134,1.205509,1.527125,0,4.305681,0,-0.003760872,0.1900433
545,30,3.129267,1.08784,0.8437832,0,2.129016,0,-0.001883382,0.07888415
550,3,1917.506,579.3468,126.7266,0,1096.875,0,-1.462956,268.6469
550,4,932.7662,227.1389,93.38141,0,680.7668,0,-0.8829775,141.7747
550,5,531.4783,108.1451,68.50697,0,440.1183,0,-0.5562548,79.53811
550,6,333.7345,58.2224,51.3042,0,296.3747,0,-0.3632947,46.96704
550,7,223.509,34.17867,39.20837,0,206.6163,0,-0.2448139,28.9689
550,8,156.6825,21.43447,30.49262,0,148.2712,0,-0.1695907,18.54856
550,10,84.70004,9.829254,19.25104,0,81.82964,0,-0.08739376,8.343316
550,12,50.0537,5.318476,12.72413,0,48.50523,0,-0.04877989,4.143173
550,15,25.52346,2.732303,7.305245,0,24.41683,0,-0.02291946,1.666832
550,20,10.34667,1.501395,3.300412,0,9.336607,0,-0.008240122,0.4751041
550,25,5.175316,1.183102,1.675911,0,4.174013,0,-0.003632507,0.1692123
550,30,3.082148,1.07828,0.9259919,0,2.081922,0,-0.001835744,0.07023629
555,3,1738.561,519.0426,138.791,0,1001.926,0,-1.364363,240.0025
555,4,850.7428,203.3334,102.2714,0,624.5233,0,-0.823038,126.6091
555,5,487.2818,96.78076,75.02886,0,405.2163,0,-0.5185252,71.00438
555,6,307.4296,52.11725,56.18838,0,273.8137,0,-0.3388339,41.91418
555,7,206.7815,30.62239,42.94103,0,191.5265,0,-0.228543,25.84478
555,8,145.5341,19.23623,33.39553,0,137.887,0,-0.1585198,16.54396
555,10,79.24264,8.874583,21.08375,0,76.56522,0,-0.08196137,7.438519
555,12,47.13498,4.850067,13.93548,0,45.64313,0,-0.04593602,3.692729
555,15,24.25229,2.54394,8.000707,0,23.15667,0,-0.0217338,1.48516
555,20,9.96742,1.446824,3.614612,0,8.958395,0,-0.007907013,0.4232136
555,25,5.047613,1.163192,1.835459,0,4.046444,0,-0.003522607,0.1507175
555,30,3.037278,1.069782,1.014147,0,2.037076,0,-0.001795701,0.0625585
560,3,1576.824,464.7824,151.8346,0,915.9868,0,-1.277262,214.324
560,4,776.564,181.9476,111.8828,0,573.5992,0,-0.7700754,113.0208
560,5,447.2867,86.58425,82.08009,0,373.6033,0,-0.4851879,63.36194
560,6,283.6185,46.64474,61.46897,0,253.3783,0,-0.3172248,37.39104
560,7,191.6427,27.43702,46.97663,0,177.8642,0,-0.2141737,23.04928
560,8,135.4517,17.2684,36.53405,0,128.4933,0,-0.1487472,14.75082
560,10,74.32116,8.020686,23.0652,0,71.81769,0,-0.0771723,6.629616
560,12,44.51538,4.431314,15.24513,0,43.07455,0,-0.04343344,3.290187
560,15,23.12351,2.375612,8.752615,0,22.0378,0,-0.02069429,1.322873
560,20,9.640267,1.398064,3.954314,0,8.632178,0,-0.007617648,0.3768753
560,25,4.942906,1.145399,2.007955,0,3.941859,0,-0.003428502,0.1342035
560,30,3.003914,1.062187,1.109456,0,2.003733,0,-0.001762177,0.05570316
565,3,1432.893,415.9885,166.2058,0,840.3975,0,-1.20039,191.31
565,4,711.0609,162.744,122.4726,0,529.0562,0,-0.7233231,100.8484
565,5,412.2242,77.43855,89.84897,0,346.094,0,-0.4557604,56.5189
565,6,262.8921,41.74054,67.28701,0,235.6934,0,-0.298154,33.34267
565,7,178.5597,24.58442,51.42297,0,166.1112,0,-0.2014968,20.5481
565,8,126.8026,15.50712,39.992,0,120.4648,0,-0.1401301,13.14698
565,10,70.16598,7.25699,25.24833,0,67.81919,0,-0.07295566,5.906479
565,12,42.34309,4.056971,16.68809,0,40.94822,0,-0.04123448,2.930461
565,15,22.21764,2.225191,9.581051,0,21.14087,0,-0.01978471,1.177901
565,20,9.398075,1.354497,4.32859,0,8.390829,0,-0.007367134,0.3354938
565,25,4.876298,1.1295,2.198008,0,3.875359,0,-0.003348404,0.1194577
565,30,2.989658,1.055397,1.214466,0,1.989496,0,-0.001734423,0.04958191
570,3,1307.296,372.2853,182.4363,0,776.1576,0,-1.13288,170.7598
570,4,654.8792,145.5664,134.4324,0,491.6869,0,-0.682255,89.98398
570,5,382.6489,69.26612,98.623,0,323.2966,0,-0.4299114,50.41367
570,6,245.696,37.36177,73.8578,0,221.2262,0,-0.2814062,29.73213
570,7,167.8846,22.03905,56.44458,0,156.6294,0,-0.1903689,18.31817
570,8,119.8652,13.9363,43.89734,0,114.084,0,-0.1325705,11.71749
570,10,66.95317,6.576357,27.7139,0,64.74692,0,-0.06926278,5.262252
570,12,40.73282,3.723486,18.31773,0,39.37917,0,-0.03931323,2.610099
570,15,21.59835,2.091233,10.51667,0,20.52959,0,-0.01899394,1.048837
570,20,9.267765,1.315704,4.751291,0,8.261276,0,-0.007152095,0.2986636
570,25,4.860609,1.11534,2.412651,0,3.859768,0,-0.003281075,0.106335
570,30,3.001194,1.04935,1.333063,0,2.001049,0,-0.001711919,0.04413455
575,3,1200.628,333.4356,201.3342,0,724.147,0,-1.074137,152.5412
575,4,608.623,130.3141,148.3577,0,462.1845,0,-0.6465097,80.35603
575,5,359.0577,62.01635,108.839,0,305.7406,0,-0.4074134,45.00527
575,6,232.4237,33.48014,81.50845,0,210.3835,0,-0.2668338,26.53475
575,7,159.9276,19.78394,62.29147,0,149.7347,0,-0.1806915,16.34399
575,8,114.8848,12.54522,48.4445,0,109.5991,0,-0.126001,10.45228
575,10,64.84007,5.973983,30.58468,0,62.7589,0,-0.06606022,4.692305
575,12,39.78876,3.428459,20.2152,0,38.47179,0,-0.03765192,2.326763
575,15,21.32497,1.972759,11.60605,0,20.26335,0,-0.0183143,0.9347243
575,20,9.275578,1.281399,5.243459,0,8.269762,0,-0.006970211,0.2661083
575,25,4.90886,1.102818,2.662568,0,3.908106,0,-0.003225665,0.09473643
575,30,3.045563,1.044,1.47115,0,2.045433,0,-0.001694306,0.03931998
580,3,1113.762,299.2915,224.1285,0,685.4046,0,-1.023744,136.5664
580,4,573.043,116.9226,165.1543,0,441.3521,0,-0.615834,71.91675
580,5,342.0378,55.65601,121.1614,0,294.0324,0,-0.3881069,40.26609
580,6,223.5311,30.07684,90.73656,0,203.629,0,-0.2543332,23.73382
580,7,155.045,17.80768,69.34389,0,145.7869,0,-0.1723953,14.61504
580,8,112.1429,11.32663,53.92922,0,107.2932,0,-0.1203744,9.344486
580,10,64.00789,5.446583,34.04738,0,62.03678,0,-0.06332454,4.193449
580,12,39.63208,3.170238,22.50389,0,38.34739,0,-0.03623808,2.078834
580,15,21.4678,1.869093,12.92005,0,20.41245,0,-0.01774044,0.834899
580,20,9.453521,1.251385,5.837106,0,8.448297,0,-0.006819861,0.2376353
580,25,5.037356,1.09186,2.964015,0,4.036679,0,-0.003181581,0.08459312
580,30,3.131788,1.039318,1.637708,0,2.131671,0,-0.001681337,0.03510953
585,3,1048.046,269.7374,252.6647,0,661.4034,0,-0.9813639,122.7648
585,4,549.2223,105.3404,186.1818,0,430.3127,0,-0.5900241,64.62755
585,5,332.4152,50.15853,136.5877,0,289.0127,0,-0.3718638,36.17382
585,6,219.6516,27.1367,102.2892,0,201.6021,0,-0.2438212,21.31579
585,7,153.7292,16.10105,78.17281,0,145.281,0,-0.165425,13.12276
585,8,112.0275,10.27462,60.79553,0,107.5555,0,-0.1156528,8.388503
585,10,64.70626,4.991479,38.38231,0,62.8305,0,-0.06103701,3.763086
585,12,40.43007,2.947475,25.3691,0,39.17334,0,-0.03506177,1.864993
585,15,22.12436,1.779681,14.56504,0,21.07446,0,-0.01726811,0.7488172
585,20,9.846447,1.2255,6.58029,0,8.841736,0,-0.006699784,0.2130868
585,25,5.269157,1.08241,3.341396,0,4.268547,0,-0.003148369,0.07584843
585,30,3.272724,1.03528,1.846223,0,2.272619,0,-0.001672826,0.03147969
590,3,1004.242,244.3747,289.0971,0,653.445,0,-0.9463167,110.9408
590,4,538.0516,95.4081,213.0279,0,430.1232,0,-0.5686656,58.38443
590,5,330.9502,45.44692,156.2827,0,291.5021,0,-0.358423,32.66967
590,6,221.4011,24.61802,117.0385,0,204.943,0,-0.2351288,19.24571
590,7,156.4747,14.6396,89.44474,0,148.7221,0,-0.1596682,11.84547
590,8,114.9364,9.373996,69.56179,0,110.7889,0,-0.11176,7.570387
590,10,67.1982,4.602025,43.91675,0,65.40434,0,-0.05916035,3.39489
590,12,42.36194,2.756894,29.02714,0,41.12923,0,-0.03410363,1.682079
590,15,23.40084,1.703202,16.66521,0,22.3556,0,-0.01688935,0.6751999
590,20,10.50399,1.203361,7.529119,0,9.499718,0,-0.006607815,0.1920964
590,25,5.630039,1.074326,3.8232,0,4.629486,0,-0.003125355,0.06837167
590,30,3.482848,1.031825,2.112434,0,2.482752,0,-0.001668548,0.02837618
595,3,982.7133,222.574,335.8997,0,662.7717,0,-0.9176101,100.7963
595,4,540.323,86.8775,247.5154,0,441.8456,0,-0.551155,53.02959
595,5,338.3928,41.40279,181.5836,0,302.3475,0,-0.3474049,29.66488
595,6,229.4135,22.45725,135.9862,0,214.3248,0,-0.2280098,17.47105
595,7,163.8019,13.38631,103.9252,0,156.648,0,-0.1549615,10.75068
595,8,121.2948,8.6019,80.82331,0,117.4265,0,-0.1085849,6.869301
595,10,71.76959,4.268297,51.02654,0,70.04618,0,-0.05764036,3.079458
595,12,45.62446,2.593627,33.72641,0,44.41241,0,-0.03333546,1.525412
595,15,25.4149,1.637699,19.36318,0,24.37368,0,-0.01659258,0.6121603
595,20,11.48165,1.184401,8.748025,0,10.47776,0,-0.006540815,0.1741254
595,25,6.148986,1.067402,4.442146,0,5.148482,0,-0.003111563,0.06197079
595,30,3.778497,1.028865,2.454421,0,2.77841,0,-0.001668181,0.0257193
600,3,984.7735,203.7335,396.4358,0,691.5384,0,-0.8942806,92.04679
600,4,557.5075,79.51153,292.1229,0,467.2087,0,-0.5369063,48.41252
600,5,355.9838,37.91317,214.3088,0,322.8828,0,-0.3384405,27.07481
600,6,244.6874,20.59375,160.4937,0,230.7835,0,-0.2222252,15.94172
600,7,176.5092,12.30591,122.6546,0,169.8731,0,-0.1511458,9.807456
600,8,131.7429,7.936539,95.38935,0,128.1161,0,-0.1060194,6.265391
600,10,78.84161,3.980842,60.22258,0,77.17914,0,-0.05642411,2.807836
600,12,50.50362,2.45304,39.80461,0,49.30944,0,-0.03272962,1.390536
600,15,28.33537,1.581307,22.85283,0,27.29762,0,-0.01636632,0.5579022
600,20,12.85801,1.168079,10.3246,0,11.85445,0,-0.006495609,0.1586607
600,25,6.866707,1.061442,5.242714,0,5.866245,0,-0.003105966,0.05646304
600,30,4.182488,1.026317,2.896759,0,3.182408,0,-0.001671364,0.02343316
605,3,1013.192,187.3003,475.3497,0,743.2903,0,-0.8754362,84.43196
605,4,592.1082,73.09272,350.2725,0,508.9535,0,-0.5253772,44.39551
605,5,385.7081,34.87452,256.9687,0,355.1786,0,-0.3311885,24.82204
605,6,268.7729,18.97203,192.4414,0,255.9037,0,-0.2175537,14.61192
605,7,195.813,11.36612,147.0701,0,189.6292,0,-0.1480741,8.987494
605,8,147.2448,7.357985,114.3774,0,143.8289,0,-0.1039634,5.740517
605,10,89.03842,3.731019,72.2104,0,87.42917,0,-0.05546242,2.571845
605,12,57.41891,2.330898,47.72806,0,56.24034,0,-0.03226038,1.273384
605,15,32.40728,1.532327,27.40188,0,31.37257,0,-0.01619984,0.5107861
605,20,14.7459,1.153905,12.3798,0,13.74263,0,-0.006469172,0.1452346
605,25,7.841209,1.056265,6.286321,0,6.840784,0,-0.003107563,0.05168167
605,30,4.727165,1.024103,3.473383,0,3.727092,0,-0.001677729,0.02144855
610,3,1072.79,172.7753,579.1297,0,823.5492,0,-0.8602696,77.71749
610,4,648.0939,67.42499,426.7451,0,571.2637,0,-0.5160772,40.85474
610,5,430.6112,32.19363,313.071,0,402.3579,0,-0.3253401,22.83701
610,6,304.0081,17.54217,234.4558,0,292.0546,0,-0.2137951,13.44052
610,7,223.529,10.53794,179.1789,0,217.7453,0,-0.1456129,8.2654
610,8,169.2283,6.848345,139.3487,0,165.999,0,-0.1023261,5.2784
610,10,103.2752,3.51108,87.97562,0,101.713,0,-0.05471068,2.364152
610,12,66.98133,2.223404,58.14821,0,65.81657,0,-0.03190431,1.170309
610,15,37.98513,1.489233,33.38435,0,36.9531,0,-0.01608333,0.4693433
610,20,17.30729,1.141435,15.0826,0,16.30427,0,-0.006458712,0.133428
610,25,9.15537,1.05171,7.658771,0,8.154978,0,-0.003115416,0.04747738
610,30,5.458574,1.022155,4.231704,0,4.458506,0,-0.001686926,0.0197035
615,3,1171.274,159.7107,716.952,0,940.6551,0,-0.8480588,71.69435
615,4,731.5183,62.33294,528.3026,0,660.3868,0,-0.5085674,37.67979
615,5,495.2539,29.78722,387.5762,0,469.0513,0,-0.3206191,21.05772
615,6,353.8595,16.25963,290.252,0,342.7309,0,-0.2107701,12.39089
615,7,262.3316,9.795508,221.8202,0,256.9085,0,-0.1436431,7.618564
615,8,199.7877,6.391679,172.5111,0,196.7264,0,-0.1010263,4.864556
615,10,122.8861,3.314127,108.9122,0,121.3664,0,-0.05412892,2.178235
615,12,80.07808,2.127182,71.98642,0,78.92575,0,-0.03164039,1.078071
615,15,45.58143,1.45067,41.32921,0,44.55182,0,-0.01600794,0.4322692
615,20,20.7753,1.130277,18.67198,0,19.7725,0,-0.006461694,0.1228687
615,25,10.9281,1.047635,9.481419,0,9.927733,0,-0.00312866,0.04371764
615,30,6.442627,1.020412,5.238772,0,5.442564,0,-0.001698623,0.01814299
620,3,1320.678,147.7185,902.1021,0,1107.19,0,-0.8381769,66.18198
620,4,851.5714,57.66472,664.7348,0,785.6809,0,-0.502467,34.77534
620,5,586.4821,27.58331,487.6663,0,562.165,0,-0.3167857,19.43069
620,6,423.4978,15.08594,365.2085,0,413.1275,0,-0.2083233,11.43143
620,7,316.1945,9.116513,279.1045,0,311.1028,0,-0.142061,7.02749
620,8,242.0251,5.974238,217.0615,0,239.1183,0,-0.09999337,4.486499
620,10,149.8401,3.134218,137.0384,0,148.3593,0,-0.05368234,2.008475
620,12,98.01497,2.039325,90.57663,0,96.87406,0,-0.03145031,0.993878
620,15,55.94856,1.415472,52.00232,0,54.92117,0,-0.01596595,0.3984408
620,20,25.49113,1.120094,23.49395,0,24.48854,0,-0.00647588,0.1132366
620,25,13.33309,1.043914,11.92996,0,12.33275,0,-0.003146526,0.04028839
620,30,7.775473,1.01882,6.591665,0,6.775415,0,-0.001712523,0.01671968
625,3,1542.065,136.6234,1156.263,0,1344.459,0,-0.8302957,61.09638
625,4,1023.92,53.35084,852.0194,0,962.8878,0,-0.4975767,32.09688
625,5,715.837,25.54863,625.0631,0,693.2673,0,-0.3137144,17.93084
625,6,521.5868,14.00319,468.1036,0,511.9192,0,-0.2063732,10.54728
625,7,391.7493,8.490507,357.7403,0,386.9645,0,-0.1408124,6.482985
625,8,301.1039,5.589557,278.2171,0,298.3402,0,-0.09919012,4.138325
625,10,187.4021,2.968539,175.648,0,185.9574,0,-0.05335242,1.852206
625,12,122.9524,1.958452,116.096,0,121.8221,0,-0.03132416,0.9164016
625,15,70.32829,1.383082,66.65364,0,69.30297,0,-0.01595306,0.3673215
625,20,32.01655,1.110725,30.11322,0,31.01416,0,-0.006499946,0.1043785
625,25,16.65586,1.040491,15.29115,0,15.65555,0,-0.003168517,0.03713497
625,30,9.614974,1.017355,8.448824,0,8.61492,0,-0.00172841,0.01541088
630,3,1870.83,126.3954,1515.015,0,1687.892,0,-0.8242974,56.41982
630,4,1274.673,49.37824,1116.374,0,1218.126,0,-0.4938257,29.63474
630,5,902.481,23.67648,819.0002,0,881.5244,0,-0.3113607,16.55259
630,6,662.4813,13.0076,613.3412,0,653.4624,0,-0.2048905,9.735061
630,7,499.9688,7.915188,468.7358,0,495.4675,0,-0.1398774,5.98292
630,8,385.5595,5.23617,364.539,0,382.9279,0,-0.09860294,3.818646
630,10,240.9624,2.816428,230.146,0,239.551,0,-0.05313216,1.708782
630,12,158.454,1.884228,152.1169,0,157.3334,0,-0.03125806,0.8453152
630,15,90.76725,1.353364,87.33414,0,89.74382,0,-0.01596745,0.3387772
630,20,41.27654,1.10213,39.4564,0,40.27433,0,-0.006533248,0.09625525
630,25,21.36623,1.03735,20.0355,0,20.36594,0,-0.003194351,0.03424344
630,30,12.22078,1.01601,11.07022,0,11.22073,0,-0.001746144,0.01421079
635,3,2361.79,117.0219,2033.285,0,2192.316,0,-0.8201023,52.14309
635,4,1644.234,45.74078,1498.273,0,1591.803,0,-0.4911657,27.38381
635,5,1176.059,21.9635,1099.171,0,1156.583,0,-0.309694,15.29293
635,6,868.3846,12.09717,823.1586,0,859.9609,0,-0.2038555,8.992932
635,7,657.8232,7.389319,629.0852,0,653.5818,0,-0.1392427,5.526114
635,8,508.5905,4.913273,489.2439,0,506.0802,0,-0.09822253,3.526683
635,10,318.8548,2.677511,308.8765,0,317.4741,0,-0.05301675,1.577839
635,12,210.0286,1.816464,204.1544,0,208.917,0,-0.03124931,0.7804308
635,15,120.4286,1.326239,117.2102,0,119.4069,0,-0.01600784,0.31273
635,20,54.70043,1.094286,52.954,0,53.69838,0,-0.00657531,0.08884421
635,25,28.1901,1.034483,26.88943,0,27.18983,0,-0.003223815,0.03160561
635,30,15.994,1.014783,14.85723,0,14.99395,0,-0.001765615,0.01311601
640,3,3088.753,108.5024,2784.942,0,2931.532,0,-0.8176583,48.26295
640,4,2186.989,42.43721,2052.149,0,2138.303,0,-0.4895653,25.34214
640,5,1576.472,20.40869,1505.508,0,1558.343,0,-0.3086947,14.15067
640,6,1169.179,11.2712,1127.46,0,1161.296,0,-0.2032551,8.320116
640,7,888.1494,6.912417,861.6428,0,884.1445,0,-0.1388996,5.112056
640,8,687.9582,4.620531,670.1055,0,685.558,0,-0.09804278,3.262089
640,10,432.2933,2.551622,423.0607,0,430.9403,0,-0.05300296,1.459205
640,12,285.0886,1.755071,279.6254,0,283.9852,0,-0.03129604,0.7216583
640,15,163.5682,1.301669,160.54,0,162.5481,0,-0.01607332,0.2891413
640,20,74.21112,1.087181,72.52981,0,73.20922,0,-0.006625787,0.08213392
640,25,38.10395,1.031886,36.8298,0,37.10371,0,-0.003256748,0.02921735
640,30,21.47421,1.013671,20.34959,0,20.47417,0,-0.001786739,0.01212483
645,3,4100.385,100.8463,3818.672,0,3954.187,0,-0.8169355,44.78107
645,4,2938.792,39.47023,2813.877,0,2893.475,0,-0.4890068,23.51043
645,5,2130.021,19.01297,2064.331,0,2113.102,0,-0.3083516,13.12607
645,6,1584.559,10.53003,1545.957,0,1577.163,0,-0.203082,7.716716
645,7,1206,6.484609,1181.472,0,1202.208,0,-0.1388429,4.740778
645,8,935.3687,4.357989,918.8389,0,933.0677,0,-0.09806011,3.024867
645,10,588.6685,2.438758,580.0946,0,587.3406,0,-0.05308887,1.352868
645,12,388.5191,1.700042,383.4183,0,387.423,0,-0.03139713,0.6689873
645,15,222.991,1.27965,220.1301,0,221.9723,0,-0.01616331,0.2680052
645,20,101.076,1.080814,99.45182,0,100.0742,0,-0.006684436,0.07612217
645,25,51.75139,1.029559,50.50049,0,50.75117,0,-0.00329303,0.02707782
645,30,29.01705,1.012674,27.90306,0,28.01701,0,-0.001809448,0.01123688
650,3,5235.712,94.07094,4973.49,0,5099.276,0,-0.817922,41.70303
650,4,3781.012,36.84575,3664.831,0,3738.678,0,-0.4894831,21.89142
650,5,2749.669,17.77881,2688.613,0,2733.823,0,-0.3086601,12.22058
650,6,2049.344,9.874839,2013.476,0,2042.38,0,-0.2033333,7.183536
650,7,1561.56,6.106517,1538.765,0,1557.956,0,-0.1390706,4.412746
650,8,1212.081,4.125999,1196.708,0,1209.868,0,-0.09827298,2.815299
650,10,763.522,2.339054,755.5232,0,762.2162,0,-0.05327355,1.258944
650,12,504.1542,1.651438,499.3692,0,503.0646,0,-0.03155199,0.6224706
650,15,289.4157,1.260205,286.7004,0,288.3983,0,-0.01627747,0.2493412
650,20,131.1019,1.075191,129.5274,0,130.1002,0,-0.006751097,0.07081412
650,25,67.00326,1.027503,65.77253,0,66.00305,0,-0.003332575,0.02518881
650,30,37.44609,1.011794,36.34132,0,36.44605,0,-0.001833694,0.0104529
655,3,5864.444,88.19991,5619.072,0,5736.472,0,-0.8206199,39.03745
655,4,4249.184,34.57214,4140.544,0,4209.437,0,-0.4909957,20.48949
655,5,3094.67,16.70988,3037.608,0,3079.753,0,-0.3096213,11.43657
655,6,2308.349,9.307458,2274.835,0,2301.758,0,-0.2040093,6.721921
655,7,1759.808,5.779138,1738.504,0,1756.368,0,-0.139583,4.128765
655,8,1366.425,3.925146,1352.047,0,1364.288,0,-0.09868147,2.633884
655,10,861.0988,2.252746,853.5936,0,859.8121,0,-0.05355693,1.177645
655,12,568.7038,1.609367,564.1897,0,567.6198,0,-0.03176048,0.58221
655,15,326.506,1.243374,323.9155,0,325.4897,0,-0.01641566,0.2331885
655,20,147.8726,1.070325,146.3407,0,146.8711,0,-0.006825677,0.0662206
655,25,75.52359,1.025725,74.31011,0,74.52339,0,-0.003375325,0.02355411
655,30,42.15548,1.011032,41.0586,0,41.15544,0,-0.00185944,0.009774474
660,3,5391.642,83.26131,5160.426,0,5270.789,0,-0.8250416,36.79519
660,4,3904.892,32.65961,3802.579,0,3867.32,0,-0.4935522,19.3102
660,5,2843.38,15.8107,2789.669,0,2829.246,0,-0.3112398,10.77707
660,6,2120.696,8.830186,2089.155,0,2114.42,0,-0.2051132,6.333618
660,7,1616.657,5.503753,1596.602,0,1613.353,0,-0.1403819,3.889885
660,8,1255.233,3.756194,1241.688,0,1253.16,0,-0.09928682,2.481282
660,10,791.0124,2.180145,783.9206,0,789.7418,0,-0.05393951,1.109259
660,12,522.426,1.573978,518.1387,0,521.3468,0,-0.03202278,0.5483438
660,15,299.9626,1.229217,297.4765,0,298.9472,0,-0.01657789,0.2196013
660,20,135.8923,1.066232,134.3959,0,134.8908,0,-0.00690813,0.06235666
660,25,69.44373,1.024228,68.24468,0,68.44354,0,-0.003421241,0.02217905
660,30,38.79755,1.010391,37.70726,0,37.79752,0,-0.001886657,0.009203801
665,3,4238.584,79.24786,4018.869,0,4123.513,0,-0.8311525,34.97149
665,4,3058.568,31.10483,2961.397,0,3022.763,0,-0.4971319,18.35093
665,5,2223.545,15.07953,2172.556,0,2210.046,0,-0.3135026,10.24056
665,6,1656.942,8.442002,1627.006,0,1650.922,0,-0.2066365,6.017698
665,7,1262.45,5.279734,1243.412,0,1259.258,0,-0.1414616,3.695517
665,8,979.8765,3.618736,967.0098,0,977.8553,0,-0.100085,2.357105
665,10,617.2619,2.121067,610.5066,0,616.0045,0,-0.05441922,1.053605
665,12,407.622,1.545177,403.5193,0,406.5465,0,-0.03233774,0.5207799
665,15,234.0717,1.217694,231.6706,0,233.057,0,-0.01676362,0.2085416
665,20,106.1331,1.0629,104.6657,0,105.1317,0,-0.006998264,0.05921124
665,25,54.33531,1.02301,53.14802,0,53.33514,0,-0.003470237,0.02105966
665,30,30.45081,1.009869,29.3659,0,29.45078,0,-0.001915304,0.008739235
670,3,3137.272,76.0445,2926.742,0,3026.81,0,-0.8387681,33.51367
670,4,2249.702,29.86309,2156.637,0,2215.307,0,-0.5016227,17.58396
670,5,1630.976,14.49527,1582.164,0,1617.984,0,-0.3163392,9.811514
670,6,1213.52,8.131695,1184.867,0,1207.703,0,-0.2085332,5.76501
670,7,923.739,5.1006,905.5146,0,920.6362,0,-0.1427916,3.540026
670,8,716.548,3.508793,704.2249,0,714.5683,0,-0.1010553,2.257752
670,10,451.0865,2.073798,444.6015,0,449.8396,0,-0.05498576,1.009065
670,12,297.8172,1.522129,293.863,0,296.7448,0,-0.03269991,0.4987173
670,15,171.0468,1.208471,168.7141,0,170.0327,0,-0.01697053,0.1996877
670,20,77.66685,1.060233,76.22278,0,76.66552,0,-0.007095386,0.05669278
670,25,39.88286,1.022036,38.70505,0,38.88269,0,-0.003522067,0.02016335
670,30,22.4663,1.009452,21.38572,0,21.46627,0,-0.001945279,0.008367244
675,3,2333.424,73.52562,2130.125,0,2226.581,0,-0.8476916,32.36463
675,4,1659.462,28.88571,1569.632,0,1626.172,0,-0.506905,16.97924
675,5,1198.617,14.03504,1151.522,0,1186.022,0,-0.3196743,9.473124
675,6,890.0016,7.887108,862.3635,0,884.3444,0,-0.2107546,5.565659
675,7,676.6268,4.959337,659.0469,0,673.5938,0,-0.1443393,3.417326
675,8,524.4374,3.42206,512.5453,0,522.4903,0,-0.1021754,2.179333
675,10,329.8579,2.036487,323.5875,0,328.6191,0,-0.05562815,0.9738974
675,12,217.7139,1.50393,213.8778,0,216.6439,0,-0.03310347,0.4812921
675,15,125.0707,1.201187,122.7926,0,124.0571,0,-0.01719613,0.1926929
675,20,56.90148,1.058126,55.47606,0,55.9002,0,-0.007198765,0.05470271
675,25,29.34034,1.021266,28.1701,0,28.34017,0,-0.003576471,0.01945503
675,30,16.64196,1.009122,15.56484,0,15.64193,0,-0.001976477,0.008073272
680,3,1789.333,71.5754,1591.645,0,1685.285,0,-0.8577425,31.47187
680,4,1260.157,28.12787,1172.841,0,1227.722,0,-0.5128692,16.50916
680,5,906.183,13.67777,860.4257,0,893.8959,0,-0.3234389,9.20996
680,6,671.21,7.697066,644.3643,0,665.6765,0,-0.2132559,5.41056
680,7,509.5201,4.849498,492.4446,0,506.5412,0,-0.1460749,3.321826
680,8,394.5317,3.354582,382.9776,0,392.6098,0,-0.1034249,2.118278
680,10,247.8884,2.007436,241.7869,0,246.656,0,-0.05633631,0.946502
680,12,163.5539,1.489752,159.811,0,162.4858,0,-0.0335431,0.4677127
680,15,93.98647,1.19551,91.75155,0,92.97324,0,-0.01743816,0.1872397
680,20,42.86275,1.056484,41.45212,0,41.8615,0,-0.007307729,0.05315071
680,25,22.21312,1.020666,21.04891,0,21.21296,0,-0.00363321,0.01890257
680,30,12.70452,1.008865,11.63016,0,11.7045,0,-0.002008801,0.00784398
685,3,1422.24,70.0868,1228.848,0,1320.317,0,-0.8687549,30.78702
685,4,990.8939,27.5482,905.5054,0,959.1096,0,-0.5194146,16.14831
685,5,709.0296,13.40404,664.3017,0,696.9765,0,-0.3275696,9.00781
685,6,523.7227,7.551274,497.489,0,518.2833,0,-0.2159959,5.291349
685,7,396.8822,4.765148,380.1976,0,393.9444,0,-0.147971,3.248386
685,8,306.9737,3.302721,295.6823,0,305.0709,0,-0.1047852,2.071304
685,10,192.6439,1.985083,186.6744,0,191.4164,0,-0.05710099,0.9254087
685,12,127.0538,1.478836,123.384,0,125.9871,0,-0.03401388,0.4572512
685,15,73.03882,1.191136,70.83785,0,72.02587,0,-0.01769452,0.1830362
685,20,33.40255,1.055219,32.00359,0,32.40132,0,-0.00742166,0.05195384
685,25,17.41051,1.020203,16.25106,0,16.41035,0,-0.003692064,0.01847645
685,30,10.05138,1.008668,8.979203,0,9.051356,0,-0.002042163,0.007667121
690,3,1169.025,68.96058,978.8959,0,1068.702,0,-0.8805758,30.26535
690,4,805.2439,27.1084,721.3221,0,773.9496,0,-0.5264484,15.87318
690,5,573.1212,13.19589,529.1802,0,561.2445,0,-0.3320079,8.853548
690,6,422.0613,7.440214,396.2979,0,416.6929,0,-0.2189367,5.200307
690,7,319.247,4.700803,302.864,0,316.3402,0,-0.1500022,3.192258
690,8,246.6273,3.263117,235.5394,0,244.739,0,-0.1062389,2.035381
690,10,154.5708,1.967987,148.7041,0,153.3469,0,-0.05791363,0.9092614
690,12,101.8999,1.47048,98.28721,0,100.8343,0,-0.03451132,0.4492367
690,15,58.60342,1.187786,56.42916,0,57.59067,0,-0.0179633,0.1798136
690,20,26.88366,1.05425,25.49394,0,25.88246,0,-0.007539985,0.05103566
690,25,14.10121,1.019849,12.94553,0,13.10105,0,-0.003752828,0.01814949
690,30,8.223248,1.008516,7.152799,0,7.223221,0,-0.00207648,0.007531407
695,3,989.0822,68.10448,801.4433,0,889.9678,0,-0.8930641,29.8654
695,4,673.3625,26.77286,590.562,0,642.4385,0,-0.5338847,15.662
695,5,476.5873,13.03665,433.2513,0,464.844,0,-0.3366998,8.735011
695,6,349.8576,7.355059,324.4576,0,344.5428,0,-0.2220432,5.130279
695,7,264.1098,4.651382,247.9613,0,261.2265,0,-0.1521451,3.149048
695,8,203.7702,3.232657,192.8412,0,201.8928,0,-0.1077702,2.007704
695,10,127.533,1.954814,121.7473,0,126.3119,0,-0.05876637,0.8968049
695,12,84.03727,1.464033,80.46986,0,82.97249,0,-0.03503121,0.4430484
695,15,48.35279,1.185199,46.19977,0,47.3402,0,-0.01824271,0.1773229
695,20,22.25478,1.053501,20.87244,0,21.25359,0,-0.007662178,0.0503255
695,25,11.75144,1.019576,10.59878,0,10.75128,0,-0.003815315,0.01789653
695,30,6.92521,1.008399,5.856151,0,5.925183,0,-0.002111675,0.007426408
700,3,857.1571,67.43239,671.4776,0,758.9848,0,-0.9060887,29.54857
700,4,576.7112,26.50844,494.7938,0,546.0762,0,-0.541644,15.4945
700,5,405.8505,12.91077,362.9933,0,394.2114,0,-0.3415952,8.640886
700,6,296.9526,7.287595,271.8421,0,291.6798,0,-0.2252829,5.074616
700,7,223.7116,4.612158,207.7508,0,220.8466,0,-0.1543782,3.11467
700,8,172.3703,3.208448,161.5692,0,170.5015,0,-0.1093642,1.985667
700,10,107.7244,1.944323,102.0042,0,106.5055,0,-0.05965188,0.8868736
700,12,70.95109,1.458893,67.42051,0,69.88694,0,-0.03556971,0.4381099
700,15,40.84344,1.183134,38.70781,0,39.83097,0,-0.01853109,0.1753334
700,20,18.86394,1.052903,17.48767,0,17.86277,0,-0.007787749,0.04975777
700,25,10.03019,1.019358,8.880038,0,9.030039,0,-0.003879351,0.01769425
700,30,5.974402,1.008306,4.906491,0,4.974376,0,-0.002147677,0.00734244
705,3,757.4078,66.86365,573.3839,0,660.0289,0,-0.9195278,29.27878
705,4,503.6839,26.28408,422.5112,0,473.2925,0,-0.5496523,15.35175
705,5,352.4173,12.80376,309.9649,0,340.866,0,-0.3466476,8.560611
705,6,256.9946,7.230147,232.1297,0,251.7572,0,-0.2286256,5.027111
705,7,193.2022,4.578717,177.4012,0,190.3528,0,-0.1566813,3.085312
705,8,148.6582,3.187789,137.9661,0,146.7966,0,-0.1110072,1.966837
705,10,92.76681,1.935359,87.10277,0,91.54968,0,-0.06056336,0.8783806
705,12,61.07019,1.454497,57.57129,0,60.00657,0,-0.0361232,0.4338838
705,15,35.17374,1.181367,33.05313,0,34.16138,0,-0.01882692,0.1736298
705,20,16.30397,1.052391,14.93296,0,15.30281,0,-0.007916242,0.04927139
705,25,8.730775,1.019171,7.582785,0,7.730624,0,-0.003944773,0.01752092
705,30,5.256635,1.008226,4.189719,0,4.256609,0,-0.002184422,0.007270488
710,3,679.8186,66.33969,497.3105,0,583.1698,0,-0.9332925,29.02988
710,4,446.9489,26.07727,366.4548,0,416.7817,0,-0.5578558,15.22003
710,5,310.9245,12.70506,268.8405,0,299.454,0,-0.351823,8.486525
710,6,225.9735,7.177146,201.332,0,220.7687,0,-0.2320493,4.983261
710,7,169.5202,4.547856,153.8646,0,166.685,0,-0.1590396,3.05821
710,8,130.2543,3.16872,119.6616,0,128.3993,0,-0.1126892,1.949453
710,10,81.15929,1.927083,75.54647,0,79.94384,0,-0.06149585,0.8705377
710,12,53.40307,1.450438,49.93306,0,52.33994,0,-0.03668905,0.4299808
710,15,30.77475,1.179736,28.66782,0,29.76248,0,-0.01912907,0.1720562
710,20,14.31796,1.051919,12.95174,0,13.3168,0,-0.008047326,0.04882207
710,25,7.72276,1.018999,6.576744,0,6.72261,0,-0.004011463,0.01736079
710,30,4.699859,1.008153,3.633851,0,3.699833,0,-0.002221859,0.007204016
715,3,618.1964,65.85455,437.0825,0,522.223,0,-0.9473719,28.79914
715,4,401.9475,25.88567,322.0743,0,371.9878,0,-0.5662476,15.0979
715,5,278.0293,12.61359,236.2819,0,266.6337,0,-0.3571171,8.417821
715,6,201.3865,7.128012,176.9492,0,196.2119,0,-0.2355512,4.942592
715,7,150.7532,4.519239,135.2304,0,147.9312,0,-0.1614513,3.033071
715,8,115.6715,3.151034,105.1696,0,113.8228,0,-0.1144089,1.933325
715,10,71.96322,1.919404,66.39722,0,70.74932,0,-0.06244871,0.8632608
715,12,47.32937,1.446672,43.88578,0,46.2667,0,-0.03726693,0.426359
715,15,27.29033,1.178222,25.19593,0,26.27815,0,-0.01943739,0.1705958
715,20,12.74501,1.05148,11.38319,0,11.74386,0,-0.008180948,0.04840504
715,25,6.924459,1.018839,5.78025,0,5.92431,0,-0.004079399,0.01721216
715,30,4.258942,1.008085,3.193764,0,3.258916,0,-0.002259979,0.007142317
720,3,568.4246,65.41148,388.5752,0,473.0668,0,-0.9617682,28.58789
720,4,365.6439,25.71051,286.3306,0,335.8732,0,-0.5748292,14.98606
720,5,251.5035,12.5299,210.0594,0,240.1762,0,-0.362531,8.354886
720,6,181.5648,7.083029,157.3114,0,176.4176,0,-0.2391318,4.905328
720,7,135.6255,4.493029,120.2226,0,132.8155,0,-0.1639169,3.010031
720,8,103.9179,3.13483,93.49795,0,102.0747,0,-0.1161666,1.918541
720,10,64.55212,1.912366,59.02848,0,63.33964,0,-0.06342206,0.8565882
720,12,42.435,1.443218,39.01535,0,41.37275,0,-0.03785688,0.4230371
720,15,24.48273,1.176833,22.3997,0,23.47063,0,-0.01975189,0.1692561
720,20,11.47772,1.051078,10.11988,0,10.47658,0,-0.008317109,0.04802238
720,25,6.281328,1.018692,5.13876,0,5.28118,0,-0.004148579,0.01707578
720,30,3.903745,1.008022,2.839321,0,2.903719,0,-0.002298781,0.007085699
725,3,527.6494,65.01362,348.9271,0,432.8428,0,-0.9764842,28.39746
725,4,335.9323,25.55296,257.115,0,306.3311,0,-0.5836024,14.88518
725,5,229.8018,12.45453,188.6261,0,218.5355,0,-0.3680656,8.298098
725,6,165.3504,7.042479,141.2602,0,160.2279,0,-0.2427919,4.871689
725,7,123.2522,4.469384,107.9558,0,120.4529,0,-0.1664367,2.989225
725,8,94.30486,3.120203,83.95794,0,92.46675,0,-0.1179625,1.905187
725,10,58.49137,1.906008,53.00554,0,57.28017,0,-0.06441602,0.8505574
725,12,38.43268,1.440097,35.03444,0,37.3708,0,-0.03845896,0.4200336
725,15,22.187,1.175577,20.11416,0,21.17498,0,-0.0200726,0.1680443
725,20,10.44157,1.050714,9.087306,0,9.440432,0,-0.008455809,0.04767615
725,25,5.755524,1.018559,4.614429,0,4.755377,0,-0.004219002,0.01695236
725,30,3.61336,1.007965,2.549613,0,2.613334,0,-0.002338263,0.007034465
730,3,493.8453,64.66408,316.1049,0,399.5206,0,-0.9915225,28.22914
730,4,311.3177,25.41418,232.9292,0,281.8647,0,-0.5925687,14.79595
730,5,211.8262,12.38801,170.8828,0,200.6134,0,-0.373722,8.247828
730,6,151.9211,7.006637,127.9724,0,146.8202,0,-0.2465322,4.841893
730,7,113.0045,4.448459,97.80079,0,110.2147,0,-0.1690112,2.970785
730,8,86.34357,3.107248,76.06035,0,84.50986,0,-0.1197969,1.893345
730,10,53.47219,1.900369,48.01952,0,52.2621,0,-0.06543074,0.8452052
730,12,35.11829,1.437327,31.73889,0,34.05674,0,-0.03907324,0.4173665
730,15,20.28595,1.174462,18.2221,0,19.27399,0,-0.02039952,0.1669676
730,20,9.583591,1.050391,8.232499,0,8.582462,0,-0.008597053,0.04736837
730,25,5.320156,1.018442,4.180368,0,4.32001,0,-0.004290666,0.01684263
730,30,3.372928,1.007915,2.309781,0,2.372902,0,-0.002378422,0.006988911
735,3,465.5438,64.36587,288.6325,0,371.6273,0,-1.006886,28.08421
735,4,290.7155,25.29531,212.6855,0,261.3882,0,-0.6017298,14.71903
735,5,196.7804,12.33086,156.0315,0,185.6131,0,-0.3795012,8.204442
735,6,140.68,6.975772,116.8505,0,135.5974,0,-0.2503532,4.816151
735,7,104.4263,4.430409,89.30101,0,101.6445,0,-0.1716409,2.95484
735,8,79.67906,3.096056,69.45001,0,77.84911,0,-0.1216702,1.883097
735,10,49.27045,1.895489,43.84618,0,48.06131,0,-0.06646635,0.840568
735,12,32.34367,1.434926,28.98049,0,31.28239,0,-0.0396998,0.4150536
735,15,18.6945,1.173495,16.63843,0,17.68259,0,-0.0207327,0.166033
735,20,8.865356,1.050111,7.51702,0,7.864232,0,-0.008740843,0.04710103
735,25,4.955707,1.018339,3.817056,0,3.955561,0,-0.004363572,0.0167473
735,30,3.171664,1.007872,2.10904,0,2.171639,0,-0.002419259,0.006949331
740,3,441.6606,64.12198,265.4177,0,348.0737,0,-1.022578,27.96391
740,4,273.3243,25.19747,195.5792,0,244.0986,0,-0.6110876,14.65506
740,5,184.0755,12.28359,143.4819,0,172.945,0,-0.3854045,8.1683
740,6,131.1858,6.95015,107.4522,0,126.118,0,-0.2542559,4.794673
740,7,97.18009,4.415384,82.11851,0,94.40483,0,-0.1743261,2.941518
740,8,74.04885,3.086721,63.86413,0,72.22193,0,-0.1235827,1.874525
740,10,45.72036,1.891406,40.31962,0,44.51199,0,-0.06752301,0.8366815
740,12,29.99921,1.432915,26.64958,0,28.93816,0,-0.04033869,0.4131124
740,15,17.34971,1.172684,15.3002,0,16.33785,0,-0.02107216,0.1652476
740,20,8.258424,1.049875,6.912424,0,7.257304,0,-0.008887185,0.0468761
740,25,4.647732,1.018254,3.510049,0,3.647587,0,-0.004437721,0.01666706
740,30,3.001589,1.007835,1.939409,0,2.001564,0,-0.002460773,0.006916014
745,3,421.3812,63.93534,245.6385,0,328.0412,0,-1.0386,27.86948
745,4,258.5413,25.12176,181.0044,0,229.3921,0,-0.6206439,14.60468
745,5,173.2688,12.24671,132.7894,0,162.1659,0,-0.3914328,8.139757
745,6,123.1065,6.930035,99.44469,0,118.05,0,-0.2582408,4.777667
745,7,91.01203,4.403532,75.99893,0,88.24169,0,-0.1770675,2.930945
745,8,69.25541,3.079331,59.10489,0,67.43079,0,-0.1255347,1.867709
745,10,42.69716,1.888158,37.31495,0,41.48937,0,-0.06860088,0.8335812
745,12,28.00243,1.43131,24.66362,0,26.94155,0,-0.04099001,0.4115604
745,15,16.20422,1.172035,14.16001,0,15.19239,0,-0.02141792,0.1646182
745,20,7.74139,1.049687,6.397302,0,6.740273,0,-0.009036085,0.04669551
745,25,4.385364,1.018185,3.248476,0,3.385219,0,-0.004513112,0.01660259
745,30,2.856696,1.007806,1.794882,0,1.856671,0,-0.002502964,0.006889246
750,3,404.0847,63.80884,228.6663,0,310.9045,0,-1.054957,27.80213
750,4,245.9069,25.06925,168.498,0,216.8075,0,-0.6304005,14.56853
750,5,164.0219,12.22071,123.6144,0,152.9372,0,-0.3975875,8.119162
750,6,116.1886,6.915685,92.57363,0,111.1394,0,-0.2623087,4.765336
750,7,85.72818,4.395001,70.74784,0,82.96107,0,-0.1798655,2.923247
750,8,65.14782,3.073975,55.02108,0,63.32472,0,-0.1275265,1.862727
750,10,40.10551,1.885783,34.73671,0,38.8981,0,-0.06970012,0.8313019
750,12,26.29029,1.43013,22.95951,0,25.22953,0,-0.04165384,0.4104145
750,15,15.22182,1.171556,13.18163,0,14.21001,0,-0.02177002,0.1641516
750,20,7.297893,1.049548,5.955285,0,6.296779,0,-0.009187552,0.04656119
750,25,4.160293,1.018135,3.024025,0,3.160148,0,-0.004589748,0.01655459
750,30,2.732394,1.007785,1.670866,0,1.732369,0,-0.002545831,0.006869308
755,3,389.2917,63.74531,214.0139,0,296.1797,0,-1.071651,27.76307
755,4,235.0653,25.04102,157.7011,0,205.9877,0,-0.6403594,14.54724
755,5,156.0732,12.20608,115.6935,0,144.9966,0,-0.4038697,8.106859
755,6,110.2356,6.907352,86.64173,0,105.1897,0,-0.2664605,4.757881
755,7,81.17829,4.389934,66.21449,0,78.41266,0,-0.1827207,2.918543
755,8,61.60918,3.070741,51.49546,0,59.78677,0,-0.1295585,1.859656
755,10,37.87153,1.884317,32.51086,0,36.6643,0,-0.0708209,0.8298778
755,12,24.81394,1.429392,21.48832,0,23.75322,0,-0.04233026,0.4096916
755,15,14.37445,1.171254,12.33698,0,13.36265,0,-0.0221285,0.1638545
755,20,6.915252,1.04946,5.573684,0,5.914138,0,-0.009341592,0.04647501
755,25,3.966077,1.018103,2.830253,0,2.965933,0,-0.004667631,0.01652371
755,30,2.625124,1.007771,1.563801,0,1.625099,0,-0.002589375,0.006856477
760,3,376.6193,63.74616,201.2948,0,283.4819,0,-1.088684,27.75285
760,4,225.7333,25.03759,148.3288,0,196.649,0,-0.6505213,14.54108
760,5,149.2146,12.20306,108.8177,0,138.1358,0,-0.4102799,8.10301
760,6,105.0916,6.905159,81.49253,0,100.0449,0,-0.2706964,4.755396
760,7,77.24304,4.3884,62.2793,0,74.47709,0,-0.1856332,2.916893
760,8,58.54662,3.06967,48.43504,0,56.72406,0,-0.1316308,1.858534
760,10,35.93657,1.883777,30.57871,0,34.72931,0,-0.07196327,0.8293246
760,12,23.53459,1.429105,20.21125,0,22.47387,0,-0.04301931,0.4093993
760,15,13.63984,1.171131,11.60379,0,12.62804,0,-0.02249336,0.1637298
760,20,6.583404,1.049424,5.242435,0,5.58229,0,-0.009498209,0.04643783
760,25,3.797608,1.01809,2.662048,0,2.797463,0,-0.004746761,0.01651025
760,30,2.532063,1.007766,1.470863,0,1.532038,0,-0.002633597,0.006850878
765,3,365.71,63.80283,190.1753,0,272.4659,0,-1.106042,27.76763
765,4,217.6544,25.05565,140.1351,0,188.5386,0,-0.6608785,14.54806
765,5,143.2601,12.2101,102.8066,0,132.1703,0,-0.4168132,8.106489
765,6,100.6182,6.908289,76.99089,0,95.56717,0,-0.2750133,4.757218
765,7,73.81717,4.389929,58.839,0,71.04933,0,-0.1886009,2.917889
765,8,55.87852,3.070473,45.75949,0,54.0551,0,-0.133742,1.859099
765,10,34.24928,1.884041,28.88954,0,33.0418,0,-0.07312654,0.8295265
765,12,22.41838,1.429209,19.09478,0,21.3576,0,-0.0437206,0.4094804
765,15,12.99859,1.171165,10.96279,0,11.98678,0,-0.02286444,0.1637548
765,20,6.293601,1.049433,4.952843,0,5.292486,0,-0.009657354,0.04644311
765,25,3.650448,1.018093,2.514997,0,2.650303,0,-0.004827121,0.01651191
765,30,2.45076,1.007768,1.389612,0,1.450735,0,-0.002678488,0.006851548
770,3,356.25,63.90268,180.3767,0,262.8364,0,-1.123708,27.8018
770,4,210.6082,25.09036,132.9148,0,181.4417,0,-0.6714197,14.56521
770,5,138.0512,12.22494,97.50965,0,126.9434,0,-0.4234625,8.115651
770,6,96.6981,6.915543,73.02402,0,91.63992,0,-0.2794066,4.762381
770,7,70.81164,4.393831,55.80738,0,68.04069,0,-0.1916208,2.920938
770,8,53.53598,3.072731,43.40178,0,51.71112,0,-0.1358899,1.860975
770,10,32.76644,1.884927,27.40104,0,31.5586,0,-0.07430966,0.8303143
770,12,21.43687,1.429616,18.11094,0,20.37597,0,-0.04443359,0.4098512
770,15,12.43443,1.17132,10.39795,0,11.4226,0,-0.02324152,0.1638958
770,20,6.038516,1.049477,4.697653,0,5.037399,0,-0.009818962,0.04648138
770,25,3.520885,1.01811,2.385414,0,2.52074,0,-0.004908689,0.0165253
770,30,2.379169,1.007775,1.318014,0,1.379143,0,-0.00272404,0.006857086
775,3,347.9808,64.03357,171.6743,0,254.3527,0,-1.141663,27.84996
775,4,204.414,25.13704,126.5022,0,175.1831,0,-0.6821342,14.5897
775,5,133.4587,12.24539,92.8052,0,122.328,0,-0.4302211,8.128917
775,6,93.23583,6.925773,69.50091,0,88.16853,0,-0.2838718,4.769959
775,7,68.15414,4.399449,53.1149,0,65.37924,0,-0.1946899,2.925471
775,8,51.46312,3.076039,41.30782,0,49.63642,0,-0.1380727,1.863798
775,10,31.45303,1.886265,26.07905,0,30.24473,0,-0.07551167,0.8315261
775,12,20.567,1.430243,17.23716,0,19.50597,0,-0.04515778,0.4104319
775,15,11.93418,1.171563,9.896289,0,10.92232,0,-0.02362438,0.1641209
775,20,5.812225,1.049546,4.471011,0,4.811106,0,-0.009982969,0.04654354
775,25,3.405919,1.018135,2.270328,0,2.405773,0,-0.004991442,0.01654719
775,30,2.315632,1.007786,1.254425,0,1.315607,0,-0.002770245,0.006866154
780,3,340.687,64.18385,163.885,0,246.8166,0,-1.159892,27.90692
780,4,198.9229,25.19124,120.7625,0,169.6191,0,-0.6930119,14.61883
780,5,129.3763,12.26938,88.59441,0,118.2197,0,-0.4370826,8.144775
780,6,90.15312,6.937879,66.34749,0,85.07546,0,-0.288405,4.779063
780,7,65.78546,4.406148,50.70495,0,63.00606,0,-0.1978055,2.930943
780,8,49.61419,3.08001,39.43359,0,47.7854,0,-0.1402885,1.867221
780,10,30.28044,1.887887,24.89578,0,29.07161,0,-0.07673163,0.8330069
780,12,19.78997,1.431008,16.45507,0,18.72879,0,-0.04589267,0.4111457
780,15,11.4871,1.171861,9.447271,0,10.47522,0,-0.02401281,0.1643995
780,20,5.609899,1.049631,4.26815,0,4.608776,0,-0.01014932,0.0466209
780,25,3.303103,1.018167,2.167318,0,2.302957,0,-0.00507536,0.01657448
780,30,2.258803,1.0078,1.197509,0,1.258778,0,-0.002817095,0.006877465
785,3,334.1873,64.34228,156.8588,0,240.0631,0,-1.178377,27.96772
785,4,194.0107,25.24865,115.5851,0,164.6304,0,-0.704043,14.64999
785,5,125.7159,12.29489,84.79613,0,114.5321,0,-0.4440409,8.161771
785,6,87.38514,6.950801,63.50299,0,82.29661,0,-0.293002,4.788839
785,7,63.65665,4.413323,48.5311,0,60.87253,0,-0.200965,2.93683
785,8,47.95143,3.084275,37.74297,0,46.12045,0,-0.1425354,1.87091
785,10,29.22506,1.889637,23.82843,0,28.01569,0,-0.07796867,0.8346076
785,12,19.09028,1.431836,15.7496,0,18.02895,0,-0.0466378,0.4119191
785,15,11.08435,1.172184,9.042241,0,10.07244,0,-0.02440662,0.164702
785,20,5.427564,1.049724,4.085163,0,4.426438,0,-0.01031795,0.04670512
785,25,3.210427,1.018201,2.074399,0,2.210281,0,-0.005160423,0.01660422
785,30,2.207572,1.007815,1.146168,0,1.207547,0,-0.002864582,0.006889791
790,3,328.3276,64.49807,150.4716,0,233.9539,0,-1.197104,28.02756
790,4,189.5727,25.30511,110.8785,0,160.1173,0,-0.7152183,14.68067
790,5,122.4036,12.32,81.34328,0,111.1931,0,-0.4510901,8.178508
790,6,84.87773,6.963521,60.91719,0,79.77852,0,-0.2976591,4.798469
790,7,61.72688,4.420387,46.55494,0,58.93812,0,-0.2041658,2.94263
790,8,46.4434,3.088476,36.20609,0,44.61026,0,-0.1448116,1.874544
790,10,28.2673,1.891361,22.85815,0,27.05739,0,-0.07922193,0.8361851
790,12,18.45508,1.432652,15.10828,0,17.39358,0,-0.04739272,0.4126816
790,15,10.7186,1.172503,8.674046,0,9.70665,0,-0.02480562,0.1650004
790,20,5.261929,1.049815,3.918818,0,4.260801,0,-0.01048881,0.04678817
790,25,3.126227,1.018235,1.989931,0,2.126081,0,-0.005246614,0.01663355
790,30,2.161023,1.00783,1.099497,0,1.160997,0,-0.0029127,0.006901947
795,3,322.9754,64.64077,144.6201,0,228.3719,0,-1.216058,28.08184
795,4,185.5199,25.35665,106.5667,0,155.9953,0,-0.7265288,14.70844
795,5,119.3769,12.34283,78.18003,0,108.1417,0,-0.4582247,8.193638
795,6,82.58528,6.975059,58.54825,0,77.47626,0,-0.3023727,4.80716
795,7,59.96185,4.426778,44.74452,0,57.16883,0,-0.2074055,2.947857
795,8,45.06371,3.092268,34.79812,0,43.22859,0,-0.1471157,1.877816
795,10,27.39073,1.892912,21.96925,0,26.18032,0,-0.08049059,0.8376017
795,12,17.87359,1.433385,14.52076,0,16.81195,0,-0.048157,0.413365
795,15,10.38371,1.172789,8.336732,0,9.371732,0,-0.02520962,0.1652673
795,20,5.110247,1.049897,3.766424,0,4.109116,0,-0.01066185,0.04686234
795,25,3.049114,1.018265,1.912547,0,2.048967,0,-0.005333916,0.01665973
795,30,2.118389,1.007843,1.05674,0,1.118364,0,-0.002961441,0.006912796
800,3,318.016,64.76031,139.2178,0,223.2174,0,-1.235224,28.12611
800,4,181.7762,25.39939,102.5858,0,152.193,0,-0.7379659,14.73099
800,5,116.5826,12.3616,75.25956,0,105.3266,0,-0.4654391,8.205865
800,6,80.46907,6.984466,56.36115,0,75.35174,0,-0.3071392,4.814153
800,7,58.33251,4.431953,43.07306,0,55.53588,0,-0.2106818,2.952045
800,8,43.79005,3.09532,33.49822,0,41.95326,0,-0.1494459,1.880427
800,10,26.58148,1.894149,21.14858,0,25.37065,0,-0.0817739,0.8387246
800,12,17.33675,1.433965,13.97832,0,16.27498,0,-0.04893024,0.4139038
800,15,10.07453,1.173014,8.025308,0,9.062525,0,-0.02561847,0.1654765
800,20,4.970208,1.049962,3.625727,0,3.969075,0,-0.01083702,0.0469202
800,25,2.977921,1.018289,1.841102,0,1.977774,0,-0.005422311,0.01668012
800,30,2.079029,1.007853,1.017265,0,1.079004,0,-0.0030108,0.006921241
805,3,313.3491,64.84695,134.1915,0,218.4042,0,-1.25459,28.15606
805,4,178.2758,25.42961,98.88211,0,148.6489,0,-0.7495216,14.74606
805,5,113.9751,12.37457,72.54242,0,102.7035,0,-0.4727284,8.213933
805,6,78.49598,6.990828,54.32631,0,73.37248,0,-0.3119553,4.81871
805,7,56.81407,4.435387,41.51797,0,54.01475,0,-0.2139925,2.954742
805,8,42.60342,3.097312,32.28881,0,40.76539,0,-0.1518008,1.882089
805,10,25.82779,1.894935,20.38504,0,24.61664,0,-0.08307109,0.8394256
805,12,16.83686,1.434327,13.47366,0,15.775,0,-0.04971205,0.4142348
805,15,9.786677,1.173152,7.735566,0,8.774658,0,-0.02603199,0.1656029
805,20,4.839856,1.050001,3.494825,0,3.838721,0,-0.01101427,0.04695459
805,25,2.91166,1.018304,1.774632,0,1.911513,0,-0.005511784,0.01669216
805,30,2.0424,1.00786,0.9805381,0,1.042374,0,-0.003060771,0.006926226
810,3,308.8863,64.89125,129.4794,0,213.8579,0,-1.274143,28.16755
810,4,174.9613,25.44371,95.40991,0,145.3097,0,-0.7611878,14.75147
810,5,111.5147,12.38006,69.99513,0,100.2345,0,-0.4800874,8.216631
810,6,76.63745,6.993263,52.41867,0,71.51053,0,-0.3168178,4.820121
810,7,55.3852,4.436574,40.06009,0,52.58441,0,-0.2173353,2.955512
810,8,41.48751,3.097935,31.155,0,39.6488,0,-0.1541789,1.882526
810,10,25.11956,1.895139,19.66923,0,23.90825,0,-0.08438145,0.839581
810,12,16.36734,1.434407,13.00054,0,15.30544,0,-0.05050204,0.414297
810,15,9.516432,1.173178,7.463935,0,8.504404,0,-0.02645003,0.1656218
810,20,4.717526,1.050008,3.372106,0,3.716391,0,-0.01119356,0.04695858
810,25,2.849493,1.018307,1.712317,0,1.849345,0,-0.00560232,0.01669341
810,30,2.008039,1.007861,0.946107,0,1.008013,0,-0.003111348,0.006926729
815,3,304.5491,64.88407,125.0287,0,209.5133,0,-1.293869,28.15656
815,4,171.7824,25.43819,92.1303,0,142.1293,0,-0.772957,14.74513
815,5,109.167,12.37644,67.58912,0,97.88652,0,-0.4875115,8.212787
815,6,74.8687,6.990913,50.61683,0,69.7417,0,-0.3217237,4.8177
815,7,54.02747,4.435024,38.68306,0,51.22667,0,-0.2207083,2.953935
815,8,40.42825,3.096889,30.08408,0,38.58954,0,-0.1565788,1.881469
815,10,24.44813,1.894632,18.99312,0,23.23682,0,-0.08570429,0.8390711
815,12,15.92255,1.434143,12.55366,0,14.86064,0,-0.05129987,0.4140312
815,15,9.260594,1.173067,7.20737,0,8.248566,0,-0.02687244,0.1655099
815,20,4.601792,1.049975,3.256193,0,3.600657,0,-0.01137485,0.04692549
815,25,2.7907,1.018295,1.653457,0,1.790552,0,-0.005693907,0.01668147
815,30,1.975551,1.007856,0.9135855,0,0.9755254,0,-0.003162527,0.006921764
820,3,300.2669,64.81656,120.794,0,205.3131,0,-1.313758,28.11918
820,4,168.6944,25.40966,89.00988,0,139.0671,0,-0.7848219,14.72498
820,5,106.9018,12.36214,65.2999,0,95.63072,0,-0.494996,8.201267
820,6,73.16807,6.982952,48.90246,0,68.0449,0,-0.3266698,4.81078
820,7,52.72482,4.430261,37.37288,0,49.9257,0,-0.2241095,2.949602
820,8,39.41339,3.093886,29.06515,0,37.57547,0,-0.1589991,1.878658
820,10,23.80598,1.893292,18.34983,0,22.59486,0,-0.08703896,0.8377802
820,12,15.49759,1.433475,12.12847,0,14.43574,0,-0.05210518,0.4133805
820,15,9.016399,1.172795,6.963259,0,8.004382,0,-0.02729907,0.1652442
820,20,4.491425,1.049896,3.145907,0,3.49029,0,-0.0115581,0.04684884
820,25,2.734662,1.018266,1.597455,0,1.734515,0,-0.005786529,0.01665406
820,30,1.944597,1.007844,0.8826427,0,0.9445712,0,-0.003214302,0.006910377
825,3,295.9853,64.68202,116.7401,0,201.2128,0,-1.333799,28.05249
825,4,165.6628,25.35557,86.02261,0,136.0914,0,-0.7967772,14.6895
825,5,104.6954,12.33597,63.10836,0,93.4446,0,-0.5025375,8.181215
825,6,71.51868,6.968754,47.26124,0,66.40369,0,-0.3316541,4.79886
825,7,51.46472,4.421928,36.11861,0,48.66919,0,-0.2275374,2.942206
825,8,38.4334,3.088706,28.08969,0,36.59716,0,-0.161439,1.873898
825,10,23.18723,1.891025,17.73399,0,21.97655,0,-0.08838498,0.8356212
825,12,15.08866,1.432357,11.72142,0,14.02694,0,-0.05291772,0.4123018
825,15,8.781693,1.172344,6.729564,0,7.769701,0,-0.02772983,0.1648076
825,20,4.385465,1.049765,3.040327,0,3.384332,0,-0.01174328,0.04672378
825,25,2.680897,1.018218,1.543843,0,1.68075,0,-0.005880179,0.01660944
825,30,1.914911,1.007824,0.8530203,0,0.9148851,0,-0.003266671,0.006891851
830,3,291.7236,64.48859,112.8637,0,197.2195,0,-1.354008,27.96009
830,4,162.6949,25.27904,83.16626,0,133.206,0,-0.8088316,14.64058
830,5,102.5512,12.29939,61.01288,0,91.33015,0,-0.5101417,8.153683
830,6,69.92212,6.949085,45.69195,0,64.81912,0,-0.3366801,4.782557
830,7,50.24797,4.410466,34.9193,0,47.45769,0,-0.2309944,2.932126
830,8,37.48868,3.081618,27.15698,0,35.65489,0,-0.1638999,1.86743
830,10,22.59199,1.887946,17.14514,0,21.38192,0,-0.08974316,0.8327016
830,12,14.69573,1.430847,11.33222,0,13.63419,0,-0.05373795,0.4108483
830,15,8.55643,1.171736,6.506112,0,7.544473,0,-0.0281649,0.1642214
830,20,4.283875,1.049589,2.939374,0,3.282746,0,-0.01193045,0.04655633
830,25,2.629382,1.018154,1.49258,0,1.629235,0,-0.005974883,0.01654976
830,30,1.886478,1.007797,0.8246961,0,0.8864527,0,-0.003319646,0.006867076
835,3,287.5314,64.25097,109.1743,0,193.3613,0,-1.374409,27.84846
835,4,159.8152,25.1857,80.44758,0,130.4288,0,-0.8209999,14.5816
835,5,100.4832,12.25501,59.01838,0,89.29905,0,-0.5178177,8.120565
835,6,68.38729,6.925326,44.19829,0,63.29916,0,-0.3417539,4.762983
835,7,49.0806,4.396664,33.7778,0,46.29683,0,-0.2344846,2.920043
835,8,36.58352,3.073106,26.26923,0,34.75276,0,-0.1663848,1.859688
835,10,22.02261,1.884261,16.58467,0,20.81331,0,-0.09111492,0.8292151
835,12,14.32026,1.429042,10.96177,0,13.25895,0,-0.05456662,0.4091155
835,15,8.341372,1.171012,6.293429,0,7.329459,0,-0.02860464,0.1635237
835,20,4.186971,1.049379,2.843287,0,3.185846,0,-0.01211972,0.04635732
835,25,2.580267,1.018078,1.443788,0,1.580121,0,-0.006070684,0.01647886
835,30,1.85938,1.007764,0.797737,0,0.8593544,0,-0.003373246,0.006837648
840,3,283.4553,63.98339,105.6787,0,189.6639,0,-1.395026,27.72389
840,4,157.0461,25.08098,77.87181,0,127.7757,0,-0.8332963,14.51587
840,5,98.50404,12.20538,57.12873,0,87.36169,0,-0.5255746,8.08369
840,6,66.92213,6.898813,42.78315,0,61.85083,0,-0.3468813,4.741211
840,7,47.96794,4.38129,32.6963,0,45.19152,0,-0.2380118,2.906615
840,8,35.72166,3.063637,25.42814,0,33.89433,0,-0.1688962,1.851091
840,10,21.48116,1.88017,16.05366,0,20.27272,0,-0.09250159,0.8253487
840,12,13.96348,1.427041,10.6108,0,12.90242,0,-0.05540446,0.4071957
840,15,8.137156,1.17021,6.091926,0,7.125292,0,-0.02904935,0.1627514
840,20,4.095013,1.049147,2.75225,0,3.093893,0,-0.0123112,0.04613722
840,25,2.533677,1.017993,1.397561,0,1.533532,0,-0.006167623,0.01640048
840,30,1.833681,1.007728,0.772195,0,0.8336556,0,-0.003427491,0.006805111
845,3,279.5388,63.69962,102.3826,0,186.1506,0,-1.415881,27.59243
845,4,154.4083,24.97017,75.44296,0,125.2615,0,-0.8457347,14.44655
845,5,96.62532,12.15294,55.34687,0,85.52743,0,-0.5334211,8.044829
845,6,65.53377,6.870836,41.44873,0,60.48036,0,-0.352068,4.718279
845,7,46.9147,4.365083,31.6765,0,44.14609,0,-0.24158,2.89248
845,8,34.90637,3.053663,24.63503,0,33.08269,0,-0.1714368,1.842045
845,10,20.9694,1.875865,15.55294,0,19.76188,0,-0.09390449,0.8212831
845,12,13.62642,1.424938,10.27984,0,12.56563,0,-0.05625217,0.4051781
845,15,7.944318,1.169366,5.901917,0,6.932506,0,-0.02949936,0.1619402
845,20,4.008215,1.048903,2.666407,0,3.0071,0,-0.01250498,0.04590613
845,25,2.489713,1.017904,1.353971,0,1.489568,0,-0.006265738,0.01631819
845,30,1.809434,1.00769,0.74811,0,0.809409,0,-0.003482397,0.006770956
850,3,275.8234,63.41301,99.28996,0,182.843,0,-1.436996,27.45996
850,4,151.9214,24.85835,73.16411,0,122.8994,0,-0.8583285,14.37671
850,5,94.85766,12.10006,53.67504,0,83.80473,0,-0.5413657,8.00569
850,6,64.22868,6.842643,40.19671,0,59.19336,0,-0.3573196,4.695189
850,7,45.92511,4.348759,30.71966,0,43.16441,0,-0.2451927,2.87825
850,8,34.14059,3.04362,23.89089,0,32.32059,0,-0.1740092,1.832941
850,10,20.48886,1.871533,15.08314,0,19.28228,0,-0.09532488,0.8171929
850,12,13.30998,1.422821,9.969327,0,12.24947,0,-0.05711044,0.4031487
850,15,7.76331,1.168518,5.723641,0,6.751552,0,-0.02995496,0.1611245
850,20,3.926755,1.048658,2.585865,0,2.925645,0,-0.01270117,0.04567381
850,25,2.448456,1.017814,1.313072,0,1.448312,0,-0.006365068,0.01623546
850,30,1.786683,1.007651,0.7255123,0,0.7866575,0,-0.003537983,0.006736622
855,3,272.3481,63.13645,96.40402,0,179.7613,0,-1.458394,27.33214
855,4,149.6033,24.75045,71.03754,0,120.7018,0,-0.8710908,14.30934
855,5,93.21092,12.04904,52.11494,0,82.20137,0,-0.5494164,7.96793
855,6,63.01281,6.815442,39.02836,0,57.99495,0,-0.3626412,4.672913
855,7,45.00301,4.333009,29.82677,0,42.24995,0,-0.2488535,2.864522
855,8,33.42692,3.033931,23.19649,0,31.61048,0,-0.1766157,1.824157
855,10,20.04092,1.867354,14.64474,0,18.83524,0,-0.09676399,0.8132469
855,12,13.01496,1.420779,9.679561,0,11.95471,0,-0.05797992,0.401191
855,15,7.594523,1.1677,5.557279,0,6.582816,0,-0.03041644,0.1603376
855,20,3.850783,1.048421,2.510704,0,2.849678,0,-0.01289986,0.04544968
855,25,2.409975,1.017728,1.274907,0,1.409832,0,-0.006465651,0.01615566
855,30,1.765461,1.007614,0.7044248,0,0.7654361,0,-0.003594265,0.006703499
860,3,269.1504,62.8825,93.72711,0,176.9244,0,-1.480094,27.2145
860,4,147.4714,24.65128,69.06499,0,118.6804,0,-0.8840342,14.2473
860,5,91.6944,12.00211,50.66783,0,80.72464,0,-0.5575814,7.933153
860,6,61.89169,6.790405,37.94464,0,56.88983,0,-0.3680381,4.652391
860,7,44.15197,4.318506,28.99855,0,41.4059,0,-0.252566,2.851872
860,8,32.76778,3.025006,22.55237,0,30.9546,0,-0.1792587,1.816062
860,10,19.62681,1.863502,14.23809,0,18.42194,0,-0.09822302,0.8096087
860,12,12.74205,1.418896,9.410782,0,11.68204,0,-0.05886127,0.3993855
860,15,7.438296,1.166945,5.402967,0,6.426636,0,-0.03088411,0.1596117
860,20,3.780427,1.048203,2.440988,0,2.779326,0,-0.01310114,0.04524288
860,25,2.374329,1.017648,1.239506,0,1.374186,0,-0.006567524,0.01608202
860,30,1.745799,1.00758,0.6848646,0,0.745774,0,-0.003651261,0.006672935
865,3,266.2665,62.66335,91.26102,0,174.3504,0,-1.502118,27.11236
865,4,145.5422,24.56548,67.24779,0,116.8463,0,-0.8971709,14.1934
865,5,90.31691,11.96143,49.33469,0,79.38137,0,-0.5658683,7.902916
865,6,60.87053,6.76867,36.94626,0,55.88245,0,-0.3735154,4.634537
865,7,43.3753,4.3059,28.23556,0,40.63525,0,-0.2563334,2.84086
865,8,32.16538,3.017241,21.95899,0,30.35501,0,-0.1819406,1.809011
865,10,19.24764,1.860146,13.86347,0,18.04348,0,-0.09970312,0.8064371
865,12,12.49189,1.417255,9.163171,0,11.43208,0,-0.05975512,0.3978105
865,15,7.294933,1.166286,5.260807,0,6.283313,0,-0.03135823,0.1589781
865,20,3.715799,1.048012,2.376762,0,2.714701,0,-0.0133051,0.04506229
865,25,2.341566,1.017578,1.206892,0,1.341423,0,-0.006670723,0.01601771
865,30,1.727721,1.00755,0.6668448,0,0.727696,0,-0.003708987,0.006646238
870,3,263.7313,62.49086,89.00715,0,172.0569,0,-1.524485,27.03096
870,4,143.8318,24.49759,65.58698,0,115.21,0,-0.910513,14.15037
870,5,89.08696,11.9291,48.11627,0,78.17815,0,-0.5742847,7.878736
870,6,59.95434,6.751344,36.0338,0,54.97703,0,-0.3790779,4.620238
870,7,42.67615,4.295827,27.53823,0,39.94082,0,-0.260159,2.83203
870,8,31.62184,3.011023,21.41667,0,29.81368,0,-0.1846635,1.803351
870,10,18.90447,1.857452,13.52108,0,17.70087,0,-0.1012054,0.8038867
870,12,12.26505,1.415935,8.936869,0,11.20541,0,-0.06066207,0.3965424
870,15,7.164713,1.165756,5.130881,0,6.153125,0,-0.03183907,0.1584673
870,20,3.657,1.047859,2.318064,0,2.655905,0,-0.01351183,0.04491653
870,25,2.311731,1.017522,1.177086,0,1.311589,0,-0.006775282,0.01596577
870,30,1.711249,1.007527,0.6503758,0,0.7112239,0,-0.003767458,0.006624681
875,3,261.5791,62.37665,86.96667,0,170.0608,0,-1.547213,26.97535
875,4,142.3557,24.45203,64.0834,0,113.782,0,-0.924072,14.12086
875,5,88.01279,11.90719,47.01321,0,77.12136,0,-0.5828379,7.862093
875,6,59.14796,6.739509,35.20773,0,54.17767,0,-0.3847305,4.610364
875,7,42.0576,4.288905,26.90692,0,39.32533,0,-0.2640461,2.825914
875,8,31.1392,3.006732,20.92569,0,29.33247,0,-0.1874298,1.79942
875,10,18.59832,1.855581,13.21111,0,17.39508,0,-0.1027311,0.8021082
875,12,12.0621,1.415015,8.731992,0,11.00256,0,-0.06158273,0.3956554
875,15,7.047897,1.165386,5.013256,0,6.036329,0,-0.03232691,0.1581089
875,20,3.604124,1.047751,2.264922,0,2.603032,0,-0.01372142,0.04481401
875,25,2.284864,1.017483,1.150101,0,1.284722,0,-0.006881235,0.01592921
875,30,1.696402,1.00751,0.635466,0,0.6963776,0,-0.003826692,0.006609503
880,3,259.8433,62.33207,85.1406,0,168.3788,0,-1.570323,26.95053
880,4,141.1292,24.43315,62.73782,0,112.5724,0,-0.9378596,14.10747
880,5,87.10253,11.89771,46.02606,0,76.21731,0,-0.5915352,7.854435
880,6,58.45615,6.734223,34.46846,0,53.48837,0,-0.3904777,4.605763
880,7,41.52261,4.28574,26.34194,0,38.79146,0,-0.2679977,2.823032
880,8,30.71943,3.004735,20.48631,0,28.91322,0,-0.1902416,1.79755
880,10,18.33015,1.854689,12.93371,0,17.12705,0,-0.1042811,0.801249
880,12,11.88357,1.41457,8.548644,0,10.82408,0,-0.06251769,0.3952221
880,15,6.944738,1.165205,4.907992,0,5.933178,0,-0.032822,0.157932
880,20,3.557261,1.047699,2.217365,0,2.55617,0,-0.01393395,0.04476296
880,25,2.261004,1.017464,1.125952,0,1.260863,0,-0.006988618,0.01591095
880,30,1.683201,1.007502,0.6221229,0,0.683176,0,-0.003886703,0.006601918
885,3,258.557,62.3683,83.52998,0,167.0275,0,-1.593833,26.96138
885,4,140.1676,24.44519,61.551,0,111.5916,0,-0.9518869,14.11277
885,5,86.36427,11.90263,45.15537,0,75.47225,0,-0.6003836,7.857185
885,6,57.88363,6.736527,33.81641,0,52.91316,0,-0.3963244,4.607268
885,7,41.07418,4.286929,25.84363,0,38.34187,0,-0.2720171,2.823894
885,8,30.36452,3.005396,20.09877,0,28.55777,0,-0.1931009,1.798066
885,10,18.10096,1.854932,12.68904,0,16.89772,0,-0.1058566,0.8014539
885,12,11.73001,1.414676,8.386927,0,10.67048,0,-0.06346752,0.3953141
885,15,6.855488,1.165243,4.815146,0,5.84392,0,-0.0333246,0.157965
885,20,3.516502,1.047709,2.175418,0,2.51541,0,-0.0141495,0.04477145
885,25,2.240191,1.017468,1.104652,0,1.240049,0,-0.007097462,0.01591386
885,30,1.671663,1.007504,0.610354,0,0.6716379,0,-0.003947507,0.006603116
890,3,257.7532,62.49634,82.13588,0,166.0236,0,-1.61776,27.0127
890,4,139.4862,24.49236,60.52372,0,110.8497,0,-0.9661652,14.13927
890,5,85.80611,11.92391,44.40174,0,74.89251,0,-0.6093902,7.871744
890,6,57.43516,6.747443,33.25202,0,52.45607,0,-0.4022749,4.6157
890,7,40.71531,4.293056,25.4123,0,37.97924,0,-0.2761072,2.829004
890,8,30.07645,3.009072,19.76332,0,28.26796,0,-0.19601,1.801287
890,10,17.91173,1.856461,12.47727,0,16.70805,0,-0.1074586,0.8028655
890,12,11.60197,1.415406,8.24695,0,10.5423,0,-0.06443279,0.3960014
890,15,6.780402,1.16553,4.734782,0,5.76881,0,-0.03383497,0.1582361
890,20,3.481937,1.047792,2.139111,0,2.480842,0,-0.01436816,0.04484743
890,25,2.222462,1.017499,1.086216,0,1.22232,0,-0.007207802,0.01594076
890,30,1.661807,1.007517,0.6001673,0,0.6617827,0,-0.004009119,0.00661427
895,3,257.4616,62.72633,80.95847,0,165.3818,0,-1.642123,27.10893
895,4,139.0985,24.57852,59.65612,0,110.3558,0,-0.9807046,14.18928
895,5,85.43516,11.96333,43.76524,0,74.48358,0,-0.6185614,7.899398
895,6,57.11486,6.767914,32.77536,0,52.12056,0,-0.4083336,4.631814
895,7,40.44852,4.304661,25.04802,0,37.70583,0,-0.2802709,2.838824
895,8,29.85689,3.016091,19.48002,0,28.04531,0,-0.1989706,1.807507
895,10,17.76325,1.859416,12.29841,0,16.55879,0,-0.1090882,0.8056146
895,12,11.49985,1.416828,8.128731,0,10.43996,0,-0.06541403,0.3973488
895,15,6.719673,1.166093,4.666909,0,5.708036,0,-0.03435334,0.158771
895,20,3.45363,1.047954,2.108447,0,2.452531,0,-0.01459,0.0449982
895,25,2.207845,1.017558,1.070645,0,1.207702,0,-0.007319667,0.01599425
895,30,1.653647,1.007543,0.591564,0,0.6536223,0,-0.004071553,0.006636455
900,3,257.6654,63.05722,79.98281,0,165.0867,0,-1.66692,27.24958
900,4,138.9931,24.70326,58.93719,0,110.0989,0,-0.9955046,14.26255
900,5,85.24319,12.02071,43.23781,0,74.23739,0,-0.6278969,7.940004
900,6,56.91659,6.797835,32.38037,0,51.90056,0,-0.4145001,4.655524
900,7,40.26917,4.321683,24.74616,0,37.517,0,-0.284508,2.853301
900,8,29.70222,3.026417,19.24526,0,27.88623,0,-0.2019828,1.816694
900,10,17.65323,1.863782,12.15019,0,16.44767,0,-0.1107452,0.8096862
900,12,11.42217,1.418935,8.030769,0,10.36195,0,-0.06641123,0.3993485
900,15,6.672433,1.166929,4.610667,0,5.660733,0,-0.03487971,0.1595667
900,20,3.431191,1.048195,2.083038,0,2.430086,0,-0.01481503,0.04522289
900,25,2.19614,1.017647,1.057742,0,1.195997,0,-0.007433059,0.01607401
900,30,1.647072,1.007581,0.5844349,0,0.6470473,0,-0.00413481,0.006669544
905,3,258.3146,63.47972,79.18424,0,165.102,0,-1.692137,27.43053
905,4,139.141,24.86302,58.34874,0,110.0541,0,-1.010557,14.35692
905,5,85.21135,12.09438,42.80611,0,74.13655,0,-0.6373913,7.992362
905,6,56.82723,6.836333,32.05708,0,51.78353,0,-0.4207711,4.686126
905,7,40.16768,4.34362,24.49908,0,37.40345,0,-0.2888161,2.872003
905,8,29.60523,3.039742,19.05311,0,27.78363,0,-0.2050449,1.828571
905,10,17.57734,1.869427,12.02888,0,16.37037,0,-0.1124288,0.8149573
905,12,11.36611,1.421662,7.950588,0,10.30548,0,-0.06742396,0.4019401
905,15,6.637118,1.168013,4.564633,0,5.625338,0,-0.0354139,0.1605989
905,20,3.41393,1.048508,2.06224,0,2.412818,0,-0.0150432,0.04551464
905,25,2.187004,1.017761,1.047182,0,1.18686,0,-0.007547959,0.01617761
905,30,1.641894,1.00763,0.5785997,0,0.6418692,0,-0.004198883,0.006712522
910,3,259.3618,63.98462,78.54025,0,165.3938,0,-1.717761,27.64772
910,4,139.5147,25.05427,57.8742,0,110.1982,0,-1.025853,14.47026
910,5,85.32194,12.1827,42.45798,0,74.16489,0,-0.6470394,8.055282
910,6,56.83451,6.882541,31.79637,0,51.75783,0,-0.4271431,4.722923
910,7,40.13514,4.369977,24.29984,0,37.35654,0,-0.2931931,2.894503
910,8,29.55925,3.055765,18.89815,0,27.73096,0,-0.2081554,1.842866
910,10,17.53155,1.876222,11.93105,0,16.32289,0,-0.1141384,0.8213066
910,12,11.32911,1.424947,7.885928,0,10.26799,0,-0.06845182,0.4050635
910,15,6.612291,1.169318,4.527509,0,5.600415,0,-0.03595573,0.1618436
910,20,3.401216,1.048884,2.045468,0,2.400094,0,-0.01527444,0.04586663
910,25,2.18012,1.017899,1.038665,0,1.179975,0,-0.007664348,0.01630262
910,30,1.637941,1.007689,0.5738941,0,0.6379154,0,-0.004263763,0.006764387
915,3,260.7621,64.56292,78.03048,0,165.9305,0,-1.743778,27.89718
915,4,140.0888,25.27358,57.49856,0,110.5097,0,-1.041384,14.6005
915,5,85.55858,12.28406,42.1824,0,74.30745,0,-0.6568361,8.12761
915,6,56.92711,6.935616,31.58999,0,51.81269,0,-0.4336127,4.765237
915,7,40.16337,4.400268,24.14212,0,37.36831,0,-0.2976367,2.920383
915,8,29.55816,3.074188,18.77549,0,27.72221,0,-0.2113127,1.859314
915,10,17.51218,1.88404,11.85361,0,16.30159,0,-0.1158731,0.8286156
915,12,11.3088,1.428729,7.834743,0,10.24711,0,-0.06949441,0.4086604
915,15,6.596638,1.170822,4.498123,0,5.584652,0,-0.03650502,0.1632775
915,20,3.392471,1.049318,2.032192,0,2.39134,0,-0.0155087,0.04627226
915,25,2.175202,1.018058,1.031924,0,1.175055,0,-0.007782205,0.0164467
915,30,1.635054,1.007758,0.5701692,0,0.6350288,0,-0.004329442,0.006824161
920,3,262.4729,65.20586,77.63636,0,166.6824,0,-1.770174,28.17504
920,4,140.8393,25.51757,57.20815,0,110.9685,0,-1.057143,14.7456
920,5,85.90594,12.39691,41.96935,0,74.5503,0,-0.6667763,8.208214
920,6,57.0945,6.994733,31.43043,0,51.93818,0,-0.4401768,4.812403
920,7,40.24477,4.434022,24.02018,0,37.43143,0,-0.3021448,2.949239
920,8,29.59627,3.094723,18.68066,0,27.75181,0,-0.2145155,1.877657
920,10,17.51584,1.89276,11.79374,0,16.30311,0,-0.1176323,0.836769
920,12,11.30302,1.432947,7.795172,0,10.2407,0,-0.07055134,0.4126738
920,15,6.588954,1.172499,4.475404,0,5.576847,0,-0.03706163,0.1648779
920,20,3.38717,1.049802,2.021928,0,2.386027,0,-0.01574595,0.04672505
920,25,2.171985,1.018236,1.026712,0,1.171837,0,-0.007901515,0.01660754
920,30,1.633092,1.007834,0.5672894,0,0.6330662,0,-0.004395913,0.006890893
925,3,264.4538,65.90483,77.34095,0,167.6217,0,-1.796938,28.47751
925,4,141.7433,25.78297,56.99047,0,111.5558,0,-1.073123,14.90358
925,5,86.34962,12.51971,41.80965,0,74.88045,0,-0.6768552,8.295989
925,6,57.32685,7.059086,31.31084,0,52.12498,0,-0.4468322,4.863775
925,7,40.37226,4.470776,23.92878,0,37.53906,0,-0.3067152,2.980671
925,8,29.66832,3.117089,18.60958,0,27.81462,0,-0.2177622,1.89764
925,10,17.53938,1.902259,11.74887,0,16.32432,0,-0.1194151,0.8456537
925,12,11.30976,1.437544,7.76551,0,10.24676,0,-0.07162223,0.4170478
925,15,6.588129,1.174328,4.458375,0,5.575889,0,-0.03762538,0.1666224
925,20,3.384826,1.050329,2.014234,0,2.383671,0,-0.01598612,0.04721869
925,25,2.170229,1.018429,1.022805,0,1.170079,0,-0.008022258,0.01678291
925,30,1.631922,1.007917,0.5651308,0,0.6318957,0,-0.004463169,0.006963649
930,3,266.6659,66.65137,77.12862,0,168.722,0,-1.824057,28.80087
930,4,142.7794,26.06654,56.83401,0,112.2537,0,-1.089314,15.07249
930,5,86.87603,12.65096,41.69487,0,75.28565,0,-0.6870681,8.389848
930,6,57.61487,7.127883,31.22488,0,52.36438,0,-0.4535758,4.918714
930,7,40.53919,4.510075,23.86309,0,37.68479,0,-0.3113458,3.01429
930,8,29.76937,3.141008,18.55849,0,27.9058,0,-0.2210515,1.919016
930,10,17.57988,1.91242,11.71661,0,16.36233,0,-0.121221,0.8551588
930,12,11.32716,1.442462,7.744191,0,10.26344,0,-0.07270671,0.4217279
930,15,6.59313,1.176284,4.446135,0,5.580749,0,-0.03819611,0.1684892
930,20,3.384991,1.050894,2.008704,0,2.383821,0,-0.01622918,0.04774698
930,25,2.16971,1.018636,1.019997,0,1.169559,0,-0.008144418,0.01697059
930,30,1.631422,1.008006,0.5635793,0,0.6313958,0,-0.004531202,0.007041515
935,3,269.0718,67.43715,76.98499,0,169.9582,0,-1.851518,29.14143
935,4,143.9269,26.36509,56.72817,0,113.0453,0,-1.105711,15.25041
935,5,87.47226,12.78917,41.61722,0,75.75434,0,-0.6974102,8.488721
935,6,57.94982,7.200341,31.16673,0,52.64817,0,-0.4604046,4.976592
935,7,40.73931,4.551473,23.81865,0,37.86259,0,-0.3160348,3.049711
935,8,29.89479,3.166206,18.52393,0,28.02083,0,-0.224382,1.941538
935,10,17.63458,1.923127,11.69479,0,16.41443,0,-0.1230492,0.8651751
935,12,11.35348,1.447644,7.729769,0,10.28899,0,-0.07380442,0.42666
935,15,6.602998,1.178346,4.437855,0,5.590468,0,-0.03877367,0.1704567
935,20,3.387245,1.051489,2.004964,0,2.386062,0,-0.01647506,0.04830381
935,25,2.170221,1.018854,1.018097,0,1.170068,0,-0.008267978,0.01716841
935,30,1.63148,1.0081,0.5625298,0,0.6314534,0,-0.004600006,0.00712359
940,3,271.6355,68.25393,76.89668,0,171.3063,0,-1.87931,29.49559
940,4,145.1661,26.67548,56.6631,0,113.9147,0,-1.122305,15.43545
940,5,88.12598,12.93289,41.56949,0,76.27552,0,-0.707877,8.591555
940,6,58.32338,7.275693,31.13098,0,52.96856,0,-0.4673156,5.036792
940,7,40.96669,4.594526,23.79133,0,38.06679,0,-0.32078,3.086554
940,8,30.04019,3.192414,18.50268,0,28.15544,0,-0.2277522,1.964966
940,10,17.70092,1.934264,11.68138,0,16.47804,0,-0.124899,0.8755949
940,12,11.38709,1.453035,7.720903,0,10.3218,0,-0.07491501,0.4317911
940,15,6.616832,1.180491,4.432765,0,5.604147,0,-0.0393579,0.1725036
940,20,3.391199,1.052108,2.002664,0,2.390001,0,-0.01672374,0.04888317
940,25,2.171569,1.01908,1.01693,0,1.171413,0,-0.008392923,0.01737424
940,30,1.631991,1.008198,0.5618845,0,0.6319636,0,-0.004669574,0.007208986
945,3,274.322,69.09357,76.85126,0,172.7434,0,-1.90742,29.85977
945,4,146.4779,26.99459,56.62963,0,114.8464,0,-1.13909,15.62572
945,5,88.8254,13.08065,41.54493,0,76.8387,0,-0.718464,8.697304
945,6,58.72761,7.353175,31.11259,0,53.31814,0,-0.4743058,5.098702
945,7,41.21571,4.638801,23.77728,0,38.29198,0,-0.3255795,3.124444
945,8,30.20143,3.219367,18.49175,0,28.30558,0,-0.231161,1.989061
945,10,17.77644,1.945718,11.67448,0,16.55077,0,-0.1267699,0.8863117
945,12,11.42644,1.45858,7.716343,0,10.36033,0,-0.07603812,0.4370687
945,15,6.633785,1.182697,4.430147,0,5.620941,0,-0.03994867,0.1746091
945,20,3.396487,1.052744,2.001481,0,2.395274,0,-0.01697517,0.0494791
945,25,2.173571,1.019314,1.016329,0,1.173413,0,-0.008519235,0.01758596
945,30,1.632855,1.008298,0.5615527,0,0.6328277,0,-0.0047399,0.007296828
950,3,277.0971,69.94802,76.83712,0,174.2472,0,-1.935838,30.23041
950,4,147.8438,27.31934,56.61921,0,115.8256,0,-1.156058,15.81938
950,5,89.55914,13.23104,41.53729,0,77.43382,0,-0.7291667,8.804938
950,6,59.1549,7.432035,31.10687,0,53.68983,0,-0.4813723,5.161715
950,7,41.48098,4.683863,23.7729,0,38.533,0,-0.3304314,3.163011
950,8,30.37455,3.246801,18.48835,0,28.46741,0,-0.2346069,2.013586
950,10,17.85884,1.957377,11.67233,0,16.63033,0,-0.1286611,0.8972202
950,12,11.47007,1.464224,7.714922,0,10.40313,0,-0.0771734,0.4424408
950,15,6.653058,1.184942,4.429331,0,5.640053,0,-0.04054582,0.1767523
950,20,3.402763,1.053392,2.001112,0,2.401535,0,-0.01722929,0.05008573
950,25,2.176058,1.019551,1.016142,0,1.175898,0,-0.008646899,0.01780148
950,30,1.633981,1.0084,0.5614493,0,0.6339533,0,-0.004810976,0.007386247
