# tipc0.5 quasistatic MNPBEM; dF = contribution of mode(s) to Fp-1; L,T = dipolar modes; all = 40 lowest modes
lambda_nm,gap,Fp_z,Fp_x,dFz_L,dFz_T,dFz_all,dFx_L,dFx_T,dFx_all
450,3,1907.66,864.5871,75.52448,0,129.6735,0,105.7506,170.9211
450,4,810.332,350.8871,59.72087,0,101.2154,0,69.45238,111.663
450,5,413.4794,172.3957,46.63581,0,78.34414,0,46.20971,74.02633
450,6,237.8688,95.17088,36.66261,0,61.19461,0,31.16742,49.80352
450,7,148.7604,56.85304,29.05329,0,48.20833,0,21.32277,34.0116
450,8,98.87996,35.9944,23.20031,0,38.25224,0,14.79973,23.57638
450,10,49.68736,16.43368,15.11976,0,24.54818,0,7.44001,11.83245
450,12,28.12702,8.603016,10.12761,0,16.13766,0,3.9468,6.270636
450,15,13.9285,4.03797,5.819205,0,8.982938,0,1.66885,2.64864
450,20,5.71761,1.859286,2.572369,0,3.761571,0,0.4852546,0.7685593
450,25,3.059525,1.30531,1.265728,0,1.762114,0,0.1712358,0.2702514
450,30,2.013541,1.127241,0.6766449,0,0.9032248,0,0.06992322,0.1097629
455,3,2004.833,909.6258,77.39524,0,134.0374,0,109.8293,179.7916
455,4,850.7143,369.1242,61.20018,0,104.6031,0,72.13064,117.4578
455,5,433.5661,181.3236,47.791,0,80.97144,0,47.99154,77.86787
455,6,249.1054,100.0732,37.57075,0,63.25101,0,32.36923,52.388
455,7,155.5847,59.75914,29.77295,0,49.8301,0,22.14503,35.77656
455,8,103.2829,37.81444,23.77499,0,39.53907,0,15.37051,24.79982
455,10,51.77221,17.23589,15.49428,0,25.37159,0,7.727061,12.44647
455,12,29.23937,8.998054,10.37847,0,16.67578,0,4.09916,6.596041
455,15,14.43052,4.195772,5.963348,0,9.278806,0,1.733346,2.78609
455,20,5.888449,1.903916,2.636087,0,3.882464,0,0.504056,0.8084461
455,25,3.130298,1.321169,1.29708,0,1.81735,0,0.177892,0.2842778
455,30,2.046966,1.133852,0.6934056,0,0.9308879,0,0.07265164,0.1154601
460,3,2107.167,957.0764,79.09138,0,138.2691,0,113.9096,189.002
460,4,893.0858,388.2926,62.54139,0,107.8812,0,74.80984,123.4743
460,5,454.553,190.6876,48.83835,0,83.51149,0,49.77398,81.85621
460,6,260.7911,105.2059,38.39412,0,65.23821,0,33.57145,55.07117
460,7,162.6474,62.79731,30.42543,0,51.39682,0,22.96757,37.60889
460,8,107.8175,39.71494,24.29603,0,40.78185,0,15.94151,26.06996
460,10,53.89942,18.07216,15.83384,0,26.16617,0,8.014233,13.08393
460,12,30.36472,9.409444,10.60592,0,17.19445,0,4.251597,6.933873
460,15,14.93287,4.359972,6.094036,0,9.563338,0,1.797884,2.928797
460,20,6.05697,1.95034,2.693858,0,3.998207,0,0.5228769,0.8498618
460,25,3.199356,1.33767,1.325506,0,1.86999,0,0.1845584,0.2988434
460,30,2.079304,1.140734,0.7086018,0,0.9571353,0,0.07538571,0.1213768
465,3,2218.869,1009.007,80.70733,0,142.6194,0,118.1971,199.0899
465,4,939.2355,409.2746,63.8192,0,111.2472,0,77.62503,130.0641
465,5,477.351,200.9387,49.83618,0,86.1203,0,51.64686,86.22456
465,6,273.4476,110.8254,39.17857,0,67.27987,0,34.83468,58.00998
465,7,170.2727,66.12391,31.04706,0,53.00675,0,23.83187,39.6158
465,8,112.6975,41.796,24.79243,0,42.05888,0,16.54149,27.46111
465,10,56.17398,18.98795,16.15734,0,26.98217,0,8.316007,13.78212
465,12,31.56076,9.859974,10.82261,0,17.72649,0,4.411801,7.303892
465,15,15.46243,4.539802,6.218546,0,9.854503,0,1.865724,3.0851
465,20,6.232587,2.001185,2.748897,0,4.116063,0,0.542669,0.8952235
465,25,3.270645,1.355742,1.352588,0,1.923311,0,0.1915726,0.3147967
465,30,2.112421,1.148271,0.7230795,0,0.9835883,0,0.07826431,0.1278573
470,3,2345.301,1068.08,82.32659,0,147.3723,0,122.9521,210.7551
470,4,991.43,433.2081,65.09963,0,114.9244,0,80.74704,137.6847
470,5,503.1065,212.6604,50.83607,0,88.97435,0,53.72384,91.27644
470,6,287.7263,117.2639,39.96463,0,69.51584,0,36.23556,61.40874
470,7,178.8618,69.94162,31.66997,0,54.77098,0,24.79036,41.93685
470,8,118.1851,44.18741,25.28985,0,43.45862,0,17.20689,29.07002
470,10,58.72284,20.04229,16.48152,0,27.87625,0,8.650702,14.5896
470,12,32.89628,10.37926,11.03975,0,18.30878,0,4.589499,7.731822
470,15,16.05065,4.747264,6.343311,0,10.17234,0,1.940988,3.265857
470,20,6.42605,2.059864,2.80405,0,4.244025,0,0.5646371,0.9476775
470,25,3.348576,1.376594,1.379725,0,1.980868,0,0.1993624,0.3332426
470,30,2.14837,1.156962,0.7375869,0,1.011981,0,0.08146342,0.1353496
475,3,2492.636,1137.42,84.01758,0,152.8455,0,128.5011,224.8625
475,4,1052.281,461.4442,66.43678,0,119.1627,0,84.39024,146.9017
475,5,533.1394,226.5507,51.88024,0,92.27106,0,56.14752,97.38715
475,6,304.3759,124.9219,40.7855,0,72.10256,0,37.87029,65.52004
475,7,188.8752,74.49598,32.32047,0,56.81371,0,25.90887,44.74457
475,8,124.5807,47.04707,25.80931,0,45.07991,0,17.98338,31.01631
475,10,61.69052,21.30733,16.82005,0,28.91151,0,9.041303,15.56639
475,12,34.44919,11.00361,11.26651,0,18.98221,0,4.796898,8.249468
475,15,16.73287,4.997111,6.473603,0,10.53894,0,2.028847,3.484494
475,20,6.649236,2.13058,2.861645,0,4.390779,0,0.5902922,1.011113
475,25,3.437945,1.40171,1.408065,0,2.046471,0,0.2084645,0.3555462
475,30,2.189345,1.167421,0.752737,0,1.044143,0,0.08520367,0.1444073
480,3,2662.152,1217.903,85.90398,0,159.3591,0,135.1594,241.9448
480,4,1122.465,494.4604,67.92845,0,124.2175,0,88.76179,158.0644
480,5,567.86,242.8969,53.04508,0,96.21214,0,59.05574,104.7885
480,6,323.6685,133.9815,41.70123,0,75.19952,0,39.83183,70.50002
480,7,200.5039,79.90684,33.04614,0,59.26138,0,27.25098,48.14567
480,8,132.0234,50.45597,26.38879,0,47.02326,0,18.9151,33.37396
480,10,65.15686,22.82248,17.1977,0,30.15225,0,9.510003,16.74963
480,12,36.26831,11.75357,11.51947,0,19.78867,0,5.045771,8.876488
480,15,17.53441,5.2979,6.618951,0,10.97719,0,2.134281,3.749298
480,20,6.911971,2.215793,2.925896,0,4.565582,0,0.6210827,1.087925
480,25,3.543113,1.431956,1.439679,0,2.124303,0,0.2193901,0.3825463
480,30,2.237485,1.180001,0.7696377,0,1.082149,0,0.08969406,0.1553697
485,3,2849.832,1308.042,88.16312,0,167.2715,0,143.2852,262.2633
485,4,1200.58,531.8426,69.71486,0,130.3795,0,94.09696,171.3447
485,5,606.7151,261.5779,54.44008,0,101.0283,0,62.60504,113.5954
485,6,345.3786,144.414,42.79791,0,78.98937,0,42.22577,76.42622
485,7,213.6622,86.1753,33.91521,0,62.25877,0,28.88894,52.19319
485,8,140.4905,54.42393,27.08277,0,49.40379,0,20.0522,36.17979
485,10,69.1395,24.5978,17.64997,0,31.67212,0,10.08199,18.15779
485,12,38.37613,12.63583,11.82241,0,20.77629,0,5.349469,9.622646
485,15,18.47245,5.652854,6.793019,0,11.51358,0,2.262926,4.064369
485,20,7.222848,2.316477,3.002842,0,4.77931,0,0.6586409,1.179289
485,25,3.668362,1.467661,1.477541,0,2.219367,0,0.2327124,0.4146502
485,30,2.295041,1.194824,0.789878,0,1.128518,0,0.09516719,0.1684003
490,3,3046.365,1404.087,91.00029,0,177.018,0,153.3549,285.9214
490,4,1283.169,572.3537,71.95834,0,138.0074,0,100.7087,186.813
490,5,648.2103,282.1118,56.19201,0,107.0067,0,67.00369,123.8552
490,6,368.8031,156.0121,44.17519,0,83.7004,0,45.19258,83.33103
490,7,228.005,93.20626,35.00663,0,65.98713,0,30.91882,56.90944
490,8,149.811,58.90535,27.95432,0,52.36561,0,21.46133,39.4493
490,10,73.60272,26.62194,18.21796,0,33.56325,0,10.79074,19.79862
490,12,40.77426,13.64744,12.20287,0,22.00511,0,5.725729,10.49202
490,15,19.55882,6.06163,7.011624,0,12.18104,0,2.42226,4.431391
490,20,7.590171,2.432633,3.099476,0,5.045413,0,0.7051281,1.285669
490,25,3.818238,1.508799,1.525089,0,2.337815,0,0.2491879,0.4520125
490,30,2.364501,1.21186,0.815297,0,1.186335,0,0.101929,0.1835582
495,3,3232.82,1497.967,94.66312,0,189.1115,0,165.9467,312.4886
495,4,1362.99,613.1089,74.85472,0,147.5338,0,108.977,204.1913
495,5,689.0951,303.2559,58.45378,0,114.4972,0,72.5046,135.3854
495,6,392.3344,168.1721,45.95327,0,89.61206,0,48.90283,91.0922
495,7,242.6866,100.6801,36.41567,0,70.66872,0,33.4573,62.21118
495,8,159.5222,63.71928,29.0795,0,56.0855,0,23.22343,43.12487
495,10,78.40022,28.82722,18.95125,0,35.93847,0,11.67688,21.64318
495,12,43.41795,14.75874,12.69404,0,23.54856,0,6.19605,11.46922
495,15,20.79121,6.513529,7.293848,0,13.01978,0,2.621332,4.843806
495,20,8.020018,2.561362,3.224232,0,5.380321,0,0.7631471,1.405127
495,25,3.997033,1.554306,1.586475,0,2.487169,0,0.2697224,0.4939389
495,30,2.448435,1.230637,0.8481133,0,1.259373,0,0.1103434,0.2005568
500,3,3375.885,1574.688,99.41557,0,204.0167,0,181.5426,340.1606
500,4,1427.022,648.4037,78.61272,0,159.3697,0,119.2192,222.3048
500,5,723.3779,322.3834,61.38839,0,123.8392,0,79.31897,147.4087
500,6,412.9194,179.5297,48.2603,0,96.99741,0,53.49898,99.18753
500,7,256.0404,107.8261,38.24388,0,76.52112,0,36.60176,67.74203
500,8,168.6687,68.40231,30.5394,0,60.73643,0,25.40603,46.95954
500,10,83.18526,31.02146,19.90267,0,38.90794,0,12.77423,23.56753
500,12,46.17075,15.87878,13.33133,0,25.47826,0,6.778279,12.48849
500,15,22.13416,6.973359,7.660027,0,14.06912,0,2.867607,5.273781
500,20,8.510449,2.692838,3.386101,0,5.800218,0,0.8348148,1.529549
500,25,4.206588,1.600651,1.666123,0,2.674912,0,0.2950386,0.5375611
500,30,2.548537,1.249655,0.8906919,0,1.351417,0,0.1206937,0.2182256
505,3,3435.17,1614.447,105.2566,0,221.4548,0,199.6977,364.6581
505,4,1458.961,670.0635,83.23153,0,173.3378,0,131.1436,238.3578
505,5,743.2856,335.4321,64.9952,0,134.9075,0,87.25311,158.0717
505,6,426.4318,187.8283,51.09579,0,105.7619,0,58.85037,106.37
505,7,265.7048,113.2946,40.49086,0,83.46999,0,40.26273,72.65042
505,8,175.8205,72.10319,32.33371,0,66.25878,0,27.94691,50.36301
505,10,87.3647,32.82581,21.07204,0,42.43263,0,14.05135,25.27539
505,12,48.75518,16.81987,14.1146,0,27.76855,0,7.455601,13.39282
505,15,23.48372,7.36579,8.110084,0,15.31527,0,3.153862,5.654995
505,20,9.034557,2.805704,3.585048,0,6.299972,0,0.917956,1.639689
505,25,4.438062,1.640252,1.764014,0,2.898958,0,0.324335,0.5761123
505,30,2.661379,1.265759,0.9430236,0,1.461541,0,0.1326364,0.2338162
510,3,3379.572,1599.384,112.1275,0,240.3996,0,218.7233,379.5932
510,4,1445.715,669.8751,88.66463,0,188.6445,0,143.642,248.1696
510,5,742.3063,337.9562,69.23789,0,147.0797,0,95.56974,164.5996
510,6,429.2586,190.4314,54.43117,0,115.4129,0,64.45972,110.7715
510,7,269.5138,115.4284,43.13398,0,91.12363,0,44.09992,75.65998
510,8,179.6024,73.73685,34.44436,0,72.34052,0,30.60976,52.45036
510,10,90.31009,33.73243,22.44756,0,46.31336,0,15.38925,26.32268
510,12,50.84827,17.32293,15.03596,0,30.29093,0,8.164762,13.94699
510,15,24.70219,7.584499,8.639486,0,16.68982,0,3.453232,5.888209
510,20,9.549699,2.869561,3.81907,0,6.853556,0,1.004681,1.706825
510,25,4.675345,1.662389,1.879163,0,3.148331,0,0.3547921,0.5995196
510,30,2.779996,1.274548,1.004581,0,1.584676,0,0.1450031,0.2432477
515,3,3205.529,1522.868,120.14,0,259.0497,0,235.8279,378.7472
515,4,1384.786,643.5272,95.00053,0,203.8277,0,154.8816,247.6625
515,5,718.6847,327.1264,74.18557,0,159.183,0,103.0496,164.2828
515,6,420.1318,185.4513,58.32077,0,125.0149,0,69.50464,110.5665
515,7,266.529,112.9464,46.2163,0,98.73851,0,47.55065,75.52307
515,8,179.3063,72.41946,36.90573,0,78.3913,0,33.00399,52.35642
515,10,91.60191,33.30059,24.05164,0,50.177,0,16.59149,26.27527
515,12,52.19165,17.15543,16.11042,0,32.80715,0,8.801482,13.92115
515,15,25.6578,7.531719,9.256856,0,18.06764,0,3.721566,5.876571
515,20,10.00782,2.856205,4.091977,0,7.41435,0,1.082114,1.702997
515,25,4.898799,1.657191,2.013447,0,3.403802,0,0.3818488,0.5980052
515,30,2.895599,1.272027,1.076368,0,1.712174,0,0.1559232,0.2425691
520,3,2946.662,1397.203,129.7274,0,274.946,0,248.1094,360.2378
520,4,1288.359,594.6163,102.5818,0,216.8398,0,162.9557,235.5928
520,5,677.4376,304.08,80.10574,0,169.5594,0,108.4238,156.2908
520,6,401.2245,173.22,62.97489,0,133.2437,0,73.12939,105.1935
520,7,257.6788,105.9029,49.90446,0,105.2643,0,50.02954,71.85534
520,8,175.2862,68.11301,39.85088,0,83.58046,0,34.72337,49.81447
520,10,91.20007,31.46833,25.97101,0,53.50339,0,17.45399,24.99938
520,12,52.67507,16.27312,17.39607,0,34.98796,0,9.257602,13.24463
520,15,26.25852,7.185496,9.995573,0,19.27786,0,3.913217,5.590458
520,20,10.36564,2.758956,4.418525,0,7.919877,0,1.137038,1.61975
520,25,5.089207,1.622424,2.174124,0,3.640167,0,0.4008671,0.5686489
520,30,2.999386,1.257375,1.162264,0,1.833009,0,0.1635148,0.2306142
525,3,2660.893,1250.613,141.7855,0,286.4135,0,254.3121,329.1625
525,4,1178.874,534.4608,112.1167,0,226.2377,0,167.0381,215.2876
525,5,628.6851,274.2975,87.55152,0,177.0235,0,111.1425,142.828
525,6,377.5419,156.7159,68.82837,0,139.1504,0,74.96295,96.13536
525,7,245.5898,96.04762,54.54305,0,109.9513,0,51.28295,65.66912
525,8,168.976,61.90512,43.555,0,87.31917,0,35.59208,45.52617
525,10,89.56082,28.70982,28.385,0,55.9305,0,17.8887,22.84719
525,12,52.44623,14.90793,19.01302,0,36.60899,0,9.486678,12.10412
525,15,26.52525,6.638002,10.92466,0,20.20802,0,4.008771,5.108773
525,20,10.61707,2.603845,4.829225,0,8.331821,0,1.163959,1.480011
525,25,5.242533,1.56736,2.376208,0,3.843377,0,0.4099755,0.5195242
525,30,3.089696,1.234469,1.270296,0,1.941809,0,0.1670464,0.2106666
530,3,2391.607,1107.347,157.334,0,294.6092,0,255.7042,293.524
530,4,1074.295,473.9583,124.4116,0,232.8947,0,167.9605,191.9844
530,5,581.2376,243.5875,97.15259,0,182.2475,0,111.7584,127.3705
530,6,353.9116,139.348,76.37623,0,143.2636,0,75.37828,85.73221
530,7,233.1251,85.50767,60.52435,0,113.221,0,51.56617,58.56323
530,8,162.1778,55.18141,48.33133,0,89.94674,0,35.7875,40.60002
530,10,87.49907,25.66928,31.49776,0,57.68205,0,17.98509,20.37498
530,12,51.92395,13.38729,21.09802,0,37.82068,0,9.536394,10.79428
530,15,26.63995,6.023223,12.12267,0,20.94415,0,4.028585,4.555833
530,20,10.82254,2.42913,5.358807,0,8.68751,0,1.16892,1.319764
530,25,5.38396,1.505498,2.636787,0,4.031459,0,0.4113646,0.4632504
530,30,3.178681,1.208861,1.409599,0,2.04808,0,0.1674399,0.187839
535,3,2158.39,979.2699,177.318,0,302.8798,0,254.3135,259.0152
535,4,983.9625,419.0142,140.2139,0,239.4879,0,167.0541,169.4126
535,5,540.4111,215.3302,109.4925,0,187.3499,0,111.1572,112.3952
535,6,333.7059,123.2004,86.07724,0,147.2594,0,74.97272,75.65231
535,7,222.5775,75.62935,68.21192,0,116.4013,0,51.28792,51.67765
535,8,156.5245,48.84085,54.47019,0,92.51755,0,35.59339,35.82646
535,10,85.91995,22.77802,35.49848,0,59.42965,0,17.88592,17.97938
535,12,51.64921,11.93421,23.77782,0,39.05832,0,9.482582,9.525147
535,15,26.87598,5.433573,13.66245,0,21.722,0,4.0048,4.020191
535,20,11.08475,2.261321,6.039462,0,9.080635,0,1.161322,1.164601
535,25,5.557881,1.446151,2.971702,0,4.246025,0,0.4083747,0.4087887
535,30,3.287634,1.184348,1.588641,0,2.172089,0,0.1660708,0.1657566
540,3,1966.361,869.484,202.624,0,314.9228,0,251.7619,228.2592
540,4,911.5103,371.5381,160.2247,0,248.9932,0,165.384,149.2926
540,5,508.9019,190.7528,125.1189,0,194.6904,0,110.0476,99.04519
540,6,318.9755,109.0838,98.36182,0,153.004,0,74.22426,66.66589
540,7,215.5298,66.95979,77.94683,0,120.9688,0,50.77522,45.53883
540,8,153.2506,43.25966,62.24394,0,96.20216,0,35.23671,31.57053
540,10,85.59193,20.2229,40.56467,0,61.91625,0,17.70531,15.84358
540,12,52.11331,10.6471,27.17128,0,40.80184,0,9.385772,8.393694
540,15,27.49609,4.91037,15.6123,0,22.80039,0,3.963013,3.542706
540,20,11.50686,2.112326,6.901389,0,9.613442,0,1.148608,1.026315
540,25,5.809697,1.393488,3.395811,0,4.532206,0,0.4036329,0.3602617
540,30,3.438487,1.162619,1.815365,0,2.33567,0,0.1640121,0.1460848
545,3,1812.089,776.0289,234.0319,0,333.4311,0,249.0644,201.7069
545,4,856.698,331.0059,185.0604,0,263.5827,0,163.6171,131.9216
545,5,487.3028,169.7198,144.513,0,205.9924,0,108.8733,87.51882
545,6,310.4914,96.98063,113.6084,0,161.8608,0,73.4322,58.90686
545,7,212.7257,59.51629,90.02902,0,128.0021,0,50.2328,40.23841
545,8,153.0104,38.46266,71.89209,0,101.8555,0,34.85954,27.89583
545,10,86.97679,18.02367,46.85242,0,65.68492,0,17.51462,13.99947
545,12,53.63065,9.538349,31.38298,0,43.40274,0,9.283779,7.41678
545,15,28.67728,4.459391,18.03229,0,24.36969,0,3.919176,3.130453
545,20,12.16148,1.983869,7.971142,0,10.36181,0,1.135392,0.9069302
545,25,6.172211,1.348093,3.92218,0,4.923818,0,0.3987563,0.3183713
545,30,3.647382,1.143896,2.096757,0,2.555343,0,0.1619186,0.1291046
550,3,1688.04,694.7474,272.1858,0,359.8349,0,246.7432,178.6912
550,4,817.1066,295.7807,215.2305,0,284.4127,0,162.0968,116.8644
550,5,474.8438,151.4517,168.0727,0,222.1741,0,107.8629,77.52785
550,6,308.0924,86.4731,132.1299,0,174.5562,0,72.75068,52.18142
550,7,214.2372,53.05623,104.7063,0,138.0764,0,49.76607,35.64406
550,8,155.9595,34.30047,83.61257,0,109.9345,0,34.53501,24.71065
550,10,90.24435,16.1161,54.49071,0,71.02747,0,17.35053,12.40101
550,12,56.33598,8.57682,36.49931,0,47.05129,0,9.196008,6.570001
550,15,30.50408,4.06835,20.97207,0,26.53435,0,3.881446,2.773115
550,20,13.08653,1.872491,9.270667,0,11.36847,0,1.124013,0.8034473
550,25,6.663484,1.308733,4.561608,0,5.440427,0,0.3945564,0.2820602
550,30,3.923569,1.127661,2.438589,0,2.840913,0,0.160115,0.1143858
555,3,1588.368,622.0566,318.2098,0,395.3405,0,244.9476,158.3677
555,4,790.8745,264.3648,251.6239,0,312.4472,0,160.9213,103.569
555,5,470.9458,135.1945,196.4922,0,243.9937,0,107.0818,68.70609
555,6,311.6723,77.13781,154.4718,0,191.6884,0,72.2238,46.24312
555,7,220.1394,47.32406,122.4112,0,151.6663,0,49.40519,31.58748
555,8,162.2372,30.61074,97.75066,0,120.8178,0,34.28399,21.89829
555,10,95.54369,14.42719,63.70457,0,78.18977,0,17.22348,10.98966
555,12,60.34926,7.726133,42.671,0,51.91146,0,9.127961,5.822329
555,15,33.05434,3.722578,24.51825,0,29.38799,0,3.852116,2.457591
555,20,14.31917,1.774029,10.83825,0,12.6744,0,1.115116,0.7120684
555,25,7.302322,1.273931,5.332933,0,6.10202,0,0.3912498,0.2499943
555,30,4.277215,1.113301,2.850931,0,3.202989,0,0.1586846,0.1013871
560,3,1513.468,556.6961,374.7756,0,442.5517,0,243.6229,140.3271
560,4,779.1696,236.1942,296.3532,0,349.7463,0,160.0547,91.76761
560,5,476.7929,120.6488,231.4212,0,273.0596,0,106.5061,60.87582
560,6,322.2712,68.79932,181.9311,0,214.5214,0,71.83549,40.97233
560,7,231.3068,42.21049,144.1713,0,169.7733,0,49.13914,27.98691
560,8,172.5672,27.32237,115.1271,0,135.3051,0,34.09884,19.4021
560,10,103.3656,12.92392,75.02885,0,87.69339,0,17.12963,9.736961
560,12,66.00622,6.969519,50.2563,0,58.33299,0,9.077576,5.158701
560,15,36.52437,3.415216,28.87667,0,33.13194,0,3.830303,2.177526
560,20,15.94747,1.686523,12.76488,0,14.36889,0,1.108437,0.6309539
560,25,8.132415,1.242996,6.280928,0,6.952664,0,0.3887407,0.2215284
560,30,4.731796,1.100533,3.357719,0,3.665183,0,0.1575869,0.08984711
565,3,1466.194,497.9618,445.9717,0,505.4819,0,242.7161,124.3098
565,4,784.6949,210.9437,352.6515,0,399.4829,0,159.4623,81.29016
565,5,494.6376,107.6375,275.3843,0,311.8482,0,106.1129,53.9242
565,6,341.717,61.35227,216.4925,0,245.0018,0,71.57019,36.29305
565,7,249.2143,37.64906,171.5595,0,193.9396,0,48.95729,24.79045
565,8,188.1408,24.39173,136.9978,0,154.6281,0,33.97218,17.18607
565,10,114.4969,11.58582,89.28209,0,100.3414,0,17.06524,8.624862
565,12,73.83784,6.296508,59.80349,0,66.85423,0,9.042874,4.569549
565,15,41.22132,3.141962,34.36238,0,38.07599,0,3.815164,1.928886
565,20,18.10809,1.608744,15.18983,0,16.58923,0,1.103727,0.5589364
565,25,9.22126,1.215495,7.474116,0,8.060051,0,0.3869394,0.1962535
565,30,5.323491,1.089179,3.995585,0,4.263746,0,0.1567846,0.07960009
570,3,1451.871,445.3923,537.9233,0,590.183,0,242.1898,110.1327
570,4,811.9388,188.3961,425.3621,0,466.4415,0,159.1195,72.01685
570,5,528.0733,96.04087,332.1637,0,364.0947,0,105.8855,47.77165
570,6,372.8705,54.72456,261.1295,0,286.0649,0,71.41685,32.15171
570,7,276.1456,33.59399,206.9321,0,226.4914,0,48.85206,21.96148
570,8,210.7901,21.7886,165.2443,0,180.6446,0,33.89873,15.22483
570,10,130.1382,10.3986,107.6905,0,117.3449,0,17.02766,7.640622
570,12,84.65105,5.69978,72.13393,0,78.28679,0,9.022441,4.048126
570,15,47.6103,2.899801,41.4473,0,44.68691,0,3.806098,1.708823
570,20,21.00729,1.539829,18.32171,0,19.54206,0,1.100809,0.495193
570,25,10.67056,1.191125,9.015148,0,9.526011,0,0.3857823,0.1738811
570,30,6.106754,1.079114,4.819405,0,5.053181,0,0.1562508,0.07052933
575,3,1479.146,398.6921,659.7779,0,705.7352,0,242.0177,97.66525
575,4,867.903,168.4076,521.7184,0,557.8013,0,159.009,63.86205
575,5,582.6195,85.77795,407.408,0,435.4035,0,105.8128,42.36132
575,6,420.0918,48.86683,320.2826,0,342.1163,0,71.36774,28.51002
575,7,315.5657,30.01364,253.808,0,270.9197,0,48.81816,19.47385
575,8,243.2875,19.49198,202.6767,0,216.1421,0,33.87483,13.50022
575,10,152.1005,9.352244,132.0854,0,140.521,0,17.01505,6.775137
575,12,99.66059,5.17417,88.47427,0,93.84821,0,9.015295,3.589611
575,15,56.39031,2.686598,50.83627,0,53.6647,0,3.802687,1.515306
575,20,24.95456,1.479166,22.47208,0,23.53714,0,1.09956,0.439136
575,25,12.63279,1.16967,11.05733,0,11.50308,0,0.3852248,0.1542053
575,30,7.163161,1.070251,5.911135,0,6.115088,0,0.1559672,0.06255154
580,3,1560.863,357.6733,824.6811,0,865.223,0,242.1816,86.81067
580,4,962.832,150.8826,652.1154,0,683.9073,0,159.1191,56.76246
580,5,666.3047,76.79313,509.2345,0,533.8516,0,105.8866,37.65116
580,6,489.7041,43.74449,400.3332,0,419.5048,0,71.41755,25.33965
580,7,372.4911,26.88553,317.2441,0,332.2552,0,48.85196,17.30818
580,8,289.6415,17.4868,253.3332,0,265.1382,0,33.89795,11.99884
580,10,182.9988,8.439495,165.0985,0,172.4882,0,17.02613,6.021673
580,12,120.6192,4.715915,110.5873,0,115.2928,0,9.020756,3.19044
580,15,68.56916,2.50079,63.54215,0,66.01774,0,3.804641,1.346832
580,20,30.39581,1.426305,28.0887,0,29.0205,0,1.099893,0.390331
580,25,15.32748,1.150972,13.82097,0,14.21085,0,0.3852361,0.1370742
580,30,8.610143,1.062525,7.388548,0,7.566915,0,0.1559208,0.05560517
585,3,1713.141,322.1872,1048.992,0,1084.948,0,242.6698,77.4878
585,4,1109.54,135.7436,829.4889,0,857.6484,0,159.4419,50.66486
585,5,789.1555,69.04097,647.7449,0,669.5021,0,106.102,33.60584
585,6,589.5984,39.32907,509.2228,0,526.1408,0,71.56278,22.6168
585,7,453.1788,24.19106,403.5336,0,416.7665,0,48.95108,15.44823
585,8,354.8512,15.76053,322.2392,0,332.6383,0,33.96643,10.7094
585,10,226.0929,7.654294,210.0048,0,216.5089,0,17.06006,5.374571
585,12,149.7112,4.321868,140.6667,0,144.8062,0,9.038379,2.847615
585,15,85.4026,2.34107,80.82544,0,83.00221,0,3.81177,1.202136
585,20,37.88649,1.380872,35.72874,0,36.54769,0,1.101753,0.3484129
585,25,19.0281,1.1349,17.58024,0,17.92281,0,0.3857956,0.1223599
585,30,10.59394,1.055883,9.398212,0,9.554912,0,0.1561029,0.04963855
590,3,1945.715,291.7495,1343.394,0,1375.504,0,243.489,69.54509
590,4,1316.056,122.7761,1062.287,0,1087.402,0,159.9819,45.47008
590,5,957.548,62.40816,829.5361,0,848.8957,0,106.4618,30.15952
590,6,724.8291,35.55452,652.1374,0,667.1657,0,71.80546,20.29716
590,7,561.6541,21.88923,516.7863,0,528.5277,0,49.11688,13.86372
590,8,442.1406,14.28659,412.6764,0,421.8963,0,34.08123,9.610912
590,10,283.4917,6.984328,268.9432,0,274.7042,0,17.11732,4.823297
590,12,188.3525,3.985789,180.1452,0,183.8097,0,9.068406,2.555556
590,15,107.7059,2.204887,103.5093,0,105.4353,0,3.824171,1.078866
590,20,47.78775,1.342139,45.7561,0,46.48033,0,1.105163,0.3127003
590,25,23.91258,1.121197,22.51417,0,22.81703,0,0.3869105,0.1098234
590,30,13.20977,1.050219,12.03584,0,12.17436,0,0.1565157,0.04455485
595,3,2237.816,265.6009,1688.65,0,1717.539,0,244.6483,62.77171
595,4,1566.509,111.6523,1335.297,0,1357.863,0,160.7451,41.0402
595,5,1159.261,56.72538,1042.729,0,1060.081,0,106.9702,27.2207
595,6,885.8588,32.32371,819.7383,0,833.1837,0,72.14829,18.31912
595,7,690.3909,19.92044,649.6017,0,660.0935,0,49.35121,12.51256
595,8,545.5166,13.02661,518.7352,0,526.9669,0,34.24361,8.674204
595,10,351.3023,6.412054,338.0622,0,343.2004,0,17.19853,4.353211
595,12,233.9402,3.698844,226.443,0,229.7093,0,9.111162,2.306508
595,15,133.986,2.088654,130.1114,0,131.8272,0,3.841974,0.9737467
595,20,59.44074,1.309085,57.51553,0,58.16033,0,1.110157,0.2822452
595,25,29.65708,1.109502,28.30037,0,28.56994,0,0.3885903,0.09913204
595,30,16.28466,1.045383,15.12909,0,15.25235,0,0.157162,0.04021923
600,3,2500.123,243.0158,1996.907,0,2023.089,0,246.1448,56.96773
600,4,1790.797,102.0597,1579.051,0,1599.475,0,161.7297,37.24443
600,5,1339.72,51.83125,1233.075,0,1248.74,0,107.6257,24.70261
600,6,1029.85,29.54413,969.3785,0,981.4933,0,72.59044,16.62428
600,7,805.4737,18.22798,768.184,0,777.6252,0,49.6535,11.35485
600,8,637.9117,11.94414,613.4284,0,620.8291,0,34.45317,7.871611
600,10,411.8968,5.920807,399.7742,0,404.3884,0,17.30348,3.95043
600,12,274.6716,3.452646,267.7793,0,270.7105,0,9.166529,2.093116
600,15,157.4636,1.988964,153.8628,0,155.4016,0,3.865123,0.8836759
600,20,69.84974,1.280739,68.01478,0,68.59274,0,1.116715,0.2561488
600,25,34.78792,1.099471,33.4665,0,33.70804,0,0.390826,0.08997041
600,30,19.03089,1.041235,17.89084,0,18.00128,0,0.1580372,0.03650379
605,3,2582.394,223.3279,2119.274,0,2143.162,0,247.9682,51.95176
605,4,1870.603,93.71189,1675.813,0,1694.423,0,162.9289,33.96411
605,5,1406.686,47.5783,1308.636,0,1322.871,0,108.4241,22.52651
605,6,1084.351,27.13142,1028.78,0,1039.768,0,73.12891,15.15965
605,7,849.5164,16.76016,815.2571,0,823.808,0,50.02169,10.3544
605,8,673.5153,11.00596,651.0183,0,657.7147,0,34.70848,7.178038
605,10,435.4315,5.49543,424.2717,0,428.4418,0,17.43144,3.602361
605,12,290.5607,3.239572,284.1884,0,286.8355,0,9.234112,1.908708
605,15,166.6575,1.90272,163.2913,0,164.68,0,3.893446,0.8058374
605,20,73.94044,1.25622,72.18262,0,72.70389,0,1.124783,0.2335955
605,25,36.80858,1.090793,35.51727,0,35.73505,0,0.3935969,0.08205226
605,30,20.11398,1.037646,18.98717,0,19.08672,0,0.1591323,0.03329249
610,3,2407.214,205.9362,1979.557,0,2001.476,0,250.1043,47.56262
610,4,1745.153,86.35153,1565.332,0,1582.385,0,164.3335,31.09383
610,5,1312.838,43.83423,1222.362,0,1235.371,0,109.3591,20.62245
610,6,1012.217,25.01,960.9565,0,970.9769,0,73.75952,13.87813
610,7,793.1102,15.47079,761.51,0,769.2971,0,50.45292,9.479036
610,8,628.8563,10.18245,608.0989,0,614.1911,0,35.00755,6.571189
610,10,406.6202,5.122407,396.301,0,400.0899,0,17.5814,3.297813
610,12,271.3724,3.052833,265.4528,0,267.8562,0,9.313372,1.747356
610,15,155.6886,1.82717,152.526,0,153.786,0,3.92671,0.7377294
610,20,69.11494,1.234745,67.42386,0,67.8965,0,1.13429,0.2138605
610,25,34.44103,1.083192,33.17574,0,33.37313,0,0.3968771,0.07512322
610,30,18.8508,1.034501,17.73541,0,17.82563,0,0.1604358,0.0304822
615,3,2064.977,190.3026,1669.252,0,1689.448,0,252.5371,43.65843
615,4,1486.325,79.74884,1319.959,0,1335.652,0,165.9329,28.54078
615,5,1114.434,40.48135,1030.751,0,1042.69,0,110.4237,18.92889
615,6,857.726,23.11282,810.322,0,819.4986,0,74.47755,12.7383
615,7,671.3651,14.31891,642.1397,0,649.2606,0,50.94397,8.700462
615,8,531.9834,9.447347,512.7765,0,518.3417,0,35.34814,6.03144
615,10,343.7517,4.789802,334.1789,0,337.6355,0,17.75223,3.026939
615,12,229.3605,2.886435,223.8418,0,226.0327,0,9.403705,1.603844
615,15,131.5996,1.759882,128.6169,0,129.7645,0,3.964657,0.6771499
615,20,58.48719,1.215622,56.85486,0,57.28508,0,1.145159,0.196306
615,25,29.21773,1.076422,27.97529,0,28.15491,0,0.4006378,0.0689594
615,30,16.06067,1.031699,14.9553,0,15.03738,0,0.1619357,0.02798212
620,3,1696.764,175.961,1330.393,0,1349.047,0,255.2496,40.118
620,4,1206.026,73.7054,1052.007,0,1066.484,0,167.716,26.2257
620,5,898.9695,37.41823,821.5082,0,832.492,0,111.6106,17.39322
620,6,689.7057,21.38217,645.8263,0,654.251,0,75.27805,11.70476
620,7,538.8451,13.26937,511.7851,0,518.3128,0,51.49142,7.994496
620,8,426.4788,8.778148,408.6827,0,413.7788,0,35.72787,5.542029
620,10,275.2365,4.487382,266.3404,0,269.5014,0,17.94275,2.781327
620,12,183.5582,2.735247,178.4018,0,180.4037,0,9.504474,1.473714
620,15,105.3284,1.698779,102.5076,0,103.5555,0,4.007013,0.6222177
620,20,46.89291,1.198261,45.31329,0,45.70584,0,1.157308,0.180387
620,25,23.51827,1.070275,22.29629,0,22.46012,0,0.4048495,0.06336949
620,30,13.01578,1.029155,11.91937,0,11.99422,0,0.1636193,0.02571469
625,3,1377.871,162.6993,1038.702,0,1055.96,0,258.2198,36.88032
625,4,963.9453,68.12901,821.3519,0,834.7305,0,169.6685,24.10868
625,5,713.1058,34.59691,641.3908,0,651.5129,0,112.9101,15.98897
625,6,544.858,19.79043,504.2275,0,511.9748,0,76.15453,10.75968
625,7,424.6431,12.30513,399.5751,0,405.5688,0,52.09086,7.34896
625,8,335.5789,8.163873,319.0781,0,323.7524,0,36.14368,5.094513
625,10,216.2217,4.21011,207.9447,0,210.84,0,18.15139,2.556739
625,12,144.1127,2.596728,139.2868,0,141.1189,0,9.614855,1.354721
625,15,82.70607,1.642825,80.03257,0,80.99081,0,4.05343,0.5719858
625,20,36.9101,1.182366,35.37826,0,35.73697,0,1.170636,0.1658293
625,25,18.61126,1.064647,17.40778,0,17.55744,0,0.409476,0.05825724
625,30,10.39434,1.026824,9.30602,0,9.37439,0,0.1654717,0.02364089
630,3,1124.487,150.4795,810.4308,0,826.4235,0,261.4254,33.92586
630,4,772.9051,63.00031,640.847,0,653.231,0,171.7755,22.17691
630,5,566.8598,32.00616,500.4351,0,509.7792,0,114.3124,14.70763
630,6,431.0601,18.33059,393.4156,0,400.5522,0,77.10036,9.897336
630,7,335.0025,11.42167,311.7622,0,317.2751,0,52.73774,6.75994
630,8,264.27,7.601477,248.9557,0,253.2503,0,36.59243,4.686178
630,10,169.9572,3.956516,162.2456,0,164.902,0,18.37658,2.351814
630,12,113.201,2.470115,108.6764,0,110.3558,0,9.734012,1.246146
630,15,64.98387,1.591705,62.44416,0,63.32186,0,4.103556,0.5261502
630,20,29.0919,1.167847,27.60333,0,27.93166,0,1.18504,0.1525449
630,25,14.7689,1.059504,13.58215,0,13.71908,0,0.4144814,0.05359192
630,30,8.341892,1.024694,7.260876,0,7.323422,0,0.1674785,0.0217483
635,3,929.0288,139.2849,638.017,0,652.867,0,264.8478,31.24182
635,4,626.9113,58.30935,504.511,0,515.9978,0,174.0249,20.42202
635,5,455.5521,29.63972,393.9708,0,402.6144,0,115.8096,13.54364
635,6,344.6336,16.99859,309.719,0,316.3065,0,78.11014,9.113974
635,7,267.0087,10.61624,245.4368,0,250.5177,0,53.42836,6.224874
635,8,210.2248,7.089093,195.992,0,199.9456,0,37.07152,4.315248
635,10,134.9264,3.725679,127.7289,0,130.1709,0,18.61703,2.16566
635,12,89.80759,2.354926,85.55619,0,87.0987,0,9.861259,1.147515
635,15,51.57818,1.545216,49.15957,0,49.96507,0,4.157099,0.484512
635,20,23.18041,1.154645,21.7309,0,22.032,0,1.200436,0.1404765
635,25,11.8643,1.054828,10.69263,0,10.81816,0,0.4198362,0.04935342
635,30,6.790608,1.022756,5.716172,0,5.773501,0,0.1696275,0.02002877
640,3,778.9147,129.1133,508.8703,0,522.6948,0,268.472,28.82028
640,4,516.0089,54.0528,402.3884,0,413.0707,0,176.4069,18.83879
640,5,371.4066,27.49486,314.2237,0,322.2402,0,117.3949,12.49352
640,6,279.4646,15.79239,247.026,0,253.1224,0,79.17938,8.40726
640,7,215.8162,9.887413,195.7558,0,200.4505,0,54.15967,5.742164
640,8,169.5736,6.625693,156.3195,0,159.9686,0,37.57886,3.980614
640,10,108.6074,3.517068,101.8742,0,104.1247,0,18.87167,1.997721
640,12,72.24312,2.250874,68.238,0,69.65834,0,9.996034,1.058535
640,15,41.51842,1.503237,39.20875,0,39.94983,0,4.213824,0.4469471
640,20,18.74661,1.142726,17.33216,0,17.60897,0,1.216756,0.1295883
640,25,9.686399,1.050605,8.528244,0,8.643606,0,0.4255162,0.04552926
640,30,5.627655,1.021006,4.559111,0,4.611789,0,0.1719091,0.01847728
645,3,663.007,119.9749,411.8198,0,424.7336,0,272.2855,26.65714
645,4,431.376,50.2327,325.6459,0,335.6143,0,178.9132,17.42455
645,5,307.5294,25.57169,254.2957,0,261.7562,0,119.0629,11.5555
645,6,230.1314,14.71167,199.9138,0,205.5751,0,80.30443,7.775989
645,7,177.1277,9.234773,158.4217,0,162.7746,0,54.92916,5.310987
645,8,138.8846,6.210921,126.5066,0,129.8861,0,38.11269,3.681705
645,10,88.76338,3.330464,82.44498,0,84.52615,0,19.13963,1.847712
645,12,59.00917,2.157833,55.22381,0,56.53605,0,10.13787,0.9790532
645,15,33.94359,1.46571,31.73095,0,32.41505,0,4.273533,0.4133919
645,20,15.4099,1.132072,14.02661,0,14.28194,0,1.233942,0.119862
645,25,8.04791,1.046831,6.901758,0,7.008128,0,0.4315018,0.04211307
645,30,4.752922,1.019442,3.689608,0,3.738172,0,0.1743153,0.01709126
650,3,572.8604,111.8892,338.3675,0,350.4858,0,276.278,24.75138
650,4,366.3134,46.85542,267.5636,0,276.9086,0,181.5371,16.1786
650,5,258.6821,23.87261,208.9394,0,215.9145,0,120.8092,10.72912
650,6,192.5129,13.7574,164.2571,0,169.5385,0,81.48222,7.21985
650,7,147.6761,8.658742,130.1656,0,134.2199,0,55.73472,4.931128
650,8,115.5482,5.844959,103.9429,0,107.087,0,38.67156,3.418372
650,10,73.69314,3.165894,67.74007,0,69.67331,0,19.42017,1.715556
650,12,48.9661,2.075801,45.37408,0,46.5919,0,10.28638,0.9090312
650,15,28.1988,1.432631,26.07141,0,26.70573,0,4.336064,0.3838299
650,20,12.88076,1.122682,11.52482,0,11.76139,0,1.251949,0.111293
650,25,6.806388,1.043504,5.670758,0,5.769275,0,0.4377765,0.03910327
650,30,4.090261,1.018062,3.031529,0,3.0765,0,0.1768393,0.0158701
655,3,502.4061,104.8837,282.3762,0,293.8165,0,280.4408,23.10435
655,4,315.9954,43.93066,223.2886,0,232.1021,0,184.2728,15.10181
655,5,221.0877,22.40178,174.3652,0,180.9259,0,122.6299,10.01493
655,6,163.6363,12.93159,137.0767,0,142.0334,0,82.71021,6.739222
655,7,125.1041,8.160379,108.6264,0,112.4254,0,56.57463,4.602846
655,8,97.68099,5.528403,86.74295,0,89.68551,0,39.25427,3.190795
655,10,62.16866,3.023581,56.53079,0,58.3373,0,19.7127,1.601344
655,12,41.29116,2.004875,37.86581,0,39.0027,0,10.44125,0.8485167
655,15,23.8112,1.404033,21.75725,0,22.34889,0,4.401282,0.3582816
655,20,10.95015,1.114564,9.617753,0,9.838223,0,1.270737,0.1038873
655,25,5.85897,1.040627,4.732391,0,4.824169,0,0.4443265,0.03650205
655,30,3.584679,1.01687,2.529887,0,2.571776,0,0.1794758,0.01481469
660,3,447.3542,98.99108,239.4761,0,250.3601,0,284.7665,21.71914
660,4,276.9994,41.47058,189.3654,0,197.7423,0,187.1155,14.19619
660,5,192.0633,21.16465,147.8748,0,154.0934,0,124.5217,9.414278
660,6,141.3885,12.237,116.2513,0,120.9392,0,83.98622,6.334995
660,7,107.7351,7.741214,92.12336,0,95.71043,0,57.44739,4.326749
660,8,83.94333,5.262156,73.56452,0,76.33963,0,39.85978,2.999394
660,10,53.31615,2.903886,47.94235,0,49.64334,0,20.01669,1.505288
660,12,35.3988,1.945221,32.11304,0,33.18248,0,10.6022,0.7976217
660,15,20.44424,1.379981,18.45177,0,19.0078,0,4.469072,0.3367946
660,20,9.469271,1.107736,8.156574,0,8.363602,0,1.290272,0.09765885
660,25,5.132425,1.038208,4.013421,0,4.09957,0,0.4511404,0.03431432
660,30,3.197028,1.015867,2.145534,0,2.184846,0,0.1822199,0.01392705
665,3,404.501,94.2022,206.473,0,216.9224,0,289.2484,20.59001
665,4,246.7954,39.47016,163.2682,0,171.3031,0,190.0608,13.45798
665,5,169.6339,20.1582,127.4956,0,133.4441,0,126.4819,8.924659
665,6,124.2169,11.67171,100.2303,0,104.7045,0,85.30826,6.005492
665,7,94.33883,7.399972,79.42748,0,82.84534,0,58.35165,4.101689
665,8,73.3528,5.045354,63.4263,0,66.06727,0,40.48715,2.843374
665,10,46.49541,2.806389,41.33522,0,42.95136,0,20.33167,1.426988
665,12,30.86021,1.896622,27.68742,0,28.70247,0,10.76898,0.7561349
665,15,17.85154,1.360383,15.90886,0,16.43611,0,4.539326,0.3192796
665,20,8.329217,1.102173,7.032485,0,7.228632,0,1.310524,0.09258186
665,25,4.573179,1.036237,3.460316,0,3.541905,0,0.4582073,0.03253107
665,30,2.898671,1.01505,1.849849,0,1.887075,0,0.1850674,0.01320353
670,3,371.0498,90.37957,180.8517,0,190.9748,0,293.879,19.6836
670,4,223.2764,37.87165,143.0082,0,150.785,0,193.1038,12.86538
670,5,152.1872,19.35322,111.6746,0,117.4163,0,128.507,8.531603
670,6,110.8671,11.21925,87.79267,0,92.10149,0,86.67415,5.740973
670,7,83.92735,7.126693,69.57131,0,72.85728,0,59.2859,3.921013
670,8,65.1235,4.871654,55.55572,0,58.09161,0,41.13534,2.718122
670,10,41.19658,2.728228,36.20593,0,37.75518,0,20.65712,1.36413
670,12,27.33476,1.857646,24.25168,0,25.22371,0,10.94131,0.72283
670,15,15.83782,1.344662,13.93473,0,14.43914,0,4.611927,0.3052191
670,20,7.443844,1.097709,6.159822,0,6.347311,0,1.331458,0.08850631
670,25,4.138895,1.034655,3.030925,0,3.108879,0,0.4655147,0.03109961
670,30,2.666992,1.014394,1.620301,0,1.655863,0,0.1880131,0.01262277
675,3,344.8184,87.37323,160.7399,0,170.6296,0,298.6513,18.96446
675,4,204.8323,36.61239,127.1048,0,134.6953,0,196.2398,12.39519
675,5,138.5019,18.71819,99.25571,0,104.8445,0,130.594,8.219737
675,6,100.3936,10.86192,78.02959,0,82.21413,0,88.08178,5.53109
675,7,75.75807,6.910672,61.83455,0,65.02031,0,60.24871,3.777655
675,8,58.66585,4.734255,49.37758,0,51.83302,0,41.80335,2.618741
675,10,37.03801,2.666343,32.17961,0,33.67715,0,20.99252,1.314255
675,12,24.56774,1.82677,21.55475,0,22.49333,0,11.11893,0.6964042
675,15,14.25721,1.332202,12.3851,0,12.87167,0,4.686761,0.294063
675,20,6.748863,1.094171,5.474812,0,5.655509,0,1.35304,0.08527278
675,25,3.797993,1.033402,2.693867,0,2.768966,0,0.4730504,0.02996395
675,30,2.48513,1.013875,1.440114,0,1.474367,0,0.1910518,0.01216203
680,3,324.1457,85.04499,144.7628,0,154.498,0,303.5584,18.40029
680,4,190.2561,35.63473,114.4709,0,121.9362,0,199.4645,12.02631
680,5,127.6694,18.22414,89.38994,0,94.87146,0,132.74,7.975057
680,6,92.09545,10.58345,70.27364,0,74.36845,0,89.52918,5.366418
680,7,69.28162,6.742114,55.68835,0,58.80042,0,61.23871,3.665178
680,8,53.54428,4.626936,44.46957,0,46.86513,0,42.49024,2.540766
680,10,33.7382,2.617941,28.98103,0,30.43953,0,21.33742,1.275123
680,12,22.37149,1.802601,19.41226,0,20.32537,0,11.30157,0.6756709
680,15,13.00233,1.322443,11.15405,0,11.62694,0,4.76372,0.2853104
680,20,6.196983,1.091399,4.93063,0,5.106083,0,1.375239,0.08273605
680,25,3.527257,1.03242,2.426104,0,2.498992,0,0.4808032,0.02907308
680,30,2.34069,1.013469,1.29697,0,1.330209,0,0.1941788,0.01180063
685,3,307.7488,83.26717,131.9032,0,141.5498,0,308.5942,17.96159
685,4,178.6323,34.88555,104.3022,0,111.693,0,202.7736,11.73944
685,5,119.0059,17.84444,81.44924,0,86.86124,0,134.9422,7.784771
685,6,85.44771,10.36893,64.03108,0,68.06465,0,91.01449,5.238352
685,7,64.0878,6.612025,50.74143,0,53.80163,0,62.25466,3.577702
685,8,49.43412,4.543994,40.51924,0,42.8718,0,43.19513,2.480123
685,10,31.08778,2.580461,26.40658,0,27.83638,0,21.69136,1.244689
685,12,20.6066,1.783864,17.68782,0,18.58198,0,11.48901,0.6595464
685,15,11.99348,1.31487,10.16321,0,10.62579,0,4.842704,0.2785037
685,20,5.753137,1.089248,4.492631,0,4.664102,0,1.398026,0.08076348
685,25,3.309476,1.031659,2.210588,0,2.28179,0,0.4887623,0.02838041
685,30,2.224488,1.013153,1.181757,0,1.214222,0,0.1973897,0.01151966
690,3,294.6211,81.92146,121.4014,0,131.0128,0,313.7529,17.62132
690,4,169.2568,34.31572,95.99797,0,103.3555,0,206.1634,11.51692
690,5,111.9909,17.55447,74.96447,0,80.33744,0,137.1981,7.637161
690,6,80.05268,10.20459,58.9331,0,62.92832,0,92.53603,5.139004
690,7,59.86679,6.512125,46.70154,0,49.72733,0,63.29539,3.50984
690,8,46.09069,4.480181,37.29321,0,39.61626,0,43.91721,2.433078
690,10,28.92934,2.551551,24.30416,0,25.7135,0,22.05393,1.221079
690,12,19.16838,1.76939,16.27957,0,17.15993,0,11.68103,0.6470378
690,15,11.1709,1.309014,9.354047,0,9.809008,0,4.923621,0.2732236
690,20,5.391061,1.087583,4.13494,0,4.303427,0,1.421372,0.07923352
690,25,3.131769,1.031069,2.034587,0,2.104519,0,0.4969181,0.02784323
690,30,2.129653,1.012909,1.087669,0,1.119548,0,0.2006805,0.01130178
695,3,283.9583,80.89786,112.6839,0,122.3019,0,319.029,17.35463
695,4,161.5797,33.87965,89.10465,0,96.46091,0,209.6304,11.3425
695,5,106.2218,17.33146,69.5815,0,74.93902,0,139.5054,7.521449
695,6,75.60495,10.07771,54.70129,0,58.67582,0,94.09221,5.061121
695,7,56.3816,6.434765,43.34804,0,46.35286,0,64.35982,3.45664
695,8,43.32728,4.430652,34.6153,0,36.91918,0,44.65574,2.396196
695,10,27.14314,2.529043,22.55896,0,23.95414,0,22.42478,1.20257
695,12,17.97734,1.758101,15.11058,0,15.9811,0,11.87743,0.6372318
695,15,10.48927,1.30444,8.682361,0,9.131747,0,5.006385,0.2690847
695,20,5.09086,1.086282,3.838022,0,4.004284,0,1.445253,0.07803439
695,25,2.984388,1.030609,1.888489,0,1.957466,0,0.5052616,0.02742227
695,30,2.050988,1.012719,1.009567,0,1.041005,0,0.2040473,0.01113107
700,3,275.1067,80.09376,105.313,0,114.9678,0,324.4177,17.13856
700,4,155.1641,33.53489,83.27611,0,90.6544,0,213.1714,11.20118
700,5,101.3834,17.15424,65.03001,0,70.38912,0,141.8618,7.427686
700,6,71.86675,9.976471,51.12315,0,55.08968,0,95.68158,4.998009
700,7,53.44849,6.372847,40.51255,0,43.50601,0,65.44695,3.413528
700,8,40.99957,4.390918,32.35103,0,34.64314,0,45.41003,2.366308
700,10,25.63693,2.510929,21.08332,0,22.46883,0,22.80353,1.187571
700,12,16.97238,1.748999,14.12216,0,14.98564,0,12.07802,0.6292855
700,15,9.913804,1.300747,8.114428,0,8.559687,0,5.090919,0.2657309
700,20,4.837295,1.085231,3.586968,0,3.75154,0,1.469645,0.07706288
700,25,2.859869,1.030237,1.764959,0,1.833203,0,0.5137843,0.02708127
700,30,1.984516,1.012566,0.9435286,0,0.9746274,0,0.2074868,0.01099281
705,3,267.5248,79.41307,98.95071,0,108.6614,0,329.9144,16.95183
705,4,149.6576,33.24176,78.24513,0,85.66016,0,216.7833,11.07904
705,5,97.22417,17.00302,61.10134,0,66.47275,0,144.2655,7.346648
705,6,68.65021,9.889857,48.03464,0,52.00111,0,97.30281,4.943462
705,7,50.92306,6.319767,38.06505,0,41.05317,0,66.55587,3.376266
705,8,38.99447,4.356801,30.3966,0,32.68153,0,46.17943,2.340475
705,10,24.33874,2.495344,19.80961,0,21.18823,0,23.18988,1.174607
705,12,16.10591,1.741158,13.269,0,14.12716,0,12.28263,0.6224176
705,15,9.417489,1.297562,7.624209,0,8.066236,0,5.177149,0.2628324
705,20,4.618544,1.084324,3.370268,0,3.533482,0,1.494528,0.07622332
705,25,2.752433,1.029917,1.658332,0,1.725981,0,0.5224786,0.02678661
705,30,1.927158,1.012433,0.886527,0,0.9173489,0,0.2109957,0.01087334
710,3,260.824,78.78601,93.35655,0,103.1338,0,335.5156,16.77907
710,4,144.8078,32.97147,73.82156,0,81.28156,0,220.4639,10.96603
710,5,93.56469,16.86348,57.64699,0,63.03669,0,146.7149,7.271666
710,6,65.8212,9.809885,45.31901,0,49.28985,0,98.95484,4.89299
710,7,48.70224,6.270736,35.91305,0,38.89915,0,67.68586,3.341788
710,8,37.23136,4.325278,28.67814,0,30.95844,0,46.96346,2.316573
710,10,23.19726,2.480938,18.68968,0,20.06294,0,23.58357,1.162612
710,12,15.34404,1.733908,12.51884,0,13.37265,0,12.49114,0.6160628
710,15,8.981077,1.294618,7.193176,0,7.632459,0,5.265018,0.2601505
710,20,4.426192,1.083486,3.179731,0,3.341766,0,1.519884,0.07544651
710,25,2.657961,1.02962,1.564578,0,1.631707,0,0.5313386,0.02651399
710,30,1.876722,1.012311,0.8364074,0,0.8669865,0,0.2145715,0.01076282
715,3,254.8635,78.20546,88.40427,0,98.25805,0,341.2199,16.6185
715,4,140.5086,32.72101,69.90555,0,77.41814,0,224.2122,10.86099
715,5,90.32387,16.7341,54.58899,0,60.00247,0,149.2094,7.201975
715,6,63.31666,9.735696,42.91497,0,46.89422,0,100.6373,4.846079
715,7,46.73639,6.225234,34.00797,0,36.99508,0,68.83666,3.309743
715,8,35.67073,4.296014,27.15685,0,29.43482,0,47.76192,2.294357
715,10,22.18688,2.467558,17.69825,0,19.06753,0,23.98451,1.151462
715,12,14.66964,1.727173,11.85475,0,12.70506,0,12.70348,0.6101565
715,15,8.594759,1.291882,6.8116,0,7.248578,0,5.354507,0.2576578
715,20,4.255912,1.082707,3.011056,0,3.172075,0,1.545708,0.07472453
715,25,2.574329,1.029345,1.481582,0,1.548258,0,0.540362,0.02626061
715,30,1.832073,1.012197,0.7920385,0,0.8224053,0,0.2182134,0.01066009
720,3,249.5613,77.67525,84.00311,0,93.94392,0,347.0266,16.47073
720,4,136.6919,32.4919,66.42534,0,73.99857,0,228.0278,10.76432
720,5,87.44747,16.61559,51.87131,0,57.31435,0,151.7486,7.137838
720,6,61.09355,9.667671,40.77848,0,44.77034,0,102.3499,4.802907
720,7,44.99117,6.18348,32.31491,0,35.30617,0,70.00811,3.280251
720,8,34.28507,4.269146,25.80486,0,28.08289,0,48.57471,2.27391
720,10,21.28959,2.455265,16.81715,0,18.18388,0,24.39264,1.141202
720,12,14.07064,1.720983,11.26457,0,12.11225,0,12.91963,0.6047207
720,15,8.251573,1.289366,6.472488,0,6.907613,0,5.445602,0.2553638
720,20,4.104621,1.081991,2.861152,0,3.02132,0,1.571995,0.07406012
720,25,2.500018,1.029092,1.407822,0,1.474113,0,0.5495477,0.02602744
720,30,1.792399,1.012093,0.7526074,0,0.7827931,0,0.2219208,0.01056556
725,3,244.8523,77.19908,80.07918,0,90.11821,0,352.9348,16.33636
725,4,133.3032,32.28558,63.3225,0,70.96492,0,231.9101,10.67642
725,5,84.89167,16.50863,49.44831,0,54.927,0,154.3323,7.079516
725,6,59.11696,9.606184,38.87364,0,42.88256,0,104.0925,4.763647
725,7,43.43875,6.145693,30.80542,0,33.80413,0,71.20004,3.253432
725,8,33.05205,4.244808,24.59947,0,26.88005,0,49.40171,2.255318
725,10,20.49075,2.444116,16.03159,0,17.39725,0,24.80792,1.131871
725,12,13.53719,1.715365,10.73838,0,11.58435,0,13.13957,0.5997777
725,15,7.945857,1.287082,6.170147,0,6.603883,0,5.538291,0.2532778
725,20,3.969812,1.08134,2.727503,0,2.886991,0,1.598743,0.07345597
725,25,2.433793,1.028862,1.342061,0,1.408037,0,0.5588945,0.02581543
725,30,1.75704,1.011998,0.7174518,0,0.7474885,0,0.2256933,0.01047962
730,3,240.6842,76.78063,76.57177,0,86.72094,0,358.9439,16.216
730,4,130.2978,32.10349,60.54902,0,68.26973,0,235.8588,10.59768
730,5,82.62081,16.41393,47.28251,0,52.80329,0,156.9601,7.027266
730,6,57.35843,9.551602,37.17101,0,41.20163,0,105.8649,4.728475
730,7,42.05637,6.112086,29.45617,0,32.46577,0,72.41234,3.229405
730,8,31.95338,4.223132,23.52203,0,25.80777,0,50.24285,2.23866
730,10,19.77838,2.434168,15.32942,0,16.69554,0,25.23029,1.123512
730,12,13.06125,1.710346,10.26805,0,11.11326,0,13.36326,0.5953493
730,15,7.672966,1.285039,5.899899,0,6.332727,0,5.632565,0.251409
730,20,3.849426,1.080758,2.60804,0,2.767023,0,1.625949,0.07291479
730,25,2.37464,1.028656,1.283279,0,1.349014,0,0.5684013,0.02562554
730,30,1.725452,1.011913,0.6860279,0,0.7159486,0,0.2295305,0.01040264
735,3,237.0152,76.42346,73.43063,0,83.70268,0,365.0535,16.11023
735,4,127.6399,31.94706,58.06516,0,65.87386,0,239.8734,10.52848
735,5,80.60567,16.33216,45.34288,0,50.91257,0,159.6317,6.981345
735,6,55.79458,9.504289,35.64617,0,39.70341,0,107.6668,4.697562
735,7,40.82529,6.082872,28.24781,0,31.27193,0,73.64489,3.208287
735,8,30.97402,4.204249,22.55711,0,24.85072,0,51.09803,2.224019
735,10,19.14258,2.425477,14.70057,0,16.06877,0,25.65972,1.116164
735,12,12.63615,1.705955,9.846831,0,10.69226,0,13.5907,0.5914571
735,15,7.429062,1.28325,5.657872,0,6.090291,0,5.728415,0.2497667
735,20,3.741761,1.080248,2.501052,0,2.659713,0,1.65361,0.07243922
735,25,2.32172,1.028476,1.230636,0,1.296204,0,0.5780673,0.02545869
735,30,1.697187,1.011839,0.6578855,0,0.6877243,0,0.233432,0.01033502
740,3,233.8119,76.13112,70.61386,0,81.02241,0,371.2629,16.01964
740,4,125.2998,31.81767,55.83781,0,63.74483,0,243.9536,10.4692
740,5,78.8222,16.26397,43.60354,0,49.2294,0,162.3471,6.942007
740,6,54.40608,9.464604,34.2788,0,38.36785,0,109.4983,4.67108
740,7,39.73,6.058259,27.16424,0,30.20669,0,74.89759,3.190195
740,8,30.10147,4.188287,21.69182,0,23.99617,0,51.9672,2.211476
740,10,18.57514,2.418099,14.13667,0,15.5086,0,26.09616,1.10987
740,12,12.25636,1.702217,9.46911,0,10.31578,0,13.82185,0.5881227
740,15,7.210954,1.281724,5.440839,0,5.873365,0,5.825832,0.2483598
740,20,3.645401,1.079813,2.405113,0,2.563638,0,1.681724,0.07203193
740,25,2.274335,1.028322,1.18343,0,1.248908,0,0.5878917,0.02531582
740,30,1.671871,1.011775,0.6326493,0,0.6624413,0,0.2373975,0.01027713
745,3,231.0475,75.90707,68.08629,0,78.64592,0,377.5718,15.94482
745,4,123.2535,31.7167,53.83913,0,61.85553,0,248.0992,10.42023
745,5,77.25053,16.21004,42.04278,0,47.73251,0,165.1059,6.909505
745,6,53.17688,9.432899,33.05181,0,37.17815,0,111.359,4.649197
745,7,38.75758,6.038454,26.19191,0,29.25671,0,76.17035,3.175245
745,8,29.32532,4.175376,20.91538,0,23.23346,0,52.85029,2.201111
745,10,18.06919,2.412089,13.63065,0,15.00809,0,26.5396,1.104668
745,12,11.91727,1.699161,9.13017,0,9.979145,0,14.0567,0.5853675
745,15,7.015967,1.280473,5.246087,0,5.67926,0,5.924812,0.2471974
745,20,3.55916,1.079456,2.319024,0,2.477608,0,1.710288,0.07169552
745,25,2.2319,1.028196,1.14107,0,1.206538,0,0.5978739,0.02519785
745,30,1.649191,1.011724,0.6100041,0,0.6397856,0,0.2414268,0.01022934
750,3,228.7006,75.75473,65.81819,0,76.54453,0,383.9799,15.88634
750,4,121.481,31.64549,52.04564,0,60.18324,0,252.3099,10.38195
750,5,75.87415,16.17099,40.64225,0,46.40404,0,167.9081,6.884089
750,6,52.0936,9.409525,31.95079,0,36.12024,0,113.249,4.632083
750,7,37.89724,6.02366,25.3194,0,28.41079,0,77.46311,3.163552
750,8,28.63683,4.165639,20.21865,0,22.55362,0,53.74725,2.193003
750,10,17.61897,2.407502,13.17659,0,14.56135,0,26.99001,1.1006
750,12,11.61496,1.696812,8.826026,0,9.678422,0,14.29525,0.5832127
750,15,6.841851,1.279507,5.07133,0,5.505707,0,6.025347,0.2462885
750,20,3.482035,1.079179,2.241772,0,2.400619,0,1.739302,0.0714326
750,25,2.19392,1.028099,1.103058,0,1.1686,0,0.6080133,0.0251057
750,30,1.628882,1.011684,0.5896836,0,0.6194925,0,0.2455197,0.01019202
755,3,226.754,75.67745,63.78433,0,74.69411,0,390.4867,15.84478
755,4,119.9661,31.60537,50.43737,0,58.70881,0,256.5856,10.35472
755,5,74.67934,16.14749,39.38636,0,45.22893,0,170.7535,6.866005
755,6,51.14502,9.394825,30.96347,0,35.18218,0,115.1682,4.619903
755,7,37.13989,6.014079,24.53701,0,27.65944,0,78.77581,3.155229
755,8,28.02867,4.159203,19.59387,0,21.94906,0,54.65804,2.187232
755,10,17.2196,2.404391,12.76942,0,14.16343,0,27.44737,1.097704
755,12,11.34616,1.695198,8.553291,0,9.410273,0,14.53748,0.5816792
755,15,6.686699,1.278836,4.91462,0,5.350786,0,6.127433,0.245642
755,20,3.413179,1.078986,2.172499,0,2.331818,0,1.768764,0.07124574
755,25,2.159977,1.028031,1.068973,0,1.134674,0,0.6183095,0.02504028
755,30,1.610721,1.011656,0.5714617,0,0.601337,0,0.2496759,0.01016556
760,3,225.1897,75.67691,61.96185,0,73.07275,0,397.0921,15.82036
760,4,118.6929,31.59699,48.99624,0,57.41487,0,260.926,10.33869
760,5,73.65311,16.13981,38.26099,0,44.19351,0,173.642,6.855351
760,6,50.3207,9.388955,30.07876,0,34.35318,0,117.1164,4.612723
760,7,36.47713,6.009799,23.83592,0,26.99407,0,80.10838,3.150321
760,8,27.49404,4.15612,19.03402,0,21.41287,0,55.58263,2.183828
760,10,16.86662,2.402781,12.40456,0,13.80982,0,27.91165,1.095996
760,12,11.10785,1.694328,8.308901,0,9.171667,0,14.78337,0.5807752
760,15,6.548774,1.278464,4.774196,0,5.212751,0,6.231067,0.2452613
760,20,3.351821,1.078878,2.110425,0,2.270431,0,1.798673,0.07113595
760,25,2.129691,1.027994,1.038429,0,1.104378,0,0.6287619,0.02500192
760,30,1.594502,1.011641,0.5551335,0,0.5851153,0,0.2538953,0.01015008
765,3,223.9576,75.74289,60.32196,0,71.65085,0,403.7954,15.8108
765,4,117.6297,31.61613,47.6995,0,56.27801,0,265.3308,10.33238
765,5,72.77334,16.14586,37.24837,0,43.2795,0,176.5733,6.851138
765,6,49.60423,9.390741,29.28269,0,33.61886,0,119.0935,4.609877
765,7,35.89643,6.010115,23.20507,0,26.40329,0,81.46072,3.148372
765,8,27.02318,4.155945,18.53026,0,20.93598,0,56.52093,2.182477
765,10,16.55384,2.40247,12.07626,0,13.49459,0,28.38282,1.095318
765,12,10.89595,1.694104,8.088996,0,8.958644,0,15.03291,0.5804168
765,15,6.425759,1.278352,4.647841,0,5.08933,0,6.336239,0.2451109
765,20,3.296948,1.078844,2.05457,0,2.215459,0,1.829027,0.07109296
765,25,2.102566,1.027982,1.010946,0,1.077223,0,0.6393699,0.02498705
765,30,1.579964,1.011637,0.5404413,0,0.5705655,0,0.2581775,0.01014412
770,3,222.997,75.86035,58.83584,0,70.39794,0,410.5962,15.81281
770,4,116.7406,31.65657,46.52436,0,55.27419,0,269.7996,10.33364
770,5,72.0156,16.16255,36.3307,0,42.46816,0,179.5473,6.851945
770,6,48.97793,9.398469,28.56127,0,32.96452,0,121.0993,4.610409
770,7,35.38446,6.014002,22.63338,0,25.87546,0,82.83271,3.148732
770,8,26.60581,4.15803,18.07374,0,20.50911,0,57.47287,2.182724
770,10,16.27482,2.40317,11.77874,0,13.21172,0,28.86083,1.095442
770,12,10.70624,1.694383,7.889713,0,8.767181,0,15.28608,0.5804838
770,15,6.315285,1.278443,4.533335,0,4.978221,0,6.442939,0.2451402
770,20,3.247532,1.078867,2.003953,0,2.165889,0,1.859821,0.07110204
770,25,2.078103,1.027991,0.9860399,0,1.052711,0,0.6501322,0.02499046
770,30,1.56684,1.011641,0.5271267,0,0.5574237,0,0.2625221,0.0101456
775,3,222.2522,76.01482,57.47847,0,69.2873,0,417.4939,15.82328
775,4,115.9927,31.71239,45.45102,0,54.38232,0,274.332,10.34042
775,5,71.358,16.18693,35.49254,0,41.7431,0,182.5636,6.856416
775,6,48.42606,9.410502,27.90235,0,32.37731,0,123.1337,4.613406
775,7,34.92943,6.020479,22.11122,0,25.40044,0,84.22424,3.150775
775,8,26.23283,4.161757,17.65677,0,20.12417,0,58.43837,2.184139
775,10,16.02391,2.404606,11.507,0,12.95595,0,29.34566,1.096153
775,12,10.53504,1.695027,7.707694,0,8.593766,0,15.54286,0.5808612
775,15,6.215276,1.27868,4.428749,0,4.877414,0,6.551161,0.2453005
775,20,3.202676,1.078932,1.957721,0,2.120838,0,1.891055,0.07114913
775,25,2.055864,1.028015,0.9632915,0,1.030411,0,0.661048,0.02500723
775,30,1.554899,1.011651,0.5149657,0,0.5454601,0,0.2669287,0.01015249
780,3,221.6716,76.19244,56.22802,0,68.29538,0,424.4879,15.83921
780,4,115.3564,31.77788,44.46223,0,53.5838,0,278.9278,10.35077
780,5,70.78084,16.21618,34.72039,0,41.08988,0,185.622,6.863257
780,6,47.93454,9.425268,27.29534,0,31.84594,0,125.1965,4.617999
780,7,34.52083,6.028606,21.63019,0,24.96929,0,85.63523,3.153907
780,8,25.89621,4.166532,17.27265,0,19.77404,0,59.41736,2.18631
780,10,15.7961,2.406514,11.25667,0,12.72267,0,29.83726,1.097242
780,12,10.37909,1.695907,7.540012,0,8.43532,0,15.80323,0.5814395
780,15,6.123912,1.279013,4.332402,0,4.785151,0,6.660895,0.2455456
780,20,3.161592,1.079024,1.91513,0,2.079535,0,1.922726,0.07122079
780,25,2.035467,1.028048,0.942335,0,1.009946,0,0.6721166,0.02503263
780,30,1.543938,1.011666,0.5037626,0,0.5344735,0,0.2713969,0.01016288
785,3,221.2072,76.37983,55.06537,0,67.40124,0,431.578,15.85775
785,4,114.8043,31.84755,43.54286,0,52.86216,0,283.5867,10.36283
785,5,70.26625,16.24758,34.00247,0,40.49571,0,188.7224,6.871229
785,6,47.49071,9.441261,26.73094,0,31.3604,0,127.2876,4.623353
785,7,34.14928,6.037482,21.18293,0,24.57413,0,87.06557,3.15756
785,8,25.58876,4.171788,16.9155,0,19.45245,0,60.40978,2.188841
785,10,15.58697,2.40864,11.02391,0,12.50781,0,30.33561,1.098513
785,12,10.23552,1.696896,7.384104,0,8.289129,0,16.06717,0.5821136
785,15,6.039582,1.27939,4.242819,0,4.69988,0,6.772135,0.2458312
785,20,3.123585,1.079129,1.875531,0,2.0413,0,1.954831,0.07130418
785,25,2.016575,1.028086,0.92285,0,0.9909832,0,0.683337,0.02506214
785,30,1.533779,1.011682,0.4933461,0,0.5242874,0,0.2759265,0.01017494
790,3,220.8144,76.56414,53.9737,0,66.58621,0,438.7636,15.87616
790,4,114.3115,31.91613,42.67962,0,52.20268,0,288.3084,10.37481
790,5,69.79794,16.27852,33.32836,0,39.94921,0,191.8646,6.879146
790,6,47.0831,9.457031,26.201,0,30.91181,0,129.407,4.628671
790,7,33.80628,6.046243,20.76298,0,24.20794,0,88.51519,3.161188
790,8,25.30402,4.176979,16.58014,0,19.15382,0,61.41559,2.191354
790,10,15.39254,2.410743,10.80536,0,12.30775,0,30.84068,1.099775
790,12,10.10174,1.697875,7.237714,0,8.152789,0,16.33467,0.5827831
790,15,5.960857,1.279764,4.158704,0,4.62023,0,6.884874,0.2461148
790,20,3.088042,1.079233,1.838348,0,2.005532,0,1.987369,0.07138697
790,25,1.998892,1.028123,0.9045544,0,0.9732294,0,0.6947087,0.02509145
790,30,1.524263,1.011698,0.4835654,0,0.5147459,0,0.2805172,0.01018691
795,3,220.4513,76.73293,52.93813,0,65.83346,0,446.0444,15.89182
795,4,113.8546,31.97853,41.86075,0,51.59212,0,293.0926,10.38498
795,5,69.36096,16.30648,32.68891,0,39.44016,0,195.0485,6.88587
795,6,46.70126,9.471185,25.69829,0,30.4922,0,131.5544,4.633185
795,7,33.48418,6.054055,20.36461,0,23.86447,0,89.98403,3.164268
795,8,25.03617,4.181581,16.26203,0,18.87318,0,62.43472,2.193488
795,10,15.20927,2.41259,10.59804,0,12.11929,0,31.35244,1.100846
795,12,9.975482,1.698729,7.098847,0,8.02416,0,16.60571,0.5833516
795,15,5.88646,1.280087,4.078913,0,4.54498,0,6.999108,0.2463557
795,20,3.054416,1.079322,1.803076,0,1.971698,0,2.020338,0.07145737
795,25,1.982151,1.028155,0.8871991,0,0.9564243,0,0.7062311,0.02511638
795,30,1.515252,1.011712,0.4742875,0,0.5057108,0,0.2851687,0.01019711
800,3,220.0782,76.87422,51.94548,0,65.12778,0,453.4202,15.90219
800,4,113.412,32.02985,41.07581,0,51.01853,0,297.9392,10.3917
800,5,68.94152,16.32902,32.07595,0,38.95935,0,198.2738,6.890306
800,6,46.33562,9.482378,25.21642,0,30.09441,0,133.7298,4.636161
800,7,33.17598,6.060116,19.98275,0,23.53807,0,91.47202,3.166297
800,8,24.77994,4.185089,15.9571,0,18.60605,0,63.46714,2.194893
800,10,15.03393,2.413955,10.39932,0,11.93954,0,31.87087,1.101551
800,12,9.854661,1.699347,6.965735,0,7.901324,0,16.88029,0.5837262
800,15,5.815247,1.280317,4.002429,0,4.473042,0,7.11483,0.2465147
800,20,3.022216,1.079385,1.769267,0,1.939321,0,2.053737,0.07150401
800,25,1.966118,1.028178,0.8705631,0,0.9403357,0,0.7179035,0.02513297
800,30,1.506621,1.011722,0.4653941,0,0.4970587,0,0.2898807,0.01020391
805,3,219.6579,76.97641,50.984,0,64.45528,0,460.8906,15.90484
805,4,112.9634,32.06533,40.31553,0,50.47099,0,302.848,10.39339
805,5,68.52684,16.34382,31.48225,0,38.49842,0,201.5406,6.891402
805,6,45.97737,9.489315,24.74968,0,29.71196,0,135.9331,4.63689
805,7,32.87526,6.063654,19.61288,0,23.22367,0,92.9791,3.166791
805,8,24.5305,4.187016,15.66174,0,18.34842,0,64.51281,2.195235
805,10,14.86362,2.414624,10.20683,0,11.7659,0,32.39595,1.101723
805,12,9.737414,1.699621,6.836804,0,7.78256,0,17.15839,0.5838179
805,15,5.746187,1.280409,3.928347,0,4.403434,0,7.232037,0.2465542
805,20,2.991004,1.079409,1.736519,0,1.907976,0,2.087564,0.07151597
805,25,1.95058,1.028187,0.8544496,0,0.9247559,0,0.7297255,0.02513736
805,30,1.498257,1.011726,0.4567799,0,0.4886796,0,0.2946531,0.01020576
810,3,219.1546,77.02826,50.0432,0,63.80322,0,468.4554,15.89745
810,4,112.4897,32.0804,39.57159,0,49.93953,0,307.8189,10.38851
810,5,68.10497,16.3486,30.90131,0,38.04973,0,204.8486,6.888144
810,6,45.61835,9.490743,24.29298,0,29.33895,0,138.1643,4.634688
810,7,32.57613,6.063921,19.25097,0,22.91665,0,94.50523,3.165284
810,8,24.28343,4.186893,15.37274,0,18.09662,0,65.57169,2.194189
810,10,14.69566,2.414387,10.01849,0,11.59603,0,32.92767,1.101198
810,12,9.622043,1.699449,6.710646,0,7.66631,0,17.44,0.5835408
810,15,5.678345,1.280323,3.855858,0,4.335274,0,7.350725,0.246438
810,20,2.960383,1.079383,1.704475,0,1.877277,0,2.121818,0.07148273
810,25,1.935346,1.028178,0.8386826,0,0.9094981,0,0.7416967,0.02512585
810,30,1.490061,1.011723,0.448351,0,0.4804744,0,0.2994856,0.01020116
815,3,218.5346,77.01891,49.11366,0,63.15981,0,476.1144,15.87774
815,4,111.9728,32.0706,38.83655,0,49.41492,0,312.8516,10.37558
815,5,67.66474,16.34118,30.32733,0,37.60625,0,208.1978,6.879554
815,6,45.25094,9.485453,23.84174,0,28.96996,0,140.4232,4.6289
815,7,32.27313,6.060198,18.89339,0,22.61277,0,96.05035,3.161327
815,8,24.03465,4.184265,15.08719,0,17.84732,0,66.64376,2.191445
815,10,14.52763,2.413044,9.832395,0,11.42778,0,33.46601,1.099822
815,12,9.506996,1.698732,6.585997,0,7.55116,0,17.72512,0.582812
815,15,5.610872,1.280019,3.784236,0,4.267762,0,7.470889,0.2461309
815,20,2.929994,1.079295,1.672815,0,1.846878,0,2.156498,0.07139414
815,25,1.920245,1.028148,0.8231042,0,0.8943934,0,0.7538167,0.02509489
815,30,1.481942,1.01171,0.440023,0,0.4723538,0,0.3043782,0.01018866
820,3,217.7653,76.93781,48.1869,0,62.51408,0,483.8674,15.84355
820,4,111.3958,32.03166,38.10372,0,48.88858,0,317.9461,10.35319
820,5,67.19562,16.31944,29.75506,0,37.1615,0,211.5882,6.864688
820,6,44.86806,9.472274,23.39185,0,28.6,0,142.7099,4.61889
820,7,31.96116,6.051785,18.53687,0,22.30817,0,97.61445,3.154487
820,8,23.78038,4.178695,14.8025,0,17.59746,0,67.72899,2.186703
820,10,14.35728,2.4104,9.64686,0,11.25921,0,34.01095,1.097442
820,12,9.390852,1.697372,6.46172,0,7.435821,0,18.01373,0.5815516
820,15,5.542992,1.279458,3.712828,0,4.200168,0,7.592528,0.2455994
820,20,2.899509,1.079134,1.641249,0,1.816462,0,2.191603,0.07124041
820,25,1.90512,1.028091,0.8075724,0,0.879289,0,0.7660851,0.02504103
820,30,1.473817,1.011687,0.4317199,0,0.4642369,0,0.3093306,0.01016685
825,3,216.8222,76.777,47.25671,0,61.8576,0,491.7144,15.79324
825,4,110.7454,31.9603,37.36818,0,48.35395,0,323.1024,10.32027
825,5,66.6896,16.28177,29.18067,0,36.71053,0,215.0196,6.84284
825,6,44.46431,9.450323,22.9403,0,28.22532,0,145.0243,4.604181
825,7,31.6364,6.038159,18.17904,0,21.9999,0,99.19751,3.144439
825,8,23.51778,4.169853,14.51676,0,17.34475,0,68.82737,2.179736
825,10,14.18292,2.406309,9.46064,0,11.08885,0,34.56251,1.093946
825,12,9.272549,1.695299,6.336986,0,7.319333,0,18.30585,0.5796997
825,15,5.474128,1.278611,3.641157,0,4.131952,0,7.715641,0.244818
825,20,2.868688,1.078892,1.609567,0,1.785796,0,2.227133,0.0710142
825,25,1.889854,1.028006,0.7919833,0,0.8640721,0,0.7785019,0.02496168
825,30,1.465626,1.011652,0.4233861,0,0.4560643,0,0.3143428,0.0101347
830,3,215.7311,76.54616,46.32856,0,61.19673,0,499.6568,15.72887
830,4,110.0345,31.86052,36.63424,0,47.81602,0,328.3213,10.27816
830,5,66.15425,16.23015,28.60755,0,36.25722,0,218.4928,6.814901
830,6,44.04468,9.42069,22.48974,0,27.84894,0,147.3668,4.585374
830,7,31.30235,6.01997,17.822,0,21.69039,0,100.7998,3.131592
830,8,23.24942,4.158148,14.23164,0,17.09109,0,69.9391,2.17083
830,10,14.00607,2.400953,9.274828,0,10.91794,0,35.12076,1.089476
830,12,9.153033,1.692602,6.212523,0,7.202519,0,18.60151,0.5773317
830,15,5.404791,1.277515,3.569642,0,4.063583,0,7.840249,0.2438187
830,20,2.837743,1.07858,1.577954,0,1.755085,0,2.263095,0.07072476
830,25,1.874551,1.027896,0.7764283,0,0.8488414,0,0.7910693,0.0248601
830,30,1.457423,1.011607,0.4150705,0,0.447888,0,0.3194158,0.01009352
835,3,214.5399,76.26278,45.41238,0,60.54384,0,507.6965,15.6541
835,4,109.2869,31.73945,35.90977,0,47.28452,0,333.6042,10.22926
835,5,65.60371,16.1681,28.04181,0,35.80903,0,222.0085,6.782461
835,6,43.61846,9.385331,22.04499,0,27.47665,0,149.7381,4.56354
835,7,30.96551,5.998384,17.46955,0,21.38414,0,102.4217,3.116677
835,8,22.98008,4.144316,13.9502,0,16.84007,0,71.06446,2.16049
835,10,13.8295,2.39466,9.09141,0,10.74879,0,35.68586,1.084287
835,12,9.034048,1.689443,6.089666,0,7.086904,0,18.9008,0.5745826
835,15,5.335924,1.276235,3.49905,0,3.995924,0,7.966383,0.2426583
835,20,2.807068,1.078216,1.546749,0,1.724702,0,2.299497,0.07038859
835,25,1.859397,1.027767,0.7610738,0,0.8337783,0,0.8037905,0.02474209
835,30,1.449306,1.011553,0.4068622,0,0.439804,0,0.3245507,0.01004566
840,3,213.2945,75.94379,44.5171,0,59.91048,0,515.8353,15.57249
840,4,108.5255,31.60403,35.20183,0,46.76846,0,338.9523,10.17589
840,5,65.05133,16.09905,27.48898,0,35.37285,0,225.5675,6.747056
840,6,43.19436,9.346138,21.61038,0,27.11375,0,152.1386,4.53971
840,7,30.63199,5.974532,17.12515,0,21.08533,0,104.0637,3.1004
840,8,22.71419,4.129066,13.67518,0,16.59499,0,72.20369,2.149205
840,10,13.6558,2.387743,8.912179,0,10.5835,0,36.25792,1.078624
840,12,8.917202,1.685978,5.969612,0,6.973882,0,19.20378,0.5715823
840,15,5.268393,1.274832,3.430068,0,3.929763,0,8.094073,0.2413919
840,20,2.777022,1.077817,1.516256,0,1.694988,0,2.336347,0.07002164
840,25,1.844564,1.027626,0.7460697,0,0.8190474,0,0.8166684,0.02461326
840,30,1.441362,1.011495,0.3988411,0,0.4318989,0,0.329749,0.009993409
845,3,212.039,75.60559,43.65079,0,59.3074,0,524.0752,15.48744
845,4,107.7719,31.46095,34.5168,0,46.27628,0,344.3667,10.12028
845,5,64.50979,16.0263,26.95404,0,34.95507,0,229.1708,6.710163
845,6,42.78061,9.304939,21.18984,0,26.76518,0,154.5688,4.51488
845,7,30.30748,5.949502,16.79189,0,20.79779,0,105.726,3.083439
845,8,22.45591,4.113084,13.40906,0,16.35885,0,73.35707,2.137448
845,10,13.48735,2.380507,8.738747,0,10.42401,0,36.83708,1.072723
845,12,8.803974,1.682356,5.853442,0,6.864729,0,19.51052,0.568456
845,15,5.202988,1.273367,3.363319,0,3.865819,0,8.223347,0.2400722
845,20,2.747934,1.077401,1.486749,0,1.666253,0,2.373655,0.06963923
845,25,1.830205,1.027478,0.731551,0,0.8047983,0,0.8297062,0.02447898
845,30,1.433675,1.011434,0.3910796,0,0.4242516,0,0.3350117,0.009938947
850,3,210.8158,75.26403,42.82072,0,58.74475,0,532.4179,15.40225
850,4,107.0469,31.31669,33.86042,0,45.81587,0,349.8487,10.06457
850,5,63.99113,15.95305,26.44148,0,34.56166,0,232.819,6.673209
850,6,42.38497,9.263497,20.78689,0,26.4355,0,157.0295,4.490009
850,7,29.99736,5.924344,16.47257,0,20.52507,0,107.4091,3.066451
850,8,22.20912,4.097032,13.15407,0,16.13446,0,74.52484,2.12567
850,10,13.32637,2.373245,8.572569,0,10.27209,0,37.42348,1.066813
850,12,8.695739,1.678724,5.742132,0,6.760617,0,19.82108,0.5653246
850,15,5.140442,1.271898,3.299361,0,3.80475,0,8.354235,0.2387503
850,20,2.720104,1.076983,1.458477,0,1.638779,0,2.411429,0.06925616
850,25,1.816463,1.02733,0.7176397,0,0.7911675,0,0.8429066,0.02434447
850,30,1.426316,1.011373,0.3836428,0,0.4169339,0,0.3403401,0.009884386
855,3,209.6657,74.93448,42.03349,0,58.23214,0,540.8652,15.32008
855,4,106.3703,31.1775,33.23792,0,45.39471,0,355.3995,10.01084
855,5,63.50685,15.88239,25.95537,0,34.19825,0,236.5129,6.637568
855,6,42.01483,9.22352,20.40474,0,26.12901,0,159.5209,4.466021
855,7,29.70668,5.900077,16.16974,0,20.27049,0,109.1132,3.050066
855,8,21.97746,4.081547,12.91224,0,15.92442,0,75.70724,2.114311
855,10,13.17494,2.366241,8.414968,0,10.1294,0,38.01722,1.061112
855,12,8.593772,1.67522,5.636567,0,6.662629,0,20.13554,0.5623043
855,15,5.081431,1.270481,3.238705,0,3.747165,0,8.486764,0.2374754
855,20,2.693808,1.076581,1.431664,0,1.612829,0,2.449676,0.0688867
855,25,1.803468,1.027188,0.7044464,0,0.7782801,0,0.8562726,0.02421474
855,30,1.419354,1.011314,0.3765898,0,0.4100115,0,0.3457354,0.009831764
860,3,208.6285,74.63186,41.29512,0,57.77875,0,549.4188,15.24401
860,4,105.7616,31.04948,32.65406,0,45.01995,0,361.0201,9.961092
860,5,63.06801,15.8173,25.49943,0,33.87017,0,240.2534,6.604569
860,6,41.67723,9.186661,20.04631,0,25.84975,0,162.0437,4.443812
860,7,29.44029,5.877684,15.8857,0,20.03718,0,110.8388,3.034896
860,8,21.7644,4.06725,12.68542,0,15.73118,0,76.90453,2.103794
860,10,13.035,2.359768,8.267149,0,9.997491,0,38.61844,1.055834
860,12,8.499272,1.671981,5.537554,0,6.571775,0,20.45396,0.559508
860,15,5.026587,1.269171,3.181813,0,3.693628,0,8.620961,0.236295
860,20,2.669305,1.076208,1.406515,0,1.588641,0,2.488405,0.06854465
860,25,1.791342,1.027056,0.692072,0,0.7662516,0,0.8698071,0.02409464
860,30,1.412851,1.011259,0.3699745,0,0.4035449,0,0.3511987,0.009783049
865,3,207.7425,74.37066,40.61113,0,57.39347,0,558.0804,15.177
865,4,105.2394,30.93854,32.1132,0,44.69847,0,366.7116,9.917275
865,5,62.68529,15.76071,25.07708,0,33.58252,0,244.0411,6.575501
865,6,41.37896,9.154526,19.71427,0,25.60156,0,164.5984,4.424248
865,7,29.20279,5.858122,15.62258,0,19.82809,0,112.5862,3.021532
865,8,21.57324,4.054741,12.47531,0,15.55704,0,78.11694,2.09453
865,10,12.90843,2.354092,8.130217,0,9.877799,0,39.22725,1.051185
865,12,8.413368,1.669137,5.445833,0,6.489,0,20.7764,0.5570448
865,15,4.976502,1.268019,3.129111,0,3.644665,0,8.756854,0.2352553
865,20,2.646833,1.075881,1.383218,0,1.566441,0,2.527623,0.06824339
865,25,1.780195,1.02694,0.6806089,0,0.755189,0,0.8835126,0.02398886
865,30,1.406865,1.011211,0.3638465,0,0.3975902,0,0.3567311,0.009740151
870,3,207.0452,74.16503,39.98663,0,57.08495,0,566.8517,15.12196
870,4,104.8218,30.85042,31.61937,0,44.43696,0,372.4753,9.881272
870,5,62.36903,15.71543,24.69145,0,33.34024,0,247.8767,6.551616
870,6,41.12657,9.128677,19.41111,0,25.38815,0,167.1854,4.408171
870,7,28.99864,5.84232,15.38234,0,19.64605,0,114.3558,3.01055
870,8,21.40715,4.044603,12.28347,0,15.40419,0,79.34471,2.086916
870,10,12.79698,2.349473,8.005194,0,9.771705,0,39.84377,1.047364
870,12,8.337131,1.666816,5.362089,0,6.4152,0,21.10292,0.5550205
870,15,4.931737,1.267078,3.080993,0,3.600773,0,8.894468,0.2344009
870,20,2.626619,1.075613,1.361947,0,1.546437,0,2.567339,0.06799588
870,25,1.770133,1.026845,0.6701428,0,0.7451927,0,0.8973921,0.02390199
870,30,1.40145,1.011172,0.3582514,0,0.3921997,0,0.3623337,0.009704923
875,3,206.5733,74.02876,39.42636,0,56.8617,0,575.7344,15.08168
875,4,104.5266,30.79074,31.17633,0,44.24198,0,378.3121,9.854921
875,5,62.12934,15.68425,24.34549,0,33.14813,0,251.761,6.53413
875,6,40.92642,9.110638,19.13913,0,25.21311,0,169.8053,4.3964
875,7,28.83214,5.831184,15.16681,0,19.49379,0,116.1478,3.002509
875,8,21.26918,4.037407,12.11136,0,15.27476,0,80.58806,2.081342
875,10,12.70234,2.346162,7.893028,0,9.680524,0,40.46812,1.044566
875,12,8.271589,1.665143,5.286958,0,6.351225,0,21.4336,0.5535385
875,15,4.892825,1.266396,3.037823,0,3.562422,0,9.03383,0.2337755
875,20,2.608876,1.075419,1.342864,0,1.52883,0,2.607559,0.06781479
875,25,1.761256,1.026777,0.660753,0,0.7363572,0,0.9114481,0.02383845
875,30,1.396657,1.011144,0.3532317,0,0.3874227,0,0.3680077,0.009679171
880,3,206.363,73.97538,38.93476,0,56.73213,0,584.73,15.05892
880,4,104.3714,30.76501,30.78761,0,44.12002,0,384.2231,9.840017
880,5,61.97615,15.66985,24.04193,0,33.01091,0,255.6948,6.524235
880,6,40.78476,9.1019,18.90049,0,25.07992,0,172.4585,4.389736
880,7,28.70749,5.825601,14.9777,0,19.37396,0,117.9625,2.997955
880,8,21.16231,4.033708,11.96034,0,15.17078,0,81.84722,2.078185
880,10,12.62618,2.344404,7.794613,0,9.605526,0,41.1004,1.042982
880,12,8.217732,1.664239,5.221037,0,6.297896,0,21.76847,0.5526995
880,15,4.860278,1.266023,2.999946,0,3.530063,0,9.174966,0.2334217
880,20,2.59381,1.075312,1.326121,0,1.513808,0,2.648291,0.06771246
880,25,1.753657,1.026739,0.6525143,0,0.7287723,0,0.9256832,0.02380259
880,30,1.392536,1.011128,0.3488274,0,0.3833061,0,0.3737541,0.009664657
885,3,206.4498,74.01816,38.51607,0,56.70468,0,593.8403,15.05637
885,4,104.3735,30.77863,30.45653,0,44.07756,0,390.2095,9.838319
885,5,61.91924,15.6749,23.78339,0,32.93326,0,259.6786,6.523095
885,6,40.70772,9.103925,18.69725,0,24.99205,0,175.1454,4.388964
885,7,28.62882,5.82644,14.81663,0,19.28918,0,119.8004,2.997426
885,8,21.08946,4.034052,11.83173,0,15.09427,0,83.12243,2.077817
885,10,12.57009,2.344442,7.710793,0,9.547948,0,41.74075,1.042798
885,12,8.176522,1.664224,5.164892,0,6.256007,0,22.10762,0.5526023
885,15,4.834594,1.266006,2.967686,0,3.504133,0,9.317901,0.2333811
885,20,2.581616,1.075306,1.31186,0,1.501554,0,2.689543,0.067701
885,25,1.747428,1.026737,0.6454974,0,0.7225244,0,0.9401002,0.02379868
885,30,1.389131,1.011128,0.3450763,0,0.3798946,0,0.379574,0.009663108
890,3,206.8691,74.1702,38.17433,0,56.78784,0,603.0667,15.07668
890,4,104.55,30.83691,30.18629,0,44.12111,0,396.2721,9.851555
890,5,61.96833,15.70201,23.57237,0,32.91986,0,263.7132,6.531859
890,6,40.70138,9.118154,18.53135,0,24.95293,0,177.8667,4.394855
890,7,28.60022,5.834558,14.68517,0,19.24202,0,121.6618,3.001447
890,8,21.05351,4.038978,11.72675,0,15.04721,0,84.41389,2.080604
890,10,12.53565,2.346514,7.642376,0,9.509003,0,42.38926,1.044197
890,12,8.148905,1.665213,5.119064,0,6.226336,0,22.45109,0.553344
890,15,4.816257,1.266392,2.941354,0,3.485058,0,9.462659,0.2336948
890,20,2.572486,1.075414,1.30022,0,1.492245,0,2.731322,0.0677923
890,25,1.742656,1.026776,0.63977,0,0.717697,0,0.9547015,0.02383088
890,30,1.386489,1.011144,0.3420144,0,0.3772316,0,0.3854684,0.009676226
895,3,207.6533,74.44356,37.91293,0,56.98952,0,612.4107,15.12226
895,4,104.9169,30.94476,29.9796,0,44.25671,0,402.4121,9.881313
895,5,62.13237,15.75358,23.41096,0,32.97501,0,267.7993,6.551577
895,6,40.77133,9.145911,18.40446,0,24.9657,0,180.6226,4.408117
895,7,28.62541,5.850742,14.58461,0,19.23482,0,123.5469,3.010502
895,8,21.05707,4.048978,11.64645,0,15.03137,0,85.72182,2.08688
895,10,12.52427,2.350837,7.590046,0,9.489775,0,43.04604,1.047347
895,12,8.135722,1.667316,5.084013,0,6.209574,0,22.79894,0.5550137
895,15,4.805697,1.267224,2.921213,0,3.473211,0,9.609265,0.2344005
895,20,2.566589,1.075648,1.291317,0,1.486036,0,2.773635,0.06799728
895,25,1.73942,1.026859,0.6353893,0,0.7143629,0,0.9694896,0.02390305
895,30,1.384648,1.011179,0.3396726,0,0.3753547,0,0.3914383,0.009705568
900,3,208.798,74.83699,37.72819,0,57.30759,0,621.8727,15.19281
900,4,105.4714,31.10165,29.83351,0,44.4826,0,408.6296,9.927381
900,5,62.40934,15.82935,23.29688,0,33.09715,0,271.9369,6.582109
900,6,40.91596,9.187043,18.31477,0,25.02899,0,183.4133,4.428655
900,7,28.70312,5.874898,14.51354,0,19.26645,0,125.4557,3.024527
900,8,21.09911,4.063992,11.5897,0,15.04581,0,87.04625,2.096601
900,10,12.53529,2.357383,7.55306,0,9.489615,0,43.71111,1.052226
900,12,8.136511,1.670519,5.059238,0,6.205272,0,23.15118,0.5575996
900,15,4.802642,1.268496,2.906978,0,3.468327,0,9.757722,0.235493
900,20,2.563802,1.076007,1.285025,0,1.482805,0,2.816483,0.0683145
900,25,1.737657,1.026987,0.6322931,0,0.7124621,0,0.9844648,0.02401466
900,30,1.383576,1.011233,0.3380174,0,0.3742315,0,0.3974839,0.009750927
905,3,210.2715,75.33944,37.61147,0,57.7327,0,631.4518,15.28597
905,4,106.1972,31.30304,29.74122,0,44.79139,0,414.924,9.98823
905,5,62.78924,15.92707,23.22481,0,33.2805,0,276.1258,6.622441
905,6,41.12852,9.240307,18.25812,0,25.13827,0,186.2386,4.455787
905,7,28.82848,5.906284,14.46865,0,19.3333,0,127.3882,3.043054
905,8,21.17599,4.083554,11.55384,0,15.08765,0,88.38709,2.109444
905,10,12.56652,2.365947,7.529695,0,9.506653,0,44.38441,1.058671
905,12,8.149883,1.674718,5.043588,0,6.212182,0,23.50778,0.5610157
905,15,4.80633,1.270168,2.897986,0,3.469693,0,9.908019,0.2369362
905,20,2.563802,1.076479,1.281049,0,1.482243,0,2.859861,0.06873343
905,25,1.737212,1.027155,0.6303371,0,0.7118424,0,0.999626,0.02416203
905,30,1.383191,1.011303,0.3369717,0,0.3737813,0,0.4036047,0.009810803
910,3,212.0425,75.93993,37.55469,0,58.25583,0,641.1474,15.39945
910,4,107.0783,31.54445,29.69632,0,45.17597,0,421.2949,10.06235
910,5,63.26235,16.04452,23.18975,0,33.51951,0,280.3655,6.671572
910,6,41.40246,9.304474,18.23055,0,25.28919,0,189.0982,4.488839
910,7,28.99683,5.944167,14.4468,0,19.43194,0,129.3442,3.065625
910,8,21.28425,4.107202,11.5364,0,15.15416,0,89.74422,2.12509
910,10,12.61588,2.376321,7.518328,0,9.539113,0,45.06591,1.066523
910,12,8.174517,1.679812,5.035974,0,6.229118,0,23.86872,0.5651772
910,15,4.816036,1.272198,2.893611,0,3.476634,0,10.06014,0.2386942
910,20,2.566282,1.077053,1.279116,0,1.484052,0,2.903768,0.06924367
910,25,1.737939,1.027359,0.6293855,0,0.7123599,0,1.014972,0.02434149
910,30,1.383415,1.011388,0.336463,0,0.3739279,0,0.4098001,0.009883711
915,3,214.0809,76.62777,37.55031,0,58.86847,0,650.9587,15.53098
915,4,108.0994,31.8215,29.69285,0,45.62962,0,427.742,10.14827
915,5,63.81938,16.17954,23.18704,0,33.80898,0,284.6559,6.728528
915,6,41.73156,9.378348,18.22842,0,25.47766,0,191.9919,4.527156
915,7,29.2037,5.987832,14.44512,0,19.55914,0,131.3235,3.091792
915,8,21.42058,4.134485,11.53505,0,15.24277,0,91.11756,2.143228
915,10,12.68142,2.388307,7.517449,0,9.585327,0,45.75554,1.075626
915,12,8.209168,1.685702,5.035385,0,6.254971,0,24.23398,0.5700016
915,15,4.831078,1.274547,2.893273,0,3.488516,0,10.21409,0.2407321
915,20,2.570954,1.077717,1.278966,0,1.487957,0,2.9482,0.06983512
915,25,1.739697,1.027595,0.629312,0,0.7138804,0,1.030501,0.02454951
915,30,1.384176,1.011486,0.3364237,0,0.3746001,0,0.4160698,0.00996821
920,3,216.3573,77.39253,37.59126,0,59.56249,0,660.8853,15.67839
920,4,109.2456,32.12992,29.72523,0,46.14595,0,434.2647,10.24456
920,5,64.45137,16.33003,23.21233,0,34.14394,0,288.9967,6.792361
920,6,42.10983,9.460761,18.2483,0,25.69982,0,194.9196,4.5701
920,7,29.44486,6.036583,14.46087,0,19.71184,0,133.3261,3.121118
920,8,21.58183,4.164966,11.54763,0,15.35104,0,92.50703,2.163556
920,10,12.76127,2.40171,7.525648,0,9.643724,0,46.45327,1.085829
920,12,8.25266,1.692293,5.040877,0,6.288695,0,24.60352,0.5754085
920,15,4.850815,1.277177,2.896428,0,3.504744,0,10.36984,0.243016
920,20,2.577546,1.07846,1.280361,0,1.493699,0,2.993154,0.07049794
920,25,1.742359,1.027859,0.6299983,0,0.7162774,0,1.046214,0.02478261
920,30,1.385405,1.011597,0.3367906,0,0.3757309,0,0.4224132,0.0100629
925,3,218.8432,78.22396,37.67093,0,60.33009,0,670.9264,15.83953
925,4,110.5025,32.46552,29.78823,0,46.71883,0,440.8626,10.34983
925,5,65.14968,16.49391,23.26152,0,34.51966,0,293.3876,6.862144
925,6,42.53153,9.550571,18.28698,0,25.95197,0,197.8811,4.617047
925,7,29.71623,6.089738,14.49152,0,19.88714,0,135.3518,3.153179
925,8,21.76501,4.198215,11.57211,0,15.47667,0,93.91252,2.18578
925,10,12.85365,2.41634,7.541597,0,9.712811,0,47.15904,1.096983
925,12,8.30387,1.699489,5.05156,0,6.329297,0,24.97732,0.5813195
925,15,4.874636,1.280049,2.902567,0,3.524756,0,10.52739,0.2455129
925,20,2.585802,1.079272,1.283074,0,1.501032,0,3.038628,0.07122252
925,25,1.745801,1.028148,0.6313335,0,0.719432,0,1.062107,0.02503742
925,30,1.387038,1.011717,0.3375044,0,0.3772573,0,0.42883,0.0101664
930,3,221.5104,79.112,37.78306,0,61.16373,0,681.0814,16.01231
930,4,111.856,32.8242,29.8769,0,47.34233,0,447.5355,10.4627
930,5,65.90589,16.66916,23.33076,0,34.93158,0,297.8282,6.936968
930,6,42.99109,9.646654,18.34141,0,26.23056,0,200.8762,4.667387
930,7,30.01389,6.14663,14.53465,0,20.08226,0,137.4004,3.187556
930,8,21.9672,4.233812,11.60655,0,15.61745,0,95.33397,2.20961
930,10,12.95687,2.43201,7.564046,0,9.791167,0,47.87283,1.108942
930,12,8.361731,1.7072,5.066597,0,6.375835,0,25.35537,0.5876577
930,15,4.901961,1.283127,2.911207,0,3.548014,0,10.68672,0.2481901
930,20,2.595479,1.080142,1.286894,0,1.509724,0,3.084617,0.07199942
930,25,1.749907,1.028457,0.6332128,0,0.7232312,0,1.078182,0.02531062
930,30,1.389014,1.011846,0.338509,0,0.3791197,0,0.4353198,0.01027737
935,3,224.3317,80.04673,37.92174,0,62.0561,0,691.3499,16.19466
935,4,113.2924,33.20191,29.98656,0,48.01072,0,454.2828,10.58183
935,5,66.71182,16.85377,23.4164,0,35.3753,0,302.3185,7.015943
935,6,43.48311,9.747908,18.40873,0,26.53219,0,203.9048,4.720519
935,7,30.33402,6.206598,14.588,0,20.29451,0,139.472,3.22384
935,8,22.18563,4.271343,11.64915,0,15.77126,0,96.77129,2.234761
935,10,13.0693,2.448536,7.591809,0,9.87743,0,48.5946,1.121565
935,12,8.425213,1.715333,5.085194,0,6.427405,0,25.73765,0.5943473
935,15,4.932233,1.286374,2.921892,0,3.574008,0,10.84784,0.2510158
935,20,2.606345,1.08106,1.291617,0,1.519552,0,3.131121,0.0728194
935,25,1.754566,1.028783,0.6355369,0,0.7275674,0,1.094436,0.02559897
935,30,1.391275,1.011982,0.3397515,0,0.3812612,0,0.4418822,0.01039448
940,3,227.2798,81.01836,38.08134,0,63.00005,0,701.7312,16.38457
940,4,114.7981,33.59464,30.11276,0,48.71839,0,461.1044,10.70589
940,5,67.55944,17.04578,23.51495,0,35.84654,0,306.8581,7.098188
940,6,44.00231,9.853242,18.48621,0,26.85356,0,206.9666,4.775851
940,7,30.67293,6.268996,14.6494,0,20.52133,0,141.5663,3.261627
940,8,22.41757,4.3104,11.69818,0,15.93607,0,98.22441,2.260955
940,10,13.18934,2.465738,7.623761,0,9.970288,0,49.32429,1.134711
940,12,8.493327,1.7238,5.106595,0,6.483142,0,26.12412,0.6013141
940,15,4.964917,1.289755,2.934189,0,3.602248,0,11.01073,0.2539585
940,20,2.618175,1.082016,1.297053,0,1.530304,0,3.178136,0.07367332
940,25,1.759672,1.029123,0.6382117,0,0.7323379,0,1.110869,0.02589925
940,30,1.393766,1.012124,0.3411814,0,0.3836276,0,0.4485167,0.01051645
945,3,230.328,82.01719,38.2565,0,63.98856,0,712.2248,16.58003
945,4,116.3597,33.99845,30.25127,0,49.45987,0,467.9997,10.83358
945,5,68.44087,17.24325,23.62311,0,36.34114,0,311.4469,7.182837
945,6,44.54352,9.961582,18.57124,0,27.19144,0,210.0616,4.8328
945,7,31.02701,6.333181,14.71678,0,20.76019,0,143.6833,3.300519
945,8,22.6604,4.350579,11.75199,0,16.10988,0,99.69326,2.287914
945,10,13.31547,2.483436,7.658826,0,10.06848,0,50.06188,1.148241
945,12,8.565115,1.732512,5.130083,0,6.542209,0,26.51478,0.6084844
945,15,4.999499,1.293234,2.947685,0,3.632261,0,11.17538,0.2569872
945,20,2.630755,1.083,1.303019,0,1.541778,0,3.22566,0.07455219
945,25,1.765122,1.029473,0.6411471,0,0.7374441,0,1.127479,0.0262083
945,30,1.396433,1.012269,0.3427506,0,0.3861668,0,0.4552232,0.01064197
950,3,233.45,83.03365,38.44207,0,65.01472,0,722.8303,16.77905
950,4,117.9641,34.40942,30.39801,0,50.22975,0,474.9685,10.9636
950,5,69.34833,17.44423,23.7377,0,36.855,0,316.0846,7.269032
950,6,45.10169,10.07186,18.66132,0,27.54271,0,213.1896,4.890791
950,7,31.39271,6.398519,14.78817,0,21.00866,0,145.8228,3.340121
950,8,22.91152,4.391483,11.809,0,16.29079,0,101.1778,2.315365
950,10,13.44619,2.501455,7.695979,0,10.17077,0,50.80734,1.162019
950,12,8.639649,1.741382,5.154969,0,6.603798,0,26.90959,0.6157858
950,15,5.035479,1.296777,2.961984,0,3.663593,0,11.34179,0.2600713
950,20,2.64388,1.084002,1.30934,0,1.553776,0,3.27369,0.07544712
950,25,1.77082,1.029829,0.6442573,0,0.7427913,0,1.144267,0.02652299
950,30,1.399225,1.012418,0.3444133,0,0.3888289,0,0.4620011,0.01076979
