# rod L60 D20 nonlocal, cover layer 0.05 nm, faces=3100
lambda_nm,Fp_z_g3,T_z_g3,Fp_x_g3,T_x_g3,Fp_z_g5,T_z_g5,Fp_x_g5,T_x_g5,Fp_z_g10,T_z_g10,Fp_x_g10,T_x_g10
500,1762.825,3.311831,564.2521,0.3384783,508.3425,2.114792,132.4209,0.4919965,72.66787,1.207535,13.24054,0.7370204
505,1830.151,3.223454,579.6397,0.3077155,533.0548,2.026545,136.5732,0.4644895,77.19388,1.140768,13.71121,0.7218061
510,1840.708,3.133506,572.3003,0.2713385,545.0424,1.934533,135.6307,0.4332689,80.76192,1.067635,13.7138,0.705101
515,1789.556,3.049635,541.9172,0.2342866,541.4205,1.844035,129.1931,0.4028004,82.78556,0.9903023,13.17646,0.6893694
520,1688.965,3.008414,495.0653,0.2024787,523.5399,1.775403,118.5574,0.378028,83.07439,0.9156212,12.19852,0.6771593
525,1566.238,3.079171,442.9111,0.1800687,497.6636,1.766682,106.3061,0.3620363,82.17435,0.8564703,11.02521,0.6698893
530,1446.226,3.332184,393.4799,0.1668681,471.226,1.855017,94.46918,0.3540999,81.13759,0.8238217,9.867703,0.6669418
535,1343.749,3.834859,350.0096,0.160625,449.7763,2.07594,83.95287,0.3519082,80.97721,0.8274786,8.828693,0.6669461
540,1265.548,4.661171,312.9618,0.1589893,436.5441,2.46917,74.94987,0.3532691,82.41638,0.8786872,7.935543,0.6686774
545,1212.458,5.898494,281.2902,0.1600421,432.7418,3.081538,67.25578,0.3564937,85.85085,0.9903005,7.172591,0.6712277
550,1182.051,7.6615,253.3152,0.1623963,438.3487,3.973487,60.4959,0.3604184,91.4515,1.177665,6.505334,0.6739926
555,1172.942,10.13706,227.7179,0.1653161,453.6395,5.243992,54.36324,0.3644775,99.45931,1.466708,5.904226,0.6766973
560,1188.675,13.64827,204.1956,0.1686419,480.7466,7.068101,48.77318,0.3686122,110.5374,1.908118,5.359958,0.6793402
565,1235.581,18.69863,182.6407,0.1722939,523.1573,9.720542,43.68758,0.3728136,125.7162,2.583626,4.867814,0.6819388
570,1323.181,26.06897,163.0138,0.1762124,586.0352,13.63015,39.08621,0.3770744,146.5036,3.623814,4.424966,0.6845059
575,1464.793,36.94873,145.322,0.1803495,676.5653,19.45544,34.96088,0.3813865,174.9918,5.234868,4.029858,0.6870497
580,1676.248,53.02115,129.6004,0.1846654,803.2845,28.13947,31.31089,0.385741,213.6743,7.723917,3.681733,0.6895751
585,1967.249,76.15193,115.8865,0.1891221,971.4441,40.75448,28.13699,0.3901244,264.1251,11.4685,3.380046,0.6920822
590,2314.903,106.8429,104.0495,0.1936297,1168.86,57.6648,25.40431,0.3944713,322.9367,16.67455,3.121085,0.6945407
595,2627.082,140.9784,93.81885,0.1980782,1346.066,76.71757,23.04848,0.3986957,375.9496,22.80148,2.898522,0.6969078
600,2752.13,167.8917,84.92657,0.2023874,1421.349,92.08142,21.00645,0.4027373,399.5822,28.10242,2.70622,0.6991547
605,2602.753,177.1191,77.1195,0.2065016,1347.589,97.85594,19.21926,0.4065561,380.0646,30.61614,2.538484,0.7012628
610,2256.453,168.7668,70.16309,0.2103825,1166.636,93.87403,17.63281,0.4101269,329.2945,30.05047,2.390136,0.7032214
615,1859.787,151.254,63.84197,0.2140057,957.7631,84.65523,16.19788,0.4134353,270.1297,27.66994,2.256501,0.7050252
620,1504.814,132.1859,57.96596,0.2173583,770.8952,74.40064,14.87133,0.4164763,217.0715,24.77978,2.13351,0.7066738
625,1217.232,115.0016,52.45907,0.2204586,620.0409,65.06107,13.63497,0.4192716,174.2521,22.04037,2.019378,0.7081808
630,992.4422,100.5385,47.32413,0.2233406,502.7571,57.14636,12.48778,0.4218557,141.0191,19.66045,1.913894,0.7095667
635,818.2547,88.66315,42.57117,0.2260335,412.4775,50.61491,11.43051,0.4242582,115.5057,17.6612,1.81702,0.7108489
640,682.8728,78.95976,38.21501,0.2285629,342.8307,45.25673,10.46509,0.4265042,95.88675,15.99831,1.728841,0.7120419
645,576.9197,70.99575,34.27453,0.2309508,288.7425,40.8445,9.594463,0.4286153,80.70321,14.61351,1.649539,0.7131585
650,493.4362,64.40239,30.77189,0.2332164,246.438,37.18133,8.822378,0.4306103,68.86652,13.45286,1.579381,0.7142093
655,427.3791,58.88674,27.73181,0.2353765,213.1733,34.10938,8.153202,0.4325053,59.58337,12.47153,1.518692,0.7152038
660,375.1103,54.22221,25.18083,0.237446,186.9609,31.50576,7.591751,0.4343147,52.27752,11.63379,1.467845,0.71615
665,333.853,50.23965,23.12416,0.2394356,166.2959,29.27845,7.138379,0.4360487,46.51433,10.91252,1.426817,0.7170541
670,301.1608,46.81892,21.50306,0.2413482,149.9049,27.36198,6.779985,0.4377106,41.93401,10.28836,1.394397,0.7179179
675,275.1014,43.86346,20.25107,0.2431856,136.7984,25.70355,6.501954,0.4393027,38.25942,9.745449,1.369246,0.718743
680,254.1869,41.29439,19.30598,0.24495,126.2236,24.25985,6.290695,0.4408276,35.28094,9.270624,1.350128,0.7195311
685,237.2599,39.04767,18.6095,0.2466439,117.6027,22.9956,6.133542,0.442288,32.83896,8.853043,1.335894,0.7202838
690,223.4086,37.07141,18.10685,0.2482699,110.488,21.88217,6.018657,0.4436866,30.81083,8.483825,1.325477,0.7210027
695,211.9053,35.32344,17.74642,0.2498306,104.5286,20.89622,5.934949,0.4450261,29.10144,8.155688,1.31788,0.7216895
700,202.1601,33.76936,17.47942,0.2513286,99.4459,20.0187,5.871984,0.446309,27.63619,7.862646,1.31217,0.7223455
705,193.6886,32.38098,17.25959,0.2527663,95.01608,19.23395,5.81992,0.4475379,26.35596,7.599756,1.307471,0.7229723
710,186.1402,31.13471,17.05323,0.2541465,91.07736,18.52886,5.771599,0.4487153,25.21797,7.362852,1.303146,0.7235714
715,179.3706,30.01023,16.85769,0.2554729,87.55369,17.8921,5.726406,0.4498448,24.20031,7.148306,1.299138,0.7241447
720,173.2878,28.99066,16.67575,0.256749,84.3927,17.31426,5.684864,0.4509295,23.2873,6.953092,1.295489,0.7246941
725,167.8169,28.06206,16.51009,0.2579781,81.55149,16.78754,5.64748,0.4519725,22.466,6.774699,1.292242,0.7252211
730,162.8968,27.21279,16.3633,0.2591633,78.99463,16.30545,5.614747,0.4529766,21.72572,6.611023,1.289438,0.7257274
735,158.4775,26.43307,16.23793,0.2603073,76.69274,15.8625,5.587147,0.4539443,21.0575,6.460293,1.287115,0.7262143
740,154.5176,25.71464,16.13643,0.2614127,74.62126,15.45408,5.565149,0.454878,20.45383,6.321006,1.285313,0.7266831
745,150.983,25.05046,16.06123,0.2624821,72.7596,15.07624,5.549211,0.4557798,19.90838,6.191877,1.28407,0.7271351
750,147.8455,24.43452,16.01468,0.2635175,71.09039,14.72561,5.539782,0.4566519,19.41576,6.071806,1.283422,0.7275713
755,145.0816,23.86164,15.99908,0.2645211,69.59892,14.39929,5.5373,0.457496,18.97136,5.959841,1.283406,0.7279928
760,142.6683,23.32737,16.01584,0.2654948,68.27139,14.09477,5.54202,0.4583139,18.57097,5.855164,1.284043,0.7284005
765,140.559,22.82794,16.06023,0.26644,67.0865,13.80995,5.552923,0.459107,18.20897,5.757084,1.28524,0.7287951
770,138.7002,22.36014,16.12497,0.2673581,66.02133,13.54302,5.568464,0.4598763,17.87959,5.665005,1.286862,0.7291774
775,137.0433,21.92111,16.20298,0.2682503,65.0554,13.29236,5.587153,0.460623,17.57775,5.5784,1.288776,0.7295478
780,135.5439,21.50832,16.28744,0.2691176,64.17034,13.05656,5.607549,0.4613481,17.29893,5.4968,1.290856,0.729907
785,134.1612,21.11952,16.3717,0.2699611,63.34962,12.83435,5.628259,0.4620526,17.03915,5.419786,1.292978,0.7302554
790,132.8576,20.75271,16.44932,0.270782,62.57824,12.62461,5.647935,0.4627374,16.79482,5.346987,1.295026,0.7305936
795,131.5984,20.40609,16.51403,0.271581,61.84255,12.42632,5.66527,0.4634034,16.56274,5.278065,1.296884,0.7309221
800,130.351,20.07806,16.55975,0.2723592,61.13008,12.23858,5.678998,0.4640513,16.34,5.212722,1.298441,0.7312412
