# rod L60 D20 local, cover layer 0.05 nm, faces=1550
lambda_nm,Fp_z_g3,T_z_g3,Fp_x_g3,T_x_g3,Fp_z_g5,T_z_g5,Fp_x_g5,T_x_g5,Fp_z_g10,T_z_g10,Fp_x_g10,T_x_g10
500,3634.657,3.64309,1329.801,0.3301657,800.6008,2.253087,239.735,0.4625972,92.34361,1.226244,19.49474,0.7126919
505,3748.232,3.560326,1362.296,0.3001944,836.6062,2.167685,247.6831,0.4324188,98.0273,1.160768,20.31157,0.6949768
510,3745.392,3.467262,1346.774,0.2611166,851.6292,2.075431,247.1491,0.3958889,102.3919,1.089043,20.48124,0.6745551
515,3608.868,3.359133,1278.173,0.2176135,839.7089,1.975738,236.6002,0.3580172,104.5467,1.011899,19.82404,0.654434
520,3362.198,3.263185,1168.508,0.1768467,802.5144,1.8838,217.7173,0.3253598,104.1118,0.9344903,18.42364,0.638162
525,3064.012,3.248558,1042.961,0.1451877,750.1604,1.836126,195.0275,0.3028697,101.645,0.8683261,16.63311,0.6280868
530,2768.013,3.389407,921.9529,0.1240823,694.6698,1.870372,172.5909,0.2905903,98.41604,0.8236276,14.80794,0.6237632
535,2504.488,3.753116,814.766,0.1118081,644.7815,2.021054,152.4432,0.2860114,95.72834,0.8093738,13.14357,0.6235003
540,2285.429,4.407301,723.3812,0.1058877,605.3541,2.323893,135.1498,0.2864142,94.54002,0.8353401,11.70476,0.6256674
545,2110.473,5.425337,645.7912,0.1040331,577.9,2.817875,120.435,0.2895849,95.34832,0.9119285,10.47806,0.6290212
550,1972.717,6.897431,578.35,0.1044741,561.8091,3.550146,107.6604,0.2939572,98.29173,1.050593,9.414787,0.6327279
555,1866.15,8.970573,518.0132,0.1061762,556.4396,4.597769,96.26573,0.2987299,103.4881,1.270677,8.469559,0.6363997
560,1791.627,11.90736,463.7316,0.1087871,563.1338,6.101454,86.04458,0.3037507,111.4392,1.611647,7.624495,0.6400111
565,1753.121,16.11759,414.9252,0.1120935,584.5162,8.282184,76.87906,0.3089532,122.9679,2.137137,6.869076,0.6435692
570,1757.863,22.24225,371.2165,0.1159397,624.7984,11.48749,68.69091,0.3142893,139.3339,2.949338,6.196195,0.6470798
575,1817.402,31.28819,332.3667,0.1202079,690.4066,16.26672,61.42895,0.3197219,162.4227,4.21358,5.601074,0.6505467
580,1948.509,44.80467,298.2263,0.1248058,790.512,23.47187,55.05946,0.3252205,194.9093,6.193657,5.080437,0.6539715
585,2171.325,64.97436,268.6784,0.129656,936.0922,34.31793,49.55545,0.3307552,240.0048,9.28159,4.631618,0.6573518
590,2495.761,94.10977,243.3235,0.1346354,1132.889,50.12348,44.83945,0.3362402,299.475,13.93626,4.247971,0.6606495
595,2889.988,132.59,221.5317,0.1396062,1364.385,71.19825,40.79261,0.3415695,368.7398,20.36306,3.919584,0.6638131
600,3236.262,174.5187,202.7006,0.1444671,1567.743,94.44683,37.30152,0.34667,429.8761,27.76321,3.637026,0.6668086
605,3349.428,205.7926,186.2773,0.149146,1643.642,112.1883,34.26231,0.3514936,454.3147,33.84049,3.391687,0.6696155
610,3139.024,214.137,171.7623,0.1535931,1543.562,117.5289,31.58148,0.3560113,427.9024,36.30573,3.17585,0.6722231
615,2714.108,201.5648,158.7079,0.1577752,1326.447,111.316,29.17556,0.3602069,367.417,35.14046,2.982655,0.6746269
620,2246.694,179.1999,146.7261,0.1616733,1085.276,99.5245,26.97239,0.3640757,299.6161,32.03939,2.806192,0.6768286
625,1833.951,155.6598,135.6415,0.1653029,872.6189,86.89622,24.93863,0.3676439,239.7257,28.47339,2.643682,0.6788465
630,1500.97,134.654,125.4239,0.1686973,702.0915,75.52498,23.06753,0.3709521,191.752,25.14873,2.494487,0.6807063
635,1241.312,117.0953,116.0606,0.1718856,570.283,65.96275,21.35571,0.3740352,154.7716,22.29036,2.358258,0.6824301
640,1040.44,102.7554,107.5509,0.1748935,469.387,58.11867,19.80215,0.3769231,126.5702,19.90758,2.234848,0.6840364
645,884.5932,91.08993,99.90402,0.1777435,391.9951,51.7149,18.40777,0.3796413,105.0313,17.93764,2.124272,0.6855412
650,762.9528,81.55147,93.13726,0.1804555,332.2687,46.46322,17.17501,0.3822123,88.48109,16.30529,2.026677,0.6869581
655,667.5451,73.68021,87.27402,0.183047,285.8934,42.11844,16.10754,0.3846553,75.67924,14.94289,1.942312,0.6882988
660,592.6216,67.11422,82.34229,0.1855336,249.7483,38.48605,15.20989,0.3869873,65.72623,13.79511,1.871499,0.6895738
665,533.859,61.582,78.33471,0.1879266,221.5101,35.41946,14.48028,0.3892208,57.95502,12.81954,1.814066,0.6907907
670,487.5575,56.88935,75.13631,0.1902291,199.2858,32.81365,13.89762,0.3913603,51.8336,11.98559,1.768314,0.6919524
675,450.8374,52.88183,72.62156,0.1924432,181.633,30.58473,13.43899,0.3934091,46.96036,11.26843,1.732406,0.6930613
680,421.5064,49.43523,70.67478,0.1945713,167.471,28.66502,13.08332,0.3953709,43.03647,10.64775,1.704658,0.6941199
685,397.8762,46.45039,69.18901,0.1966163,155.983,27.00028,12.81116,0.3972492,39.83796,10.10712,1.68352,0.6951305
690,378.6289,43.84815,68.06515,0.1985811,146.5451,25.54714,12.60456,0.3990479,37.19541,9.633284,1.667562,0.6960955
695,362.7196,41.56512,67.21103,0.2004688,138.6742,24.2708,12.44681,0.4007704,34.97926,9.21553,1.655461,0.6970171
700,349.3068,39.55032,66.54066,0.2022823,131.9917,23.14322,12.3224,0.4024202,33.08932,8.845176,1.645985,0.6978975
705,337.702,37.76249,65.97348,0.2040245,126.1966,22.14166,12.21679,0.4040008,31.44718,8.515145,1.637987,0.6987388
710,327.4072,36.16758,65.451,0.2056987,121.0715,21.24735,12.11945,0.4055155,29.99612,8.219553,1.630634,0.699543
715,318.2148,34.73667,64.96729,0.207309,116.5091,20.44429,12.02929,0.4069686,28.70557,7.953356,1.62384,0.7003128
720,309.9917,33.44604,64.52556,0.2088595,112.4348,19.71934,11.94687,0.4083643,27.55336,7.712395,1.617649,0.7010503
725,302.6308,32.27622,64.12898,0.2103539,108.7878,19.06172,11.87273,0.4097064,26.52136,7.493246,1.612103,0.701758
730,296.0451,31.21111,63.78061,0.2117957,105.5182,18.46251,11.80739,0.4109983,25.5947,7.293066,1.607243,0.7024377
735,290.1636,30.2373,63.4835,0.2131881,102.5849,17.91425,11.75139,0.4122433,24.76103,7.109476,1.603111,0.7030913
740,284.9281,29.34352,63.24061,0.2145341,99.95378,17.41069,11.70524,0.4134443,24.01005,6.940474,1.599748,0.7037206
745,280.2909,28.52022,63.05487,0.2158365,97.59642,16.94654,11.66944,0.4146041,23.3331,6.78436,1.597191,0.7043271
750,276.2124,27.75932,62.92916,0.2170979,95.48887,16.51728,11.64449,0.4157252,22.72288,6.639685,1.595481,0.7049123
755,272.66,27.05388,62.86631,0.2183208,93.61094,16.11905,11.63089,0.41681,22.17318,6.505205,1.594655,0.7054776
760,269.6016,26.39796,62.86772,0.2195072,91.94397,15.74856,11.62887,0.4178607,21.67838,6.379853,1.594732,0.7060241
765,266.9723,25.78657,62.92485,0.220659,90.46044,15.40303,11.63688,0.418879,21.23139,6.262732,1.59559,0.7065529
770,264.6977,25.21544,63.02508,0.2217777,89.13114,15.08007,11.65267,0.4198663,20.82508,6.153071,1.597051,0.7070648
775,262.7098,24.6808,63.15628,0.2228648,87.93006,14.77758,11.67404,0.4208242,20.45319,6.050189,1.598944,0.7075606
780,260.9467,24.17933,63.30682,0.2239215,86.83394,14.49371,11.69893,0.421754,20.1102,5.953484,1.601106,0.7080411
785,259.3515,23.70809,63.46549,0.2249493,85.8219,14.22682,11.72532,0.4226569,19.79124,5.862422,1.603378,0.7085071
790,257.8718,23.26446,63.6215,0.2259492,84.87505,13.97545,11.75127,0.4235342,19.49195,5.776528,1.605611,0.7089591
795,256.4588,22.84613,63.76444,0.2269225,83.97626,13.7383,11.77494,0.4243869,19.20847,5.695377,1.607658,0.7093979
800,255.0674,22.45102,63.88425,0.2278703,83.10989,13.51422,11.79452,0.4252161,18.93732,5.618589,1.609379,0.709824
