# rod L60 D20, spacer s=10 nm around the tip, faces=1550
lambda_nm,Fp_n_th0,T_n_th0,Fp_t_th0,T_t_th0,Fp_y_th0,T_y_th0,Fp_n_th10,T_n_th10,Fp_t_th10,T_t_th10,Fp_y_th10,T_y_th10,Fp_n_th20,T_n_th20,Fp_t_th20,T_t_th20,Fp_y_th20,T_y_th20,Fp_n_th30,T_n_th30,Fp_t_th30,T_t_th30,Fp_y_th30,T_y_th30,Fp_n_th40,T_n_th40,Fp_t_th40,T_t_th40,Fp_y_th40,T_y_th40,Fp_n_th50,T_n_th50,Fp_t_th50,T_t_th50,Fp_y_th50,T_y_th50,Fp_n_th60,T_n_th60,Fp_t_th60,T_t_th60,Fp_y_th60,T_y_th60,Fp_n_th70,T_n_th70,Fp_t_th70,T_t_th70,Fp_y_th70,T_y_th70,Fp_n_th80,T_n_th80,Fp_t_th80,T_t_th80,Fp_y_th80,T_y_th80,Fp_n_th90,T_n_th90,Fp_t_th90,T_t_th90,Fp_y_th90,T_y_th90
500,92.35445,1.226223,19.495,0.7126925,19.495,0.7126929,92.33555,1.239972,19.50183,0.7151572,19.48364,0.7121915,92.30422,1.28037,19.51836,0.7225899,19.44968,0.7106562,92.27802,1.344776,19.5565,0.7351136,19.39106,0.7079704,92.17537,1.428681,19.68714,0.7529148,19.30296,0.7038745,91.82201,1.52605,20.06868,0.7762387,19.18289,0.6979039,90.99346,1.630148,21.0243,0.8055001,19.04493,0.6893065,89.56848,1.734915,23.177,0.8416421,18.96263,0.6769039,88.12724,1.837018,27.55312,0.8870529,19.18015,0.6588682,89.156,1.937341,35.71804,0.9471741,20.33743,0.632379
505,98.03862,1.160747,20.31184,0.6949774,20.31184,0.6949779,98.01183,1.177374,20.31965,0.6978595,20.29819,0.6944755,97.95547,1.226193,20.33998,0.7065234,20.25716,0.6929352,97.88051,1.303961,20.38828,0.7210403,20.18591,0.6902347,97.68898,1.405231,20.5443,0.7415232,20.07822,0.6861037,97.17955,1.52277,20.98373,0.7681163,19.92956,0.68006,96.09269,1.648496,22.06056,0.8011025,19.75165,0.6713216,94.27694,1.77508,24.44868,0.8412856,19.61645,0.6586608,92.32876,1.898346,29.24671,0.8910052,19.77088,0.6401729,92.87179,2.019133,38.11294,0.9559548,20.86762,0.6129286
510,102.4034,1.089023,20.4815,0.6745558,20.4815,0.6745562,102.3574,1.109049,20.49249,0.6779279,20.46568,0.6740613,102.2413,1.167809,20.52373,0.6880342,20.41786,0.6725415,102.0582,1.261326,20.59526,0.7048738,20.33449,0.6698684,101.6955,1.383013,20.79586,0.7284566,20.20808,0.6657614,100.9294,1.524181,21.31722,0.7587862,20.0321,0.6597197,99.47287,1.675135,22.53922,0.7959665,19.81531,0.6509297,97.1531,1.827044,25.17368,0.8406132,19.6255,0.6381101,94.57565,1.974781,30.36873,0.8949845,19.70352,0.6192707,94.4393,2.119248,39.84375,0.9650396,20.69157,0.5913591
515,104.558,1.011881,19.8243,0.6544348,19.8243,0.6544353,104.4804,1.03563,19.84136,0.6583281,19.80706,0.653956,104.2667,1.105282,19.89259,0.6699657,19.75482,0.6524815,103.9142,1.21605,20.00271,0.6892639,19.66354,0.6498782,103.3021,1.3601,20.26765,0.7161124,19.52496,0.6458565,102.1968,1.527153,20.88988,0.7503523,19.33117,0.6398996,100.3023,1.705757,22.26319,0.791879,19.08813,0.6311651,97.44286,1.885464,25.11355,0.8410813,18.85742,0.6183219,94.22531,2.060162,30.60149,0.9000912,18.86499,0.5992987,93.3336,2.230921,40.46027,0.9750919,19.71765,0.5709238
520,104.1225,0.9344745,18.42387,0.6381629,18.42387,0.6381633,104.0071,0.961952,18.44872,0.6425526,18.40648,0.6377033,103.6783,1.042514,18.52492,0.6556489,18.35366,0.6362854,103.1306,1.170597,18.68058,0.6772904,18.2613,0.6337726,102.2454,1.337153,19.0145,0.707257,18.12107,0.6298689,100.7961,1.530365,19.73085,0.745238,17.92462,0.6240458,98.50041,1.73708,21.22006,0.7909262,17.67587,0.6154393,95.20007,1.94529,24.1919,0.8444729,17.42936,0.6026801,91.49404,2.147958,29.77481,0.9078377,17.3899,0.5836327,89.9567,2.346406,39.65885,0.9873321,18.11037,0.5550287
525,101.6549,0.8683145,16.63332,0.6280878,16.63332,0.6280882,101.5073,0.8991747,16.6647,0.6329056,16.61691,0.6276451,101.0807,0.9896553,16.76154,0.6472624,16.56706,0.6262773,100.371,1.133528,16.95298,0.6709397,16.47989,0.6238459,99.26964,1.320713,17.33529,0.7036406,16.3476,0.6200516,97.57028,1.538072,18.10439,0.7449449,16.1622,0.6143595,95.02038,1.770991,19.63026,0.7943821,15.92649,0.6058928,91.49219,2.006122,22.57901,0.8518832,15.68833,0.5932592,87.56697,2.235664,28.00748,0.9192013,15.62968,0.5742828,85.64367,2.461255,37.50781,1.002655,16.24294,0.545632
530,98.42516,0.8236219,14.80812,0.6237642,14.80812,0.6237646,98.25657,0.8574486,14.843,0.6289473,14.79332,0.6233333,97.76664,0.9566457,14.95068,0.6443833,14.74835,0.6220006,96.95434,1.114452,15.15922,0.6698192,14.66972,0.6196271,95.72528,1.31994,15.55825,0.7049191,14.55045,0.6159126,93.89844,1.558884,16.32842,0.7491999,14.38336,0.6103195,91.25682,1.815458,17.80815,0.802073,14.17075,0.6019665,87.70646,2.075222,20.60334,0.8632742,13.95471,0.5894506,83.80503,2.3298,25.67525,0.934325,13.89584,0.5705769,81.75283,2.58124,34.48077,1.021447,14.42887,0.5419809
535,95.73681,0.8093765,13.14373,0.6235013,13.14373,0.6235017,95.55574,0.8458376,13.17942,0.6290136,13.13068,0.6230773,95.02833,0.9527929,13.28943,0.6454265,13.09103,0.6217655,94.15753,1.123045,13.49951,0.6724704,13.02173,0.6194274,92.86331,1.344954,13.89071,0.7098,12.91667,0.6157628,90.98999,1.603363,14.62548,0.7569063,12.76957,0.610235,88.35545,1.881419,16.00671,0.8131182,12.58257,0.6019625,84.89806,2.163782,18.57504,0.877995,12.39298,0.5895412,81.15259,2.441695,23.18888,0.9528092,12.34272,0.5707719,79.13082,2.717784,31.15574,1.043616,12.81581,0.5422787
540,94.54802,0.8353541,11.7049,0.6256683,11.7049,0.6256687,94.35703,0.8742085,11.73998,0.6314988,11.69349,0.6252478,93.80022,0.9882256,11.84789,0.6488589,11.65882,0.6239469,92.88478,1.169838,12.05168,0.6774746,11.59825,0.6216276,91.54405,1.40677,12.42369,0.7170128,11.50646,0.6179914,89.64554,1.683021,13.10836,0.7669655,11.37804,0.6125035,87.039,1.980821,14.37415,0.8266035,11.21511,0.6042854,83.69337,2.28408,16.69951,0.8953213,11.05101,0.5919374,80.12689,2.58387,20.84467,0.9741301,11.01187,0.5732652,78.19171,2.883664,27.97226,1.068883,11.43859,0.5448958
545,95.35604,0.9119578,10.47819,0.6290221,10.47819,0.6290224,95.15284,0.9530581,10.51237,0.6351819,10.46821,0.628603,94.5601,1.073714,10.61726,0.6535249,10.4379,0.6273067,93.5895,1.266026,10.81336,0.6837809,10.38497,0.6249964,92.18663,1.51711,11.16511,0.7256441,10.30481,0.6213751,90.23969,1.810145,11.80073,0.7786265,10.19274,0.615911,87.62749,2.126493,12.95783,0.841957,10.0509,0.6077303,84.34883,2.449423,15.05917,0.9148703,9.909275,0.5954404,80.91508,2.770075,18.77694,0.998106,9.880634,0.5768569,79.05361,3.093147,25.14271,1.097305,10.2693,0.5486173
550,98.29937,1.050644,9.414902,0.6327288,9.414902,0.6327291,98.07898,1.093969,9.448529,0.639255,9.406151,0.6323101,97.43578,1.22121,9.551466,0.658693,9.379598,0.6310152,96.38624,1.424148,9.742046,0.6907813,9.333256,0.6287084,94.88734,1.689266,10.07787,0.7352532,9.263088,0.6250947,92.84602,1.998876,10.6731,0.7916548,9.165071,0.6196454,90.16827,2.333453,11.73841,0.859182,9.041307,0.6114918,86.88335,2.675701,13.64771,0.936906,8.918882,0.5992495,83.50633,3.017087,16.99558,1.025279,8.898889,0.580746,81.67266,3.364051,22.69776,1.129731,9.25385,0.5526328
555,103.4959,1.270756,8.469662,0.6364006,8.469662,0.6364009,103.2519,1.316372,8.503357,0.6433554,8.46198,0.6359816,102.5393,1.450406,8.606281,0.6640754,8.438684,0.6346865,101.3799,1.664313,8.794971,0.6983117,8.398044,0.6323804,99.74153,1.94388,9.121231,0.7458482,8.336529,0.6287703,97.54877,2.270459,9.687142,0.8062779,8.250661,0.6233305,94.73381,2.623565,10.67985,0.8787699,8.142481,0.6151976,91.35836,2.985398,12.43021,0.9622196,8.036407,0.6029955,87.95217,3.348087,15.46398,1.056768,8.023051,0.5845641,86.08866,3.720522,20.59427,1.167641,8.346435,0.55657
560,111.4473,1.611767,7.624587,0.640012,7.624587,0.6400122,111.1712,1.659628,7.659129,0.6474683,7.617837,0.6395924,110.3641,1.800337,7.764455,0.6696889,7.597378,0.6382959,109.0541,2.02504,7.955681,0.706444,7.561701,0.6359887,107.2199,2.318778,8.279813,0.7575834,7.507716,0.6323795,104.8029,2.661848,8.828661,0.8227667,7.432407,0.6269457,101.7619,3.032764,9.768975,0.9011464,7.337723,0.6188291,98.1947,3.413362,11.39368,0.9914328,7.245635,0.6066621,94.65892,3.796951,14.16752,1.09343,7.237291,0.588297,92.69777,4.195887,18.81285,1.212177,7.531029,0.5604167
565,122.9768,2.137317,6.869157,0.64357,6.869157,0.6435703,122.6569,2.187122,6.905507,0.6516066,6.863221,0.6431496,121.7213,2.333649,7.016193,0.675566,6.845235,0.6418509,120.2055,2.567797,7.215304,0.7152466,6.813885,0.6395413,118.0995,2.873848,7.546036,0.7705884,6.76646,0.6359311,115.362,3.230985,8.091707,0.8413473,6.700338,0.630501,111.9795,3.61675,9.001612,0.926681,6.617356,0.6223978,108.0919,4.012907,10.53546,1.025113,6.537255,0.6102623,104.3018,4.414773,13.10405,1.136092,6.532632,0.5919598,102.159,4.839663,17.3501,1.264506,6.798703,0.5641898
570,139.344,2.949606,6.196268,0.6470806,6.196268,0.6470808,138.9641,3.000565,6.235626,0.655774,6.19104,0.6466592,137.8523,3.150621,6.355366,0.6817047,6.175207,0.6453579,136.0536,3.390579,6.568976,0.7247165,6.14762,0.6430449,133.5706,3.704029,6.916883,0.7848752,6.105898,0.6394326,130.3803,4.069068,7.475725,0.8620809,6.047755,0.6340046,126.5,4.462437,8.380225,0.9555395,5.974905,0.6259128,122.1206,4.866395,9.861315,1.063606,5.905059,0.6138065,117.9127,5.279589,12.28249,1.185373,5.903135,0.5955642,115.4781,5.726553,16.21733,1.325645,6.143616,0.5679025
575,162.4345,4.213981,5.601139,0.6505475,5.601139,0.6505477,161.9714,4.26436,5.645041,0.6599491,5.596524,0.6501249,160.6154,4.412905,5.77855,0.6880123,5.582555,0.6488207,158.4238,4.650648,6.015044,0.7346541,5.558224,0.6465039,155.4144,4.96072,6.393346,0.8001233,5.521435,0.6428888,151.5842,5.32035,6.985369,0.8845419,5.470188,0.6374618,146.9873,5.705938,7.914213,0.9872444,5.406068,0.6293802,141.8793,6.101299,9.386379,1.106478,5.344962,0.6173019,137.0299,6.510565,11.72433,1.241022,5.34494,0.5991184,134.1519,6.968924,15.44287,1.39573,5.562039,0.5715638
580,194.9235,6.194257,5.080495,0.6539723,5.080495,0.6539725,194.3439,6.24054,5.130907,0.6640531,5.076408,0.6535486,192.6457,6.377318,5.284216,0.6941756,5.064038,0.6522412,189.9033,6.596478,5.55429,0.7443778,5.042503,0.6499204,186.153,6.881274,5.979717,0.8151814,5.009946,0.6463019,181.4166,7.20869,6.629895,0.9070576,4.96461,0.6408756,175.7929,7.555812,7.619485,1.019618,4.907955,0.6328036,169.6231,7.909955,9.134939,1.151147,4.854248,0.6207526,163.8197,8.284252,11.46383,1.300255,4.855526,0.6026272,160.2849,8.729804,15.07261,1.472091,5.051605,0.5751796
585,240.022,9.282472,4.63167,0.6573525,4.63167,0.6573527,239.2796,9.317901,4.690966,0.6678803,4.62803,0.6569276,237.1034,9.423159,4.871371,0.6993914,4.617019,0.6556171,233.5911,9.592178,5.187983,0.7521241,4.597855,0.6532922,228.8033,9.809589,5.680785,0.827012,4.56889,0.6496704,222.7931,10.05355,6.419229,0.9250786,4.528567,0.6442445,215.7173,10.30396,7.513054,1.04648,4.478229,0.636182,208.0308,10.55507,9.133247,1.189851,4.430731,0.6241581,200.8475,10.83463,11.53865,1.353973,4.432881,0.6060907,196.3614,11.2175,15.15808,1.54475,4.610443,0.5787503
590,299.4948,13.93748,4.248018,0.6606502,4.248018,0.6606504,298.5341,13.95032,4.318495,0.6709887,4.244755,0.6602242,295.7171,13.9897,4.533089,0.7020235,4.234889,0.6589106,291.1726,14.05364,4.908948,0.7543145,4.217722,0.6565817,284.993,14.13051,5.489215,0.8294006,4.191782,0.6529567,277.2712,14.20242,6.346136,0.929155,4.15568,0.6475313,268.2381,14.25591,7.588202,1.054715,4.110649,0.6394784,258.4963,14.29782,9.375546,1.205649,4.068327,0.6274815,249.4287,14.37873,11.9443,1.3816,4.071026,0.6094717,243.6347,14.60781,15.69619,1.58999,4.232449,0.5822378
595,368.7589,20.3645,3.919627,0.6638138,3.919627,0.663814,367.5365,20.33757,4.002018,0.6726935,3.916682,0.6633867,363.951,20.2607,4.253163,0.6995072,3.907779,0.6620703,358.1687,20.13891,4.692888,0.7452874,3.892296,0.6597376,350.3206,19.96804,5.368827,0.8123913,3.868902,0.6561096,340.547,19.73872,6.358145,0.9038936,3.836351,0.6506852,329.1666,19.45,7.771114,1.022511,3.795777,0.6426419,316.9542,19.12897,9.761099,1.16966,3.757762,0.6306716,305.609,18.8589,12.54701,1.346992,3.760748,0.6127184,298.2138,18.79428,16.51231,1.56452,3.908065,0.5855889
600,429.8877,27.7644,3.637065,0.6668092,3.637065,0.6668094,428.4201,27.67996,3.727944,0.6723691,3.634389,0.6663812,424.115,27.43474,4.005326,0.6894416,3.626301,0.6650621,417.174,27.04369,4.491542,0.719645,3.612239,0.662726,407.766,26.51441,5.238415,0.7662596,3.590998,0.6590956,396.0788,25.85149,6.327884,0.8337871,3.561445,0.6536723,382.5135,25.07297,7.872667,0.9270727,3.524625,0.6456387,368.0027,24.23324,10.0217,1.050425,3.4902,0.6336945,354.527,23.45475,12.98084,1.208904,3.49326,0.6157962,345.5954,22.94142,17.11964,1.416156,3.628169,0.5887676
605,454.3119,33.84073,3.391723,0.6696161,3.391723,0.6696163,452.7201,33.69349,3.482266,0.670261,3.389275,0.6691872,448.0501,33.26411,3.759037,0.6728212,3.381881,0.6678657,440.5226,32.57825,4.245374,0.6794539,3.36903,0.6655266,430.33,31.65734,4.994327,0.6941763,3.34962,0.661894,417.6899,30.523,6.088763,0.722725,3.322616,0.6564722,403.0499,29.21499,7.64054,0.7721102,3.288977,0.6484482,387.4173,27.81539,9.793345,0.8500242,3.257558,0.6365293,372.8893,26.48093,12.7417,0.9657821,3.26052,0.6186838,363.1282,25.45246,16.83835,1.136837,3.384397,0.5917519
610,427.8869,36.30478,3.175883,0.6722236,3.175883,0.6722238,426.3528,36.11063,3.255972,0.6678574,3.173633,0.6717939,421.8519,35.54339,3.501185,0.6555529,3.166836,0.6704702,414.5986,34.6365,3.933635,0.6377672,3.155025,0.6681284,404.7845,33.42287,4.603199,0.6187911,3.137189,0.6644941,392.6286,31.93864,5.587749,0.6049527,3.112375,0.6590739,378.5683,30.2408,6.99251,0.6047175,3.081459,0.6510593,363.5665,28.42999,8.95265,0.6285395,3.052574,0.6391647,349.6046,26.67973,11.65055,0.6894461,3.055287,0.6213694,340.1202,25.24078,15.41462,0.8075517,3.169209,0.5945291
615,367.3967,35.13876,2.982685,0.6746275,2.982685,0.6746277,366.0521,34.92416,3.046993,0.666626,2.980607,0.674197,362.1075,34.29647,3.244245,0.6434837,2.974331,0.6728714,355.7517,33.29238,3.593749,0.6076791,2.963428,0.6705272,347.157,31.95092,4.139181,0.5633255,2.946964,0.6668914,336.5204,30.3166,4.949275,0.5166555,2.924056,0.6614731,324.2271,28.45503,6.118398,0.4765956,2.895499,0.6534676,311.112,26.47261,7.770348,0.4550556,2.868771,0.641596,298.8831,24.54066,10.074,0.467251,2.871098,0.623848,290.5015,22.89525,13.32787,0.5342404,2.975858,0.597094
620,299.5972,32.03751,2.80622,0.6768292,2.80622,0.6768293,298.4802,31.82326,2.855006,0.6668665,2.804295,0.676398,295.203,31.19614,3.00495,0.6378321,2.798481,0.6750707,289.9236,30.19253,3.272164,0.5920529,2.788383,0.6727244,282.7877,28.85301,3.693447,0.5332334,2.773135,0.6690874,273.9619,27.22473,4.327475,0.4671174,2.751913,0.663671,263.7656,25.37471,5.256722,0.4023836,2.725431,0.6556742,252.8841,23.40602,6.592816,0.3512666,2.700559,0.6438242,242.7163,21.47677,8.490699,0.3297331,2.702368,0.6261205,235.6952,19.79675,11.21832,0.3585129,2.798504,0.5994468
625,239.7105,28.47164,2.643707,0.678847,2.643707,0.6788472,238.801,28.26852,2.679777,0.6681377,2.641919,0.6784152,236.1329,27.67369,2.790891,0.6368166,2.63652,0.6770864,231.8357,26.72144,2.990286,0.5869963,2.627141,0.6747382,226.0293,25.4512,3.308596,0.5219257,2.61298,0.6711003,218.8511,23.90934,3.795428,0.4467423,2.593261,0.6656857,210.5599,22.16028,4.522368,0.3695529,2.56862,0.6576972,201.7062,20.2996,5.589567,0.3022703,2.545356,0.6458675,193.4144,18.46879,7.138628,0.260728,2.546538,0.6282051,187.6513,16.84995,9.409465,0.2647147,2.634507,0.6016063
630,191.7405,25.14721,2.494511,0.6807068,2.494511,0.680707,191.0008,24.9591,2.520942,0.6699484,2.492845,0.6802745,188.831,24.408,2.602581,0.6384212,2.487816,0.6789443,185.3368,23.52551,2.750316,0.5880213,2.479082,0.6765944,180.6172,22.34874,2.989721,0.5215805,2.465891,0.6729557,174.7845,20.92169,3.362881,0.4436541,2.447513,0.667543,168.0478,19.30454,3.932129,0.3616937,2.424506,0.6595623,160.8485,17.58432,4.787444,0.287013,2.402637,0.6477517,154.0903,15.88638,6.058209,0.2348908,2.403124,0.630128,149.3649,14.36811,7.959854,0.2239912,2.483413,0.6035995
635,154.7631,22.28909,2.35828,0.6824306,2.35828,0.6824307,154.1564,22.11632,2.377615,0.6719709,2.356724,0.6819978,152.3766,21.61004,2.43753,0.6412811,2.352026,0.6806662,149.5112,20.79913,2.547059,0.5920633,2.343866,0.6783149,145.6418,19.71803,2.727761,0.5267959,2.331542,0.6746754,140.8614,18.40784,3.015669,0.4495259,2.314357,0.6692647,135.3399,16.92412,3.465474,0.367078,2.292798,0.6612915,129.4342,15.34574,4.158346,0.2900932,2.272138,0.649499,123.877,13.78384,5.212731,0.2331437,2.271897,0.6319117,119.9692,12.37512,6.823045,0.2137933,2.34503,0.6054491
640,126.5639,19.90651,2.234868,0.6840369,2.234868,0.684037,126.0599,19.74799,2.249012,0.6740262,2.23341,0.6836036,124.5814,19.28334,2.293017,0.6446298,2.229006,0.6822709,122.2014,18.53894,2.374474,0.5973839,2.221356,0.6799182,118.9885,17.54665,2.511776,0.5344761,2.2098,0.6762782,115.02,16.34461,2.736122,0.4595261,2.193674,0.6708694,110.4361,14.98397,3.09593,0.3787993,2.173393,0.6629033,105.5289,13.53629,3.664814,0.3022831,2.15378,0.6511279,100.9,12.10069,4.551539,0.2438247,2.152808,0.6335751,97.6271,10.79696,5.932577,0.2199893,2.219348,0.6071748
645,105.0267,17.93674,2.12429,0.6855416,2.12429,0.6855418,104.6019,17.79092,2.134626,0.6760281,2.122918,0.6851079,103.3561,17.3634,2.166945,0.6480757,2.118773,0.6837742,101.351,16.67835,2.227714,0.6030815,2.111574,0.6814203,98.64488,15.76523,2.332825,0.5429955,2.100695,0.6777798,95.30322,14.65941,2.509607,0.4710828,2.085502,0.6723728,91.443,13.40805,2.801322,0.3931237,2.066342,0.6644136,87.3067,12.07635,3.27513,0.3185063,2.047633,0.6526545,83.39577,10.75336,4.031301,0.2603917,2.045955,0.6351346,80.61548,9.545115,5.231012,0.2344666,2.106506,0.6087934
650,88.47757,16.30453,2.026694,0.6869585,2.026694,0.6869586,88.11441,16.16985,2.034221,0.6779403,2.025397,0.6865244,87.04939,15.7749,2.057915,0.6514332,2.021479,0.6851896,85.33548,15.14195,2.103357,0.6087171,2.014672,0.6828346,83.02287,14.29827,2.184457,0.5515481,2.004384,0.6791937,80.16781,13.27676,2.325432,0.4828966,1.990003,0.6737886,76.86937,12.121,2.565305,0.4081266,1.971818,0.6658361,73.33187,10.89071,2.965744,0.3360902,1.953885,0.6540927,69.97937,9.66653,3.619642,0.2793216,1.951551,0.636604,67.58361,8.543227,4.675191,0.252743,2.006764,0.6103191
655,75.67656,14.94224,1.942327,0.6882993,1.942327,0.6882994,75.36161,14.81728,1.947778,0.6797522,1.941095,0.6878648,74.43802,14.45079,1.965086,0.654623,1.937372,0.6865291,72.95193,13.86335,1.999134,0.6140936,1.930902,0.6841731,70.94718,13.08033,2.062255,0.5597598,1.921122,0.6805319,68.47266,12.13237,2.176162,0.4943464,1.907438,0.6751287,65.61353,11.05992,2.376395,0.4228598,1.89009,0.6671826,62.5445,9.917977,2.719995,0.3536779,1.872819,0.6554542,59.62953,8.780107,3.293538,0.2987703,1.869902,0.6379955,57.5363,7.731773,4.234287,0.2723947,1.920474,0.6117646
660,65.72416,13.79454,1.871514,0.6895742,1.871514,0.6895744,65.44719,13.67809,1.875432,0.6814653,1.870336,0.6891395,64.63505,13.3365,1.888019,0.6576199,1.866776,0.6878029,63.32846,12.78887,1.913608,0.6191367,1.86059,0.685446,61.5662,12.05889,1.963276,0.5674785,1.851237,0.6818046,59.39134,11.1752,2.056726,0.5051635,1.83814,0.6764032,56.87806,10.17548,2.226666,0.4368899,1.821496,0.6684634,54.17795,9.110653,2.526293,0.3706166,1.804784,0.6567496,51.60811,8.048271,3.036882,0.3178073,1.801382,0.6393197,49.75487,7.066043,3.886655,0.2921402,1.848056,0.6131407
665,57.9534,12.81905,1.81408,0.6907911,1.81408,0.6907912,57.70657,12.71005,1.816874,0.6830847,1.812947,0.690356,56.98285,12.39029,1.82599,0.6604205,1.809521,0.6890187,55.81867,11.8776,1.845328,0.6238262,1.803568,0.6866609,54.24874,11.19414,1.884967,0.5746531,1.794565,0.6830193,52.31141,10.36678,1.963014,0.5152442,1.781951,0.6776198,50.07219,9.43076,2.109891,0.4500306,1.765888,0.6696862,47.66447,8.433469,2.375667,0.3866006,1.749643,0.6579865,45.36866,7.437307,2.837275,0.3359656,1.745866,0.6405845,43.70742,6.513448,3.615606,0.3112958,1.789401,0.6144555
670,51.83233,11.98515,1.768327,0.6919528,1.768327,0.6919529,51.60965,11.8827,1.770295,0.684613,1.76723,0.6915174,50.9568,11.58212,1.776858,0.6630253,1.763912,0.6901794,49.90677,11.10009,1.791567,0.628157,1.758149,0.6878208,48.49095,10.45748,1.823712,0.5812649,1.749431,0.6841792,46.74386,9.679544,1.890123,0.5245426,1.737211,0.6787816,44.72401,8.79939,2.019391,0.4621896,1.721625,0.6708539,42.55035,7.861314,2.259052,0.4014663,1.705773,0.6591679,40.47432,6.923301,2.682521,0.3529804,1.701724,0.6417929,38.96842,6.050975,3.404799,0.3294561,1.742791,0.6157122
675,46.95935,11.26804,1.732418,0.6930617,1.732418,0.6930618,46.75626,11.17135,1.73378,0.6860541,1.73135,0.6926261,46.1609,10.88763,1.738458,0.6654428,1.728121,0.6912873,45.20345,10.4326,1.749728,0.6321427,1.72251,0.688928,43.91257,9.825922,1.776248,0.5873307,1.714024,0.6852864,42.31962,9.091467,1.833825,0.5330722,1.702124,0.6798907,40.47741,8.260427,1.949581,0.4733646,1.686929,0.6719689,38.49329,7.374406,2.169013,0.4151782,1.671408,0.6602961,36.59557,6.487573,2.562702,0.3687603,1.667178,0.6429472,35.21694,5.660813,3.240942,0.3464417,1.70635,0.616913
680,43.03567,10.6474,1.70467,0.6941203,1.70467,0.6941204,42.84866,10.55579,1.705584,0.6874132,1.703625,0.6936844,42.30049,10.28697,1.708868,0.6676857,1.700466,0.692345,41.41904,9.855779,1.717572,0.6358077,1.694979,0.6899851,40.23071,9.28084,1.739847,0.5928872,1.68668,0.6863435,38.7642,8.584763,1.790682,0.5408793,1.67504,0.6809497,37.0676,7.797061,1.896013,0.4836043,1.660165,0.6730336,35.23882,6.95697,2.099702,0.4277748,1.644926,0.6613736,33.48754,6.115344,2.470059,0.3833158,1.640593,0.6440497,32.21452,5.328989,3.113638,0.3622102,1.678349,0.6180604
685,39.83733,10.1068,1.683532,0.6951308,1.683532,0.695131,39.66369,10.0197,1.684115,0.6886957,1.682505,0.6946947,39.15476,9.764094,1.686364,0.6697686,1.679404,0.6933548,38.33651,9.354041,1.693144,0.6391799,1.674016,0.6909942,37.23343,8.807239,1.712196,0.5979784,1.665868,0.6873528,35.87194,8.145181,1.757845,0.5480232,1.65444,0.6819608,34.29622,7.395881,1.855076,0.4929791,1.639829,0.6740502,32.59637,6.596488,2.046433,0.4393287,1.624834,0.6624027,30.96686,5.794957,2.398418,0.3967084,1.620462,0.645103,29.78263,5.044562,3.014613,0.376791,1.657191,0.6191569
690,37.19491,9.632992,1.667574,0.6960958,1.667574,0.6960959,37.03253,9.549909,1.667912,0.6899071,1.666563,0.6956595,36.55666,9.306062,1.669386,0.6717055,1.663507,0.694319,35.79167,8.914835,1.674711,0.6422868,1.6582,0.6919579,34.76037,8.393091,1.691292,0.6026486,1.650175,0.6883165,33.48729,7.761318,1.732913,0.554566,1.638921,0.6829264,32.01324,7.046197,1.823784,0.5015659,1.62453,0.6750213,30.42181,6.283024,2.005388,0.4499256,1.609749,0.6633857,28.89492,5.517209,2.342777,0.4090214,1.605389,0.6461094,27.78629,4.798942,2.937168,0.3902493,1.641398,0.6202048
695,34.97888,9.215262,1.655472,0.6970174,1.655472,0.6970176,34.82611,9.135769,1.655626,0.6910525,1.654474,0.6965809,34.37847,8.902441,1.656514,0.6735098,1.651456,0.6952399,33.65895,8.528052,1.660724,0.6451547,1.646216,0.6928783,32.68894,8.028716,1.675381,0.6069401,1.638293,0.6892371,31.49129,7.424023,1.713824,0.5605672,1.627184,0.6838488,30.10395,6.739455,1.799623,0.5094404,1.612979,0.6759489,28.60496,6.00866,1.973392,0.4596525,1.598389,0.6643249,27.1657,5.274796,2.299009,0.420345,1.594077,0.6470711,26.12229,4.585349,2.875784,0.4026655,1.629593,0.6212066
700,33.08903,8.844928,1.645996,0.6978978,1.645996,0.697898,32.94459,8.768658,1.646008,0.6921365,1.645008,0.6974611,32.5214,8.544777,1.646443,0.6751935,1.642023,0.6961196,31.84124,8.185511,1.649778,0.6478074,1.636839,0.6937576,30.92431,7.706299,1.662904,0.6108914,1.629005,0.6901166,29.79193,7.12592,1.69878,0.5660818,1.61802,0.68473,28.47958,6.46878,1.780437,0.5166733,1.603978,0.6768352,27.06055,5.767052,1.947761,0.4685926,1.589561,0.6652224,25.69722,5.061891,2.263649,0.4307682,1.585321,0.6479904,24.71076,4.398397,2.82583,0.4141239,1.620495,0.6221644
705,31.44697,8.514913,1.637998,0.6987391,1.637998,0.6987392,31.30984,8.44155,1.637896,0.6931634,1.637019,0.6983022,30.90811,8.226187,1.637967,0.6767675,1.634063,0.6969602,30.26255,7.880556,1.640592,0.6502659,1.62893,0.6945978,29.39222,7.419489,1.652456,0.6145371,1.621173,0.690957,28.31717,6.861029,1.686188,0.5711594,1.6103,0.6855722,27.07066,6.22861,1.764349,0.5233291,1.596406,0.6776823,25.72185,5.553082,1.926185,0.4768226,1.582149,0.6660803,24.42528,4.87381,2.233737,0.4403749,1.577989,0.6488692,23.48915,4.233776,2.783359,0.4247069,1.612901,0.6230804
710,29.99598,8.219336,1.630645,0.6995433,1.630645,0.6995435,29.86535,8.148604,1.630449,0.6941374,1.629675,0.6991062,29.48273,7.940952,1.630217,0.678242,1.626745,0.6977639,28.86793,7.607666,1.632243,0.65255,1.621659,0.6954011,28.03906,7.163025,1.643031,0.617909,1.613976,0.6917604,27.01499,6.624406,1.674912,0.5758456,1.603207,0.6863774,25.82705,6.014362,1.750021,0.5294675,1.58945,0.6784923,24.54071,5.362545,1.90702,0.4844145,1.575344,0.6669007,23.3036,4.706719,2.207165,0.4492451,1.571263,0.6497097,22.41244,4.087972,2.745554,0.4344956,1.60594,0.6239567
715,28.7055,7.953152,1.623851,0.700313,1.623851,0.7003132,28.58069,7.884813,1.623576,0.6950629,1.622889,0.6998757,28.21515,7.684174,1.62309,0.6796268,1.619984,0.698533,27.62788,7.362116,1.624609,0.6546783,1.614943,0.6961699,26.83611,6.932417,1.634471,0.6210374,1.607327,0.6925295,25.85768,6.411841,1.664742,0.5801843,1.596657,0.6871481,24.72215,5.822142,1.737167,0.5351464,1.583029,0.6792676,23.49174,5.191887,1.889874,0.4914387,1.569065,0.6676861,22.30791,4.557393,2.183391,0.4574584,1.56506,0.6505146,21.45714,3.958049,2.711668,0.4435728,1.599525,0.624796
720,27.55333,7.712203,1.61766,0.7010506,1.61766,0.7010507,27.43375,7.646049,1.61732,0.695944,1.616705,0.7006132,27.08358,7.451817,1.61662,0.6809308,1.613824,0.69927,26.52106,7.140018,1.617709,0.6566675,1.608823,0.6969066,25.76264,6.723968,1.626777,0.6239491,1.601272,0.6932664,24.8252,6.219875,1.655645,0.5842139,1.590692,0.6878867,23.73679,5.648758,1.725707,0.5404164,1.577185,0.6800107,22.55666,5.038199,1.874603,0.4979574,1.563356,0.6684389,21.42077,4.423198,2.162195,0.4650851,1.559427,0.6512862,20.60647,3.841617,2.681379,0.4520125,1.593707,0.6256009
725,26.52139,7.493064,1.612113,0.7017582,1.612113,0.7017583,26.40653,7.428915,1.61172,0.6967841,1.611166,0.7013206,26.07021,7.240559,1.610842,0.6821619,1.608306,0.6999772,25.53002,6.938171,1.611569,0.6585319,1.603344,0.6976135,24.80169,6.534642,1.619954,0.6266671,1.595851,0.6939735,23.90126,6.045667,1.647602,0.5879677,1.585357,0.6885954,22.85535,5.491594,1.715587,0.5453214,1.571962,0.6807237,21.7206,4.899098,1.861103,0.504024,1.55826,0.6691614,20.62802,4.301985,2.143407,0.4721866,1.554408,0.6520268,19.84676,3.736728,2.654443,0.4598794,1.588534,0.6263737
730,25.59477,7.292892,1.607254,0.7024379,1.607254,0.702438,25.48418,7.230589,1.606816,0.6975866,1.606313,0.7020002,25.16042,7.047645,1.605792,0.6833267,1.603473,0.7006564,24.64044,6.753922,1.606214,0.660284,1.598546,0.6982924,23.93935,6.361923,1.614016,0.6292112,1.591107,0.6946527,23.07242,5.886868,1.640607,0.5914741,1.580691,0.6892762,22.06498,5.348485,1.70677,0.5498991,1.567401,0.6814088,20.97132,4.772619,1.849298,0.5096852,1.553819,0.6698556,19.91799,4.191982,2.126903,0.4788163,1.550047,0.6527385,19.16681,3.641781,2.630671,0.4672306,1.584055,0.6271164
735,24.76113,7.10931,1.603122,0.7030916,1.603122,0.7030917,24.65443,7.048713,1.602649,0.6983544,1.602187,0.7026537,24.34206,6.870769,1.601506,0.6844311,1.599365,0.7013096,23.84045,6.585054,1.601675,0.6619345,1.594469,0.6989454,23.1641,6.203708,1.608982,0.6315988,1.587081,0.6953059,22.32757,5.741514,1.634659,0.5947582,1.576737,0.6899309,21.35507,5.217627,1.699232,0.5541828,1.563544,0.6820676,20.2987,4.657126,1.839134,0.5149818,1.550075,0.6705233,19.28106,4.091717,2.112587,0.4850208,1.546387,0.6534232,18.55734,3.555452,2.609921,0.4741159,1.580315,0.6278312
740,24.01019,6.940315,1.599758,0.7037209,1.599758,0.703721,23.90701,6.881298,1.599258,0.69909,1.598828,0.7032829,23.60502,6.70799,1.59802,0.6854805,1.596022,0.7019385,23.12013,6.429698,1.597983,0.6634931,1.591156,0.699574,22.46631,6.058228,1.604874,0.633845,1.583812,0.6959349,21.65747,5.607957,1.629769,0.5978416,1.573534,0.6905613,20.71676,5.097506,1.692964,0.5582011,1.56043,0.6827021,19.69434,4.551247,1.830574,0.5199491,1.547069,0.6711663,18.70921,3.999959,2.100392,0.4908412,1.54347,0.6540827,18.01066,3.476634,2.592086,0.4805793,1.577362,0.6285198
745,23.33327,6.784208,1.597202,0.7043274,1.597202,0.7043275,23.23332,6.726661,1.59668,0.6997959,1.596276,0.7038893,22.9408,6.557662,1.595371,0.6864796,1.593484,0.7025446,22.47117,6.286273,1.595168,0.664968,1.588644,0.7001799,21.83791,5.923987,1.601716,0.6359631,1.581341,0.696541,21.05433,5.484801,1.625949,0.6007436,1.571122,0.691169,20.14261,4.986842,1.687962,0.5619794,1.5581,0.6833136,19.15115,4.453825,1.823593,0.5246185,1.544841,0.6717862,18.19571,3.915672,2.090268,0.4963136,1.541338,0.6547186,17.5203,3.404395,2.577088,0.4866599,1.57524,0.6291839
750,22.72308,6.639538,1.595491,0.7049126,1.595491,0.7049127,22.62608,6.583362,1.594956,0.7004741,1.59457,0.7044743,22.34221,6.418383,1.593594,0.6874324,1.591791,0.7031294,21.88654,6.153431,1.593264,0.6663666,1.586973,0.7007646,21.27208,5.799709,1.599534,0.6379648,1.579705,0.697126,20.51159,5.370859,1.623217,0.6034809,1.569539,0.6917554,19.62636,4.884548,1.684232,0.56554,1.556592,0.6839038,18.66319,4.363878,1.818182,0.5290176,1.54343,0.6723845,17.7349,3.837976,2.082184,0.5014697,1.540031,0.6553324,17.08083,3.337951,2.564872,0.4923921,1.573993,0.629825
755,22.17341,6.505064,1.594665,0.7054778,1.594665,0.7054779,22.0791,6.450169,1.594122,0.7011267,1.593748,0.7050395,21.80317,6.288948,1.592726,0.6883428,1.590979,0.7036943,21.36028,6.030014,1.592304,0.6676957,1.586181,0.7013293,20.76304,5.6843,1.598357,0.6398604,1.578944,0.6976909,20.02368,5.265115,1.621594,0.6060683,1.568825,0.6923218,19.16269,4.789693,1.681784,0.5689025,1.555945,0.684474,18.22539,4.280566,1.814335,0.5331706,1.542874,0.6729625,17.32198,3.766122,2.076119,0.506338,1.539589,0.6559255,16.68764,3.27663,2.555401,0.4978066,1.573665,0.6304447
760,21.67863,6.379717,1.594742,0.7060243,1.594742,0.7060244,21.5868,6.326023,1.594196,0.7017553,1.593827,0.7055859,21.31814,6.168324,1.592784,0.6892139,1.591068,0.7042404,20.88698,5.915031,1.592302,0.6689609,1.586286,0.7018753,20.30554,5.576822,1.598194,0.6416591,1.579076,0.6982372,19.58557,5.166695,1.621081,0.6085189,1.568997,0.6928695,18.74678,4.701479,1.680607,0.5720844,1.556178,0.6850253,17.83317,4.203171,1.812028,0.5370991,1.543194,0.6735216,16.95259,3.69947,2.072031,0.5109433,1.540033,0.6564991,16.33654,3.219863,2.548609,0.5029306,1.574279,0.6310442
765,21.23167,6.2626,1.5956,0.7065531,1.5956,0.7065532,21.14212,6.210035,1.595056,0.7023615,1.594688,0.7061145,20.88016,6.055643,1.593641,0.6900487,1.591936,0.7047689,20.4598,5.80765,1.593125,0.6701671,1.587168,0.7024035,19.8929,5.47649,1.598904,0.6433685,1.579981,0.6987658,19.19077,5.07487,1.621521,0.6108436,1.569937,0.6933995,18.3724,4.619238,1.680522,0.5751,1.557171,0.6855588,17.48058,4.131091,1.811044,0.5408211,1.544271,0.6740626,16.62102,3.637482,2.069642,0.5153064,1.541242,0.6570544,16.02198,3.167171,2.544122,0.5077867,1.575707,0.6316246
770,20.82539,6.152943,1.597061,0.7070649,1.597061,0.707065,20.73794,6.101439,1.596522,0.7029464,1.596151,0.7066263,20.48218,5.95016,1.595115,0.6908494,1.593405,0.7052805,20.07182,5.707152,1.594586,0.6713185,1.588649,0.702915,19.51837,5.382625,1.600288,0.6449953,1.581481,0.6992776,18.83273,4.989009,1.6227,0.6130521,1.571468,0.6939126,18.03324,4.542396,1.681286,0.5779621,1.558751,0.6860754,17.16154,4.06381,1.811093,0.5443522,1.545931,0.6745864,16.32142,3.579699,2.068588,0.5194458,1.543042,0.6575921,15.73828,3.118144,2.541457,0.5123948,1.577761,0.6321867
775,20.45353,6.050064,1.598955,0.7075608,1.598955,0.7075609,20.36804,5.99956,1.598423,0.7035113,1.598046,0.7071221,20.11803,5.851215,1.597031,0.6916182,1.595305,0.705776,19.71696,5.612907,1.596503,0.6724189,1.590559,0.7034104,19.17601,5.294632,1.602156,0.6465454,1.583408,0.6997733,18.5057,4.908561,1.624413,0.6151528,1.573422,0.6944096,17.72374,4.470447,1.68267,0.5806821,1.560751,0.6865758,16.87072,4.000872,1.811904,0.5477067,1.548009,0.675094,16.04868,3.525717,2.068529,0.5233779,1.545262,0.6581132,15.48044,3.072424,2.540161,0.5167732,1.580263,0.6327316
780,20.11057,5.953363,1.601116,0.7080413,1.601116,0.7080414,20.0269,5.903803,1.600594,0.7040572,1.600209,0.7076025,19.78227,5.758227,1.599222,0.6923571,1.597473,0.7062562,19.38987,5.524356,1.598706,0.6734719,1.592736,0.7038905,18.86061,5.211984,1.604329,0.6480243,1.5856,0.7002537,18.2046,4.833036,1.626467,0.6171536,1.57564,0.6948914,17.439,4.402945,1.684456,0.5832704,1.56301,0.6870609,16.60342,3.941878,1.813224,0.5508974,1.550343,0.675586,15.79828,3.47518,2.069148,0.5271177,1.547741,0.6586184,15.24404,3.029696,2.539816,0.5209381,1.583037,0.6332599
785,19.79162,5.862304,1.603389,0.7085072,1.603389,0.7085073,19.70967,5.813637,1.602876,0.7045851,1.602483,0.7080684,19.47008,5.670681,1.601528,0.6930681,1.599751,0.7067219,19.08583,5.441005,1.60103,0.6744805,1.595023,0.7043561,18.56752,5.134215,1.606636,0.649437,1.587901,0.7007196,17.92494,4.762001,1.628677,0.6190617,1.577964,0.6953586,17.17469,4.339498,1.686441,0.5857364,1.565375,0.6875313,16.35547,3.886476,1.814812,0.5539361,1.552781,0.6760632,15.5662,3.427776,2.070148,0.5306789,1.550323,0.6591084,15.02519,2.989683,2.540026,0.5249047,1.585919,0.6337725
790,19.49236,5.776413,1.605622,0.7089593,1.605622,0.7089594,19.41203,5.728592,1.605119,0.705096,1.604717,0.7085203,19.17719,5.588115,1.603794,0.6937526,1.60199,0.7071737,18.80062,5.362413,1.603317,0.6754477,1.597269,0.7048078,18.29265,5.060908,1.608911,0.650788,1.590161,0.7011717,17.66273,4.695073,1.63087,0.6208833,1.580247,0.6958119,16.92695,4.279755,1.688432,0.5880887,1.567697,0.6879877,16.12316,3.834351,1.816444,0.5568334,1.555175,0.6765262,15.34887,3.383227,2.071249,0.534074,1.552857,0.6595839,14.82037,2.95214,2.540421,0.5286866,1.588748,0.63427
795,19.20891,5.695265,1.607669,0.7093981,1.607669,0.7093982,19.1301,5.648245,1.607175,0.7055906,1.606765,0.708959,18.89978,5.510121,1.605873,0.6944124,1.604042,0.7076123,18.53048,5.288186,1.605415,0.6763761,1.59933,0.7052463,18.0323,4.991695,1.610999,0.6520813,1.592236,0.7016104,17.41438,4.631908,1.632877,0.6226245,1.582345,0.6962519,16.69232,4.223403,1.690243,0.590335,1.569834,0.6884308,15.90317,3.785224,1.817906,0.5595989,1.557381,0.6769758,15.14309,3.341288,2.072187,0.5373142,1.555199,0.6600457,14.62646,2.916851,2.540651,0.5322962,1.591367,0.6347532
800,18.93778,5.61848,1.60939,0.7098242,1.60939,0.7098243,18.86043,5.572222,1.608905,0.7060699,1.608487,0.7093851,18.63439,5.436331,1.607622,0.6950487,1.605769,0.7080382,18.27202,5.217975,1.60718,0.6772682,1.601066,0.7056721,17.78316,4.926244,1.612748,0.6533207,1.593987,0.7020366,17.17667,4.572201,1.63454,0.6242905,1.584119,0.6966792,16.4677,4.170166,1.691701,0.5924824,1.571648,0.6888612,15.69251,3.738848,1.818994,0.5622416,1.559264,0.6774125,14.94599,3.301738,2.07271,0.54041,1.557209,0.6604943,14.44065,2.883623,2.540385,0.535745,1.593629,0.6352226
805,18.67584,5.545717,1.610648,0.7102382,1.610648,0.7102383,18.59989,5.500183,1.61017,0.7065346,1.609748,0.709799,18.37796,5.366415,1.608904,0.695663,1.607035,0.708452,18.0222,5.151462,1.60847,0.6781261,1.602341,0.7060859,17.54227,4.864258,1.614013,0.6545097,1.595278,0.7024506,16.94673,4.515676,1.635704,0.6258863,1.585436,0.6970945,16.25028,4.119793,1.692636,0.5945375,1.573005,0.6892794,15.48847,3.694999,1.819515,0.5647695,1.560688,0.6778369,14.75495,3.264382,2.07258,0.5433708,1.558751,0.6609303,14.26038,2.852283,2.539308,0.5390435,1.595388,0.635679
810,18.42026,5.476668,1.611315,0.7106407,1.611315,0.7106408,18.34565,5.431824,1.610841,0.7069853,1.610416,0.7102014,18.12766,5.300078,1.609585,0.6962565,1.607708,0.7088542,17.77827,5.088363,1.609151,0.6789519,1.603026,0.706488,17.30692,4.805469,1.614654,0.6556515,1.59598,0.7028531,16.7219,4.462087,1.636223,0.6274163,1.586166,0.6974982,16.03753,4.072061,1.692888,0.5965062,1.573778,0.689686,15.28863,3.653479,1.819283,0.5671901,1.561527,0.6782495,14.56763,3.229044,2.071571,0.5462054,1.559694,0.6613542,14.08335,2.822677,2.537121,0.5422013,1.596504,0.6361228
815,18.16846,5.411057,1.611261,0.711032,1.611261,0.7110321,18.09514,5.36687,1.61079,0.7074228,1.610364,0.7105927,17.88096,5.237051,1.609537,0.6968302,1.607664,0.7092454,17.53772,5.028424,1.609092,0.6797475,1.602994,0.7068792,17.07465,4.749637,1.614539,0.6567488,1.595968,0.7032446,16.49982,4.411212,1.635955,0.6288846,1.586184,0.6978908,15.82713,4.026768,1.692303,0.598394,1.573841,0.6900815,15.09074,3.614106,1.818123,0.56951,1.561655,0.6786508,14.38187,3.195567,2.069464,0.5489216,1.559912,0.6617666,13.90743,2.794667,2.533539,0.5452272,1.596841,0.6365547
820,17.91809,5.348633,1.610365,0.7114129,1.610365,0.7114129,17.84603,5.305072,1.609894,0.7078477,1.609471,0.7109735,17.63554,5.177092,1.608637,0.6973852,1.606778,0.709626,17.29826,4.971411,1.608167,0.6805146,1.602122,0.7072598,16.84324,4.696545,1.613535,0.6578044,1.59512,0.7036255,16.27829,4.362849,1.634765,0.6302951,1.585369,0.6982728,15.61697,3.983732,1.690732,0.6002058,1.573074,0.6904663,14.89277,3.57672,1.815863,0.5717358,1.560952,0.6790414,14.1957,3.163807,2.066052,0.551527,1.559283,0.662168,13.7307,2.768129,2.528287,0.5481294,1.596269,0.636975
825,17.66738,5.28917,1.608534,0.7117835,1.608534,0.7117836,17.59654,5.246208,1.608061,0.7082605,1.607643,0.7113441,17.38965,5.119985,1.60679,0.6979226,1.60496,0.7099965,17.05818,4.917119,1.60628,0.6812548,1.60032,0.7076302,16.61098,4.645997,1.611547,0.6588207,1.593343,0.7039962,16.05567,4.316819,1.632548,0.6316512,1.58363,0.6986447,15.40546,3.942791,1.688065,0.6019463,1.571386,0.6908409,14.69319,3.541177,1.812379,0.5738728,1.559327,0.6794216,14.00765,3.133639,2.061182,0.554028,1.557712,0.6625588,13.55171,2.742953,2.521164,0.5509153,1.594686,0.6373843
830,17.41757,5.232491,1.605883,0.7121442,1.605883,0.7121443,17.34792,5.190101,1.605404,0.7086615,1.604996,0.7117047,17.14453,5.065556,1.604113,0.6984427,1.602322,0.710357,16.8187,4.865381,1.603552,0.6819691,1.597701,0.7079907,16.37912,4.597838,1.608696,0.6597994,1.590752,0.704357,15.83319,4.272978,1.629437,0.6329551,1.581079,0.6990066,15.19381,3.903814,1.684444,0.6036186,1.56889,0.6912055,14.49318,3.507359,1.807831,0.5759253,1.556892,0.6797917,13.81889,3.104961,2.055049,0.5564294,1.555315,0.6629392,13.37164,2.719049,2.512425,0.5535901,1.592215,0.6377828
835,17.17114,5.178439,1.602617,0.7124949,1.602617,0.712495,17.10264,5.136596,1.602131,0.7090508,1.601733,0.7120554,16.90263,5.013657,1.600814,0.6989461,1.599071,0.7107076,16.58226,4.816054,1.600194,0.6826584,1.594469,0.7083413,16.15004,4.551933,1.605202,0.6607416,1.587549,0.7047079,15.61321,4.231202,1.62566,0.634209,1.57792,0.6993586,14.98433,3.866688,1.680118,0.6052254,1.565786,0.6915601,14.29502,3.475167,1.802505,0.5778964,1.553848,0.6801517,13.63163,3.077684,2.048001,0.5587354,1.552295,0.6633093,13.1927,2.69634,2.502524,0.5561583,1.589075,0.6381705
840,16.93032,5.126871,1.598936,0.7128359,1.598936,0.712836,16.86293,5.085552,1.598441,0.7094287,1.598055,0.7123964,16.66619,4.964148,1.597096,0.6994332,1.595404,0.7110484,16.35107,4.769005,1.596411,0.6833233,1.590822,0.7086821,15.92596,4.508158,1.601277,0.6616488,1.583933,0.705049,15.3979,4.191376,1.62144,0.6354146,1.574348,0.6997008,14.77917,3.831311,1.675329,0.6067691,1.56227,0.6919049,14.10078,3.444508,1.796675,0.5797895,1.55039,0.6805017,13.44794,3.051727,2.040372,0.5609495,1.548852,0.6636691,13.01696,2.674756,2.491898,0.5586241,1.585478,0.6385476
845,16.69719,5.077653,1.59503,0.7131672,1.59503,0.7131673,16.63087,5.036835,1.594527,0.7097954,1.594153,0.7127276,16.43725,4.916899,1.593152,0.6999042,1.591514,0.7113796,16.12719,4.724111,1.592401,0.6839646,1.586952,0.7090132,15.70889,4.466396,1.597124,0.6625221,1.580094,0.7053805,15.18926,4.153393,1.616991,0.6365737,1.570552,0.7000333,14.58027,3.797584,1.670307,0.6082522,1.558531,0.6922398,13.9124,3.415295,1.790605,0.5816076,1.546707,0.6808418,13.26969,3.027014,2.03248,0.5630755,1.545177,0.6640188,12.84631,2.65423,2.480961,0.5609915,1.58163,0.6389141
850,16.47366,5.030659,1.591086,0.713489,1.591086,0.7134891,16.40835,4.99032,1.590574,0.7101509,1.590213,0.7130493,16.21773,4.871791,1.589172,0.7003597,1.587585,0.7117012,15.91248,4.681255,1.588357,0.6845831,1.583043,0.7093348,15.5007,4.426539,1.59294,0.6633626,1.576216,0.7057023,14.98912,4.117152,1.612519,0.637688,1.566717,0.7003562,14.38946,3.765416,1.665276,0.609677,1.554751,0.6925652,13.73166,3.38745,1.784547,0.5833534,1.542982,0.6811721,13.09864,3.003476,2.024633,0.5651166,1.541455,0.6643585,12.6825,2.634701,2.470113,0.5632643,1.577729,0.6392701
855,16.26147,4.985773,1.587284,0.7138013,1.587284,0.7138014,16.19714,4.945893,1.586764,0.7104956,1.586415,0.7133616,16.00936,4.828709,1.585335,0.7008,1.583797,0.7120134,15.7087,4.640331,1.584461,0.6851793,1.579274,0.7096469,15.30312,4.388485,1.588914,0.6641714,1.572477,0.7060148,14.7992,4.08256,1.608222,0.6387591,1.56302,0.7006696,14.20841,3.734725,1.660449,0.6110456,1.551107,0.692881,13.56019,3.360895,1.778743,0.5850298,1.53939,0.6814928,12.93641,2.981046,2.017122,0.5670762,1.537868,0.6646883,12.52718,2.616111,2.459738,0.5654462,1.573968,0.6396158
860,16.06227,4.942885,1.583798,0.7141043,1.583798,0.7141044,15.99886,4.903444,1.583271,0.7108295,1.582932,0.7136645,15.81377,4.78755,1.58182,0.7012255,1.580324,0.7123162,15.51746,4.601238,1.580894,0.6857541,1.57582,0.7099498,15.11775,4.35214,1.58523,0.6649497,1.56905,0.7063179,14.62109,4.049531,1.604291,0.6397885,1.559632,0.7009737,14.0387,3.70543,1.656034,0.6123601,1.54777,0.6931874,13.39955,3.335563,1.773428,0.5866394,1.536103,0.6818039,12.78452,2.959664,2.010232,0.5689574,1.534588,0.6650083,12.38186,2.598409,2.450202,0.5675407,1.570534,0.6399513
865,15.8776,4.901894,1.580796,0.7143981,1.580796,0.7143982,15.81504,4.862874,1.580265,0.711153,1.579933,0.7139583,15.6325,4.748214,1.578797,0.7016365,1.577335,0.7126099,15.34028,4.563881,1.577829,0.6863079,1.572847,0.7102434,14.9461,4.317416,1.582067,0.6656984,1.566102,0.7066118,14.45627,4.017984,1.600914,0.6407778,1.556721,0.7012686,13.88179,3.67746,1.652229,0.6136226,1.544906,0.6934845,13.25118,3.311387,1.768827,0.5881846,1.533288,0.6821057,12.6444,2.939273,2.004236,0.5707631,1.531786,0.6653187,12.24799,2.581544,2.441863,0.5695509,1.567609,0.6402768
870,15.70889,4.862704,1.578444,0.7146828,1.578444,0.7146829,15.64714,4.824087,1.57791,0.7114661,1.577584,0.714243,15.46697,4.71061,1.576432,0.7020334,1.574994,0.7128945,15.17859,4.528173,1.575435,0.6868415,1.57052,0.7105281,14.7896,4.284231,1.579596,0.6664186,1.563798,0.7068967,14.30616,3.987841,1.598269,0.6417282,1.55445,0.7015544,13.73908,3.650745,1.649229,0.6148348,1.542677,0.6937725,13.11645,3.288308,1.76516,0.5896679,1.531106,0.6823981,12.51739,2.91982,1.999397,0.5724961,1.529627,0.6656196,12.12693,2.565471,2.435064,0.5714802,1.56537,0.6405924
875,15.55751,4.825226,1.576903,0.7149587,1.576903,0.7149588,15.49652,4.786995,1.576369,0.711769,1.576044,0.7145188,15.31856,4.674652,1.574888,0.7024166,1.573461,0.7131703,15.03375,4.494032,1.573877,0.6873555,1.569,0.7108038,14.64958,4.252507,1.577988,0.6671111,1.562297,0.7071727,14.1721,3.959033,1.596534,0.6426413,1.552976,0.7018313,13.61188,3.625221,1.647224,0.6159986,1.541242,0.6940516,12.99665,3.266269,1.76264,0.5910916,1.529716,0.6826815,12.40478,2.901256,1.995974,0.5741592,1.528272,0.6659111,12.01998,2.550147,2.43014,0.5733314,1.56399,0.6408982
880,15.42478,4.789375,1.576328,0.7152258,1.576328,0.7152259,15.36448,4.751515,1.575797,0.7120621,1.575472,0.7147859,15.18857,4.640259,1.574323,0.7027863,1.572894,0.7134372,14.90706,4.46138,1.573315,0.6878504,1.568442,0.7110707,14.52735,4.222172,1.577406,0.6677768,1.561755,0.7074399,14.05536,3.931494,1.595879,0.6435183,1.552457,0.7020994,13.50146,3.600829,1.646396,0.6171157,1.540755,0.6943217,12.89303,3.245216,1.761474,0.5924577,1.529273,0.6829559,12.30779,2.883534,1.994216,0.5757549,1.52788,0.6661934,11.92837,2.535532,2.427416,0.5751075,1.56364,0.6411943
885,15.31195,4.755075,1.576876,0.7154843,1.576876,0.7154844,15.25229,4.717569,1.576351,0.7123453,1.576021,0.7150443,15.07825,4.607355,1.574894,0.7031429,1.573447,0.7136956,14.79977,4.430146,1.573907,0.6883267,1.569001,0.7113291,14.42414,4.193159,1.578012,0.6684167,1.562324,0.7076985,13.95717,3.90516,1.596473,0.6443603,1.553044,0.7023588,13.40904,3.577512,1.646928,0.6181878,1.541369,0.6945831,12.8068,3.225101,1.761865,0.5937684,1.529929,0.6832214,12.22761,2.866613,1.994369,0.5772856,1.528605,0.6664666,11.85332,2.52159,2.427213,0.5768113,1.564484,0.641481
890,15.22025,4.72225,1.578698,0.7157343,1.578698,0.7157344,15.16116,4.685085,1.578183,0.7126191,1.577843,0.7152943,14.98882,4.575869,1.576755,0.7034868,1.57527,0.7139455,14.71309,4.400261,1.57581,0.6887851,1.570828,0.711579,14.34117,4.165404,1.579966,0.6690315,1.564157,0.7079487,13.87874,3.879974,1.598482,0.6451687,1.554887,0.7026098,13.33581,3.555219,1.648996,0.6192165,1.543232,0.694836,12.73911,3.205877,1.764015,0.5950257,1.531833,0.6834783,12.16541,2.85045,1.996673,0.5787538,1.530601,0.6667309,11.79598,2.508286,2.429842,0.5784453,1.566689,0.6417584
895,15.15075,4.690831,1.581933,0.715976,1.581933,0.7159761,15.09217,4.653992,1.581433,0.7128834,1.581078,0.7155359,14.92135,4.545734,1.580046,0.7038182,1.578505,0.7141871,14.64809,4.371661,1.579166,0.6892261,1.574062,0.7118205,14.2795,4.138846,1.583413,0.6696221,1.567392,0.7081905,13.82112,3.85588,1.602057,0.6459445,1.558125,0.7028523,13.28279,3.533899,1.652763,0.6202032,1.546484,0.6950805,12.691,3.187499,1.768105,0.5962315,1.535125,0.6837266,12.12218,2.835009,2.00135,0.5801616,1.534009,0.6669865,11.7574,2.495586,2.435591,0.5800121,1.570404,0.6420266
900,15.10258,4.66073,1.586567,0.7162098,1.586567,0.7162098,15.04446,4.624204,1.586085,0.7131389,1.585711,0.7157697,14.87499,4.516866,1.584751,0.7041378,1.583135,0.7144208,14.60393,4.344266,1.583959,0.6896505,1.578688,0.7120542,14.2383,4.113411,1.588337,0.6701899,1.572014,0.7084243,13.78352,3.832809,1.607179,0.6466897,1.562744,0.703087,13.24924,3.51349,1.658206,0.6211505,1.551108,0.6953169,12.66174,3.169915,1.774109,0.5973887,1.539789,0.6839668,12.09725,2.820243,2.008362,0.5815127,1.538813,0.6672337,11.73689,2.483451,2.444411,0.5815156,1.575616,0.6422861
