# rod L60 D20 on glass n=1.52, 1 nm gap; axis along x; faces=1550; dipole height 10.97 nm
lambda_nm,tot_x_g5,rad_x_g5,tot0_x_g5,rad0_x_g5,tot_y_g5,rad_y_g5,tot0_y_g5,rad0_y_g5,tot_z_g5,rad_z_g5,tot0_z_g5,rad0_z_g5,tot_x_g10,rad_x_g10,tot0_x_g10,rad0_x_g10,tot_y_g10,rad_y_g10,tot0_y_g10,rad0_y_g10,tot_z_g10,rad_z_g10,tot0_z_g10,rad0_z_g10,tot_x_g20,rad_x_g20,tot0_x_g20,rad0_x_g20,tot_y_g20,rad_y_g20,tot0_y_g20,rad0_y_g20,tot_z_g20,rad_z_g20,tot0_z_g20,rad0_z_g20
500,821.394,2.669909,1.245682,1.245682,235.28,0.6214255,1.245682,1.245682,232.645,1.055518,2.144698,2.144698,91.742,1.500301,1.245682,1.245682,17.79631,0.9365675,1.245682,1.245682,19.14279,1.555227,2.144698,2.144698,8.127565,1.213303,1.245682,1.245682,1.876066,1.14888,1.245682,1.245682,2.999249,1.910239,2.144698,2.144698
505,860.529,2.592201,1.246751,1.246751,243.3376,0.5832797,1.246751,1.246751,241.0375,0.9891327,2.146626,2.146626,97.63916,1.442904,1.246751,1.246751,18.56794,0.9156287,1.246751,1.246751,20.05256,1.514271,2.146626,2.146626,8.588322,1.186548,1.246751,1.246751,1.909076,1.143226,1.246751,1.246751,3.063454,1.895066,2.146626,2.146626
510,879.0695,2.507443,1.247802,1.247802,243.1563,0.5353947,1.247802,1.247802,241.4342,0.9040789,2.14852,2.14852,102.3009,1.381781,1.247802,1.247802,18.76972,0.8905599,1.247802,1.247802,20.39975,1.464285,2.14852,2.14852,9.023108,1.157321,1.247802,1.247802,1.918262,1.136622,1.247802,1.247802,3.093204,1.877081,2.14852,2.14852
515,870.8345,2.405415,1.248836,1.248836,233.148,0.4839816,1.248836,1.248836,232.1329,0.8104123,2.150382,2.150382,104.8444,1.31541,1.248836,1.248836,18.22768,0.8649983,1.248836,1.248836,19.97171,1.411776,2.150382,2.150382,9.369281,1.125824,1.248836,1.248836,1.895772,1.130198,1.248836,1.248836,3.072849,1.85885,2.150382,2.150382
520,836.8215,2.284528,1.249853,1.249853,214.8487,0.4381224,1.249853,1.249853,214.462,0.7242112,2.152211,2.152211,104.7773,1.243465,1.249853,1.249853,17.00079,0.8436956,1.249853,1.249853,18.78774,1.366013,2.152211,2.152211,9.568432,1.092227,1.249853,1.249853,1.843728,1.125293,1.249853,1.249853,3.001186,1.843688,2.152211,2.152211
525,785.2212,2.160662,1.250853,1.250853,192.6458,0.4054277,1.250853,1.250853,192.655,0.6602048,2.15401,2.15401,102.2102,1.169425,1.250853,1.250853,15.39927,0.8301733,1.250853,1.250853,17.1507,1.334653,2.15401,2.15401,9.589188,1.057187,1.250853,1.250853,1.775711,1.122788,1.250853,1.250853,2.89769,1.834077,2.15401,2.15401
530,725.5405,2.053774,1.251838,1.251838,170.565,0.3867618,1.251838,1.251838,170.7503,0.6213711,2.155777,2.155777,97.77969,1.096474,1.251838,1.251838,13.74906,0.8242248,1.251838,1.251838,15.41415,1.318303,2.155777,2.155777,9.449957,1.02053,1.251838,1.251838,1.705776,1.122468,1.251838,1.251838,2.78504,1.829962,2.155777,2.155777
535,665.1971,1.982522,1.252806,1.252806,150.6707,0.3790395,1.252806,1.252806,150.901,0.6029477,2.157515,2.157515,92.40728,1.027782,1.252806,1.252806,12.23553,0.8237779,1.252806,1.252806,13.79747,1.313489,2.157515,2.157515,9.216595,0.9819961,1.252806,1.252806,1.642028,1.123647,1.252806,1.252806,2.679187,1.829928,2.157515,2.157515
540,609.5666,1.965409,1.253759,1.253759,133.5644,0.3785707,1.253759,1.253759,133.7838,0.5984992,2.159224,2.159224,87.08333,0.967453,1.253759,1.253759,10.92346,0.8266934,1.253759,1.253759,12.38827,1.316189,2.159224,2.159224,8.977917,0.9418004,1.253759,1.253759,1.587219,1.12568,1.253759,1.253759,2.587571,1.832462,2.159224,2.159224
545,561.4202,2.018534,1.254697,1.254697,118.9984,0.38224,1.254697,1.254697,119.1957,0.60232,2.160905,2.160905,82.51865,0.9192534,1.254697,1.254697,9.803891,0.8313026,1.254697,1.254697,11.18846,1.323006,2.160905,2.160905,8.80413,0.9001705,1.254697,1.254697,1.541054,1.128095,1.254697,1.254697,2.512239,1.836279,2.160905,2.160905
550,520.8865,2.153848,1.255621,1.255621,106.3534,0.3877986,1.255621,1.255621,106.5372,0.6101976,2.162558,2.162558,78.96712,0.8852622,1.255621,1.255621,8.833795,0.8364605,1.255621,1.255621,10.15558,1.33152,2.162558,2.162558,8.722696,0.8567314,1.255621,1.255621,1.501339,1.130569,1.255621,1.255621,2.44969,1.840493,2.162558,2.162558
555,487.001,2.387531,1.25653,1.25653,95.07888,0.3940737,1.25653,1.25653,95.26358,0.6198768,2.164184,2.164184,76.4163,0.8681133,1.25653,1.25653,7.972175,0.8416285,1.25653,1.25653,9.246482,1.340518,2.164184,2.164184,8.735333,0.8109048,1.25653,1.25653,1.466226,1.132965,1.25653,1.25653,2.39689,1.84465,2.164184,2.164184
560,459.6917,2.75602,1.257425,1.257425,84.96996,0.4008108,1.257425,1.257425,85.16913,0.6308623,2.165785,2.165785,74.94161,0.8761608,1.257425,1.257425,7.202578,0.8467545,1.257425,1.257425,8.444134,1.34989,2.165785,2.165785,8.85581,0.763159,1.257425,1.257425,1.434993,1.135283,1.257425,1.257425,2.353005,1.848717,2.165785,2.165785
565,439.2359,3.313176,1.258306,1.258306,75.90894,0.4078882,1.258306,1.258306,76.13601,0.6429496,2.167359,2.167359,74.6738,0.9222118,1.258306,1.258306,6.515387,0.8518399,1.258306,1.258306,7.739907,1.359668,2.167359,2.167359,9.105537,0.7145158,1.258306,1.258306,1.407436,1.13754,1.258306,1.258306,2.318737,1.8527,2.167359,2.167359
570,426.2628,4.138521,1.259174,1.259174,67.81744,0.4152146,1.259174,1.259174,68.08585,0.656102,2.168908,2.168908,75.82142,1.025574,1.259174,1.259174,5.90386,0.856878,1.259174,1.259174,7.128034,1.370022,2.168908,2.168908,9.516639,0.6667546,1.259174,1.259174,1.383062,1.139736,1.259174,1.259174,2.293662,1.856674,2.168908,2.168908
575,421.9016,5.351002,1.260029,1.260029,60.64391,0.4227217,1.260029,1.260029,60.9686,0.6704072,2.170434,2.170434,78.71482,1.215818,1.260029,1.260029,5.363508,0.8618669,1.260029,1.260029,6.606964,1.381216,2.170434,2.170434,10.13895,0.6230126,1.260029,1.260029,1.361678,1.141878,1.260029,1.260029,2.278827,1.860733,2.170434,2.170434
580,428.0396,7.132902,1.260871,1.260871,54.35416,0.4303542,1.260871,1.260871,54.75333,0.6861322,2.171935,2.171935,83.87974,1.539356,1.260871,1.260871,4.891223,0.8668035,1.260871,1.260871,6.178622,1.393695,2.171935,2.171935,11.05088,0.5888378,1.260871,1.260871,1.343145,1.143971,1.260871,1.260871,2.276166,1.865044,2.171935,2.171935
585,447.6798,9.767359,1.2617,1.2617,48.92079,0.4380634,1.2617,1.2617,49.41879,0.7037929,2.173413,2.173413,92.13844,2.07007,1.2617,1.2617,4.484605,0.8716858,1.2617,1.2617,5.8492,1.408184,2.173413,2.173413,12.37477,0.5740662,1.2617,1.2617,1.327556,1.146023,1.2617,1.2617,2.28962,1.869877,2.173413,2.173413
590,484.8136,13.68252,1.262517,1.262517,44.26674,0.4457222,1.262517,1.262517,44.89658,0.7241323,2.174868,2.174868,104.6069,2.921611,1.262517,1.262517,4.137394,0.876457,1.262517,1.262517,5.622966,1.425758,2.174868,2.174868,14.27797,0.5948838,1.262517,1.262517,1.31444,1.148015,1.262517,1.262517,2.322578,1.87568,2.174868,2.174868
595,544.8003,19.52722,1.263323,1.263323,40.27433,0.4531804,1.263323,1.263323,41.08176,0.7483777,2.176301,2.176301,122.7924,4.269073,1.263323,1.263323,3.840514,0.8810489,1.263323,1.263323,5.505746,1.448096,2.176301,2.176301,16.98779,0.6777955,1.263323,1.263323,1.30339,1.149931,1.263323,1.263323,2.380604,1.883156,2.176301,2.176301
600,635.5971,28.31218,1.264116,1.264116,36.83135,0.4603343,1.264116,1.264116,37.88066,0.7787401,2.177712,2.177712,148.9005,6.390487,1.264116,1.264116,3.585334,0.8854168,1.264116,1.264116,5.510894,1.478013,2.177712,2.177712,20.83725,0.8676983,1.264116,1.264116,1.294022,1.151761,1.264116,1.264116,2.472176,1.893531,2.177712,2.177712
605,768.4914,41.58893,1.264898,1.264898,33.8351,0.4671182,1.264898,1.264898,35.21707,0.8188887,2.179102,2.179102,186.0351,9.721912,1.264898,1.264898,3.36413,0.8895383,1.264898,1.264898,5.662342,1.520039,2.179102,2.179102,26.29775,1.239838,1.264898,1.264898,1.286179,1.153503,1.264898,1.264898,2.610317,1.908847,2.179102,2.179102
610,958.1889,61.653,1.265669,1.265669,31.19311,0.4734887,1.265669,1.265669,33.03214,0.8745294,2.180471,2.180471,238.2351,14.92548,1.265669,1.265669,3.169728,0.8933954,1.265669,1.265669,5.993027,1.581145,2.180471,2.180471,33.99168,1.917103,1.265669,1.265669,1.279373,1.155151,1.265669,1.265669,2.81071,1.932428,2.180471,2.180471
615,1219.028,91.47634,1.266429,1.266429,28.82288,0.479423,1.266429,1.266429,31.27679,0.9534702,2.18182,2.18182,309.4801,22.89403,1.266429,1.266429,2.995877,0.896983,1.266429,1.266429,6.536766,1.670814,2.18182,2.18182,44.55717,3.082858,1.266429,1.266429,1.273331,1.156706,1.266429,1.266429,3.090097,1.969104,2.18182,2.18182
620,1551.589,133.617,1.267178,1.267178,26.65318,0.484914,1.267178,1.267178,29.88279,1.063335,2.183149,2.183149,400.1228,34.48249,1.267178,1.267178,2.837196,0.9003032,1.267178,1.267178,7.291737,1.798292,2.183149,2.183149,58.13463,4.953815,1.267178,1.267178,1.267821,1.158169,1.267178,1.267178,3.451471,2.024349,2.183149,2.183149
625,1911.835,186.4163,1.267916,1.267916,24.65102,0.4899989,1.267916,1.267916,28.72123,1.202773,2.184458,2.184458,498.5905,49.47487,1.267916,1.267916,2.69128,0.9033837,1.267916,1.267916,8.140153,1.96193,2.184458,2.184458,73.13648,7.61986,1.267916,1.267916,1.262916,1.159552,1.267916,1.267916,3.851672,2.099794,2.184458,2.184458
630,2176.829,237.5713,1.268644,1.268644,22.80954,0.4947307,1.268644,1.268644,27.5104,1.344626,2.185749,2.185749,572.048,64.68632,1.268644,1.268644,2.557407,0.9062542,1.268644,1.268644,8.749525,2.128852,2.185749,2.185749,84.78373,10.66978,1.268644,1.268644,1.258428,1.160862,1.268644,1.268644,4.159202,2.183252,2.185749,2.185749
635,2197.515,265.721,1.269362,1.269362,21.12525,0.4991562,1.269362,1.269362,25.91095,1.436331,2.187021,2.187021,580.2515,74.06787,1.269362,1.269362,2.435243,0.9089432,1.269362,1.269362,8.713019,2.235468,2.187021,2.187021,86.98336,13.03622,1.269362,1.269362,1.254347,1.162108,1.269362,1.269362,4.208506,2.245636,2.187021,2.187021
640,1959.897,260.1618,1.270071,1.270071,19.59701,0.5033158,1.270071,1.270071,23.88558,1.446509,2.188275,2.188275,518.8478,74.09878,1.270071,1.270071,2.324641,0.9114748,1.270071,1.270071,7.985369,2.243784,2.188275,2.188275,78.76201,13.85098,1.270071,1.270071,1.250672,1.163298,1.270071,1.270071,3.974544,2.264918,2.188275,2.188275
645,1603.34,231.6021,1.270769,1.270769,18.22569,0.5072458,1.270769,1.270769,21.74487,1.396257,2.189511,2.189511,424.8529,67.28931,1.270769,1.270769,2.225733,0.9138726,1.270769,1.270769,6.940505,2.179251,2.189511,2.189511,65.38939,13.29369,1.270769,1.270769,1.247575,1.164443,1.270769,1.270769,3.603129,2.247792,2.189511,2.189511
650,1260.973,196.5066,1.271458,1.271458,17.01355,0.5109747,1.271458,1.271458,19.78842,1.324618,2.190729,2.190729,334.0378,58.15473,1.271458,1.271458,2.13852,0.9161511,1.271458,1.271458,5.938045,2.089042,2.190729,2.190729,52.18744,12.08699,1.271458,1.271458,1.244905,1.165543,1.271458,1.271458,3.238059,2.214425,2.190729,2.190729
655,986.0379,164.3051,1.272138,1.272138,15.96409,0.5145286,1.272138,1.272138,18.14044,1.255928,2.191931,2.191931,260.8951,49.46646,1.272138,1.272138,2.063217,0.9183257,1.272138,1.272138,5.124838,2.002555,2.191931,2.191931,41.41522,10.77086,1.272138,1.272138,1.242674,1.166605,1.272138,1.272138,2.940442,2.179221,2.191931,2.191931
660,780.7092,137.7904,1.272808,1.272808,15.08171,0.5179305,1.272808,1.272808,16.81138,1.198559,2.193116,2.193116,206.1734,42.15477,1.272808,1.272808,2.000108,0.9204097,1.272808,1.272808,4.509107,1.929895,2.193116,2.193116,33.27551,9.579775,1.272808,1.272808,1.240897,1.167632,1.272808,1.272808,2.715443,2.148123,2.193116,2.193116
665,631.0955,116.8156,1.27347,1.27347,14.36468,0.5211988,1.27347,1.27347,15.76963,1.153242,2.194284,2.194284,166.2436,36.27958,1.27347,1.27347,1.949154,0.9224157,1.27347,1.27347,4.055144,1.871929,2.194284,2.194284,27.28467,8.575427,1.27347,1.27347,1.239726,1.16863,1.27347,1.27347,2.55054,2.122503,2.194284,2.194284
670,522.0173,100.4164,1.274122,1.274122,13.79214,0.5243378,1.274122,1.274122,14.96054,1.118234,2.195436,2.195436,137.0937,31.62982,1.274122,1.274122,1.908699,0.9243451,1.274122,1.274122,3.720172,1.826553,2.195436,2.195436,22.87652,7.751941,1.274122,1.274122,1.238945,1.1696,1.274122,1.274122,2.429169,2.101971,2.195436,2.195436
675,441.5454,87.5565,1.274767,1.274767,13.34154,0.5273521,1.274767,1.274767,14.3354,1.091351,2.196573,2.196573,115.5577,27.9469,1.274767,1.274767,1.877081,0.9262009,1.274767,1.274767,3.47069,1.791122,2.196573,2.196573,19.59529,7.081256,1.274767,1.274767,1.238484,1.17054,1.274767,1.274767,2.338787,2.085647,2.196573,2.196573
680,381.1728,77.37032,1.275402,1.275402,12.99214,0.5302465,1.275402,1.275402,13.85484,1.070665,2.197694,2.197694,99.3731,25.00464,1.275402,1.275402,1.852779,0.9279864,1.275402,1.275402,3.2824,1.763304,2.197694,2.197694,17.11145,6.533013,1.275402,1.275402,1.238276,1.171454,1.275402,1.275402,2.270323,2.072645,2.197694,2.197694
685,335.0653,69.20413,1.27603,1.27603,12.72489,0.5330275,1.27603,1.27603,13.48743,1.054698,2.1988,2.1988,86.98835,22.62811,1.27603,1.27603,1.834507,0.9297074,1.27603,1.27603,3.138947,1.741305,2.1988,2.1988,15.19756,6.081467,1.27603,1.27603,1.23841,1.172344,1.27603,1.27603,2.218234,2.062243,2.1988,2.1988
690,299.1409,62.56576,1.276649,1.276649,12.52205,0.5356985,1.276649,1.276649,13.20621,1.042282,2.199892,2.199892,77.31708,20.68332,1.276649,1.276649,1.820864,0.9313645,1.276649,1.276649,3.027388,1.723711,2.199892,2.199892,13.69281,5.705677,1.276649,1.276649,1.238688,1.17321,1.276649,1.276649,2.177324,2.053846,2.199892,2.199892
695,270.6032,57.10011,1.277261,1.277261,12.36722,0.5382644,1.277261,1.277261,12.98878,1.032583,2.200969,2.200969,69.61685,19.07245,1.277261,1.277261,1.810654,0.9329606,1.277261,1.277261,2.939053,1.709508,2.200969,2.200969,12.48704,5.389776,1.277261,1.277261,1.239059,1.174052,1.277261,1.277261,2.144534,2.047017,2.200969,2.200969
700,247.4831,52.54603,1.277864,1.277864,12.24512,0.5407299,1.277864,1.277864,12.81574,1.024979,2.202032,2.202032,63.36619,17.72293,1.277864,1.277864,1.802768,0.9344987,1.277864,1.277864,2.867582,1.697942,2.202032,2.202032,11.50261,5.121627,1.277864,1.277864,1.239476,1.174871,1.277864,1.277864,2.117697,2.041423,2.202032,2.202032
705,228.388,48.71194,1.27846,1.27846,12.14156,0.5431014,1.27846,1.27846,12.67024,1.019012,2.20308,2.20308,58.19817,16.58106,1.27846,1.27846,1.796279,0.9359846,1.27846,1.27846,2.808788,1.688455,2.20308,2.20308,10.68481,4.891974,1.27846,1.27846,1.240032,1.175672,1.27846,1.27846,2.095946,2.036825,2.20308,2.20308
710,212.3065,45.44849,1.279049,1.279049,12.04612,0.5453817,1.279049,1.279049,12.53952,1.014328,2.204116,2.204116,53.84528,15.60468,1.279049,1.279049,1.790332,0.9374179,1.279049,1.279049,2.758673,1.680614,2.204116,2.204116,9.993422,4.693506,1.279049,1.279049,1.240562,1.176452,1.279049,1.279049,2.077462,2.033013,2.204116,2.204116
715,198.6113,42.64229,1.27963,1.27963,11.95772,0.5475766,1.27963,1.27963,12.42109,1.010658,2.205137,2.205137,50.13816,14.7615,1.27963,1.27963,1.78485,0.938802,1.27963,1.27963,2.715452,1.674086,2.205137,2.205137,9.402515,4.520434,1.27963,1.27963,1.241062,1.177213,1.27963,1.27963,2.061541,2.029835,2.205137,2.205137
720,186.8485,40.20677,1.280204,1.280204,11.87692,0.5496917,1.280204,1.280204,12.31447,1.007795,2.206146,2.206146,46.95327,14.02676,1.280204,1.280204,1.77987,0.94014,1.280204,1.280204,2.677917,1.668617,2.206146,2.206146,8.89303,4.368257,1.280204,1.280204,1.241535,1.177955,1.280204,1.280204,2.047676,2.027171,2.206146,2.206146
725,176.6823,38.07666,1.280771,1.280771,11.80428,0.5517324,1.280771,1.280771,12.21972,1.005584,2.207142,2.207142,44.19972,13.38174,1.280771,1.280771,1.775535,0.9414353,1.280771,1.280771,2.645692,1.664006,2.207142,2.207142,8.451352,4.233587,1.280771,1.280771,1.242113,1.178681,1.280771,1.280771,2.036094,2.024935,2.207142,2.207142
730,167.8318,36.19837,1.28133,1.28133,11.74029,0.5537031,1.28133,1.28133,12.1364,1.0039,2.208125,2.208125,41.80024,12.81094,1.28133,1.28133,1.771782,0.9426902,1.28133,1.28133,2.617526,1.660105,2.208125,2.208125,8.065024,4.11349,1.28133,1.28133,1.242672,1.17939,1.28133,1.28133,2.025873,2.02305,2.208125,2.208125
735,160.0867,34.53085,1.281883,1.281883,11.68546,0.5556082,1.281883,1.281883,12.06453,1.002646,2.209096,2.209096,39.69734,12.3025,1.281883,1.281883,1.768648,0.9439069,1.281883,1.281883,2.592878,1.656791,2.209096,2.209096,7.725094,4.005736,1.281883,1.281883,1.243212,1.180084,1.281883,1.281883,2.016778,2.021457,2.209096,2.209096
740,153.2801,33.04127,1.282429,1.282429,11.64028,0.5574518,1.282429,1.282429,12.00423,1.001748,2.210055,2.210055,37.84533,11.84686,1.282429,1.282429,1.766169,0.9450879,1.282429,1.282429,2.571324,1.653971,2.210055,2.210055,7.424427,3.908523,1.282429,1.282429,1.243737,1.180763,1.282429,1.282429,2.008621,2.020111,2.210055,2.210055
745,147.2868,31.70403,1.282969,1.282969,11.60531,0.5592386,1.282969,1.282969,11.95598,1.001153,2.211001,2.211001,36.21011,11.43658,1.282969,1.282969,1.764479,0.946237,1.282969,1.282969,2.553029,1.651577,2.211001,2.211001,7.157954,3.820439,1.282969,1.282969,1.244371,1.181429,1.282969,1.282969,2.001825,2.018981,2.211001,2.211001
750,141.9897,30.49647,1.283502,1.283502,11.58098,0.5609712,1.283502,1.283502,11.9197,1.000801,2.211936,2.211936,34.75917,11.06503,1.283502,1.283502,1.763517,0.9473543,1.283502,1.283502,2.537225,1.649534,2.211936,2.211936,6.920297,3.740196,1.283502,1.283502,1.244996,1.182082,1.283502,1.283502,1.995695,2.018028,2.211936,2.211936
755,137.3007,29.40082,1.284029,1.284029,11.56777,0.5626526,1.284029,1.284029,11.89568,1.000654,2.21286,2.21286,33.46818,10.72699,1.284029,1.284029,1.763318,0.9484418,1.284029,1.284029,2.523706,1.64779,2.21286,2.21286,6.707626,3.666784,1.284029,1.284029,1.245614,1.182722,1.284029,1.284029,1.990133,2.017229,2.21286,2.21286
760,133.1453,28.40237,1.284549,1.284549,11.56592,0.5642858,1.284549,1.284549,11.88396,1.000678,2.213772,2.213772,32.31669,10.41814,1.284549,1.284549,1.763899,0.9495008,1.284549,1.284549,2.512283,1.646302,2.213772,2.213772,6.516717,3.599361,1.284549,1.284549,1.246225,1.183349,1.284549,1.284549,1.985056,2.016561,2.213772,2.213772
765,129.4529,27.4897,1.285064,1.285064,11.57395,0.5658744,1.285064,1.285064,11.88316,1.000855,2.214673,2.214673,31.28663,10.13512,1.285064,1.285064,1.765241,0.950535,1.285064,1.285064,2.503101,1.645048,2.214673,2.214673,6.34504,3.537268,1.285064,1.285064,1.246942,1.183967,1.285064,1.285064,1.980913,2.016014,2.214673,2.214673
770,126.1454,26.65204,1.285572,1.285572,11.5896,0.5674192,1.285572,1.285572,11.89065,1.001154,2.215563,2.215563,30.35781,9.874754,1.285572,1.285572,1.767096,0.9515434,1.285572,1.285572,2.495362,1.643986,2.215563,2.215563,6.189315,3.47988,1.285572,1.285572,1.247644,1.184573,1.285572,1.285572,1.977086,2.015566,2.215563,2.215563
775,123.1621,25.88079,1.286075,1.286075,11.61072,0.5689222,1.286075,1.286075,11.90421,1.001555,2.216443,2.216443,29.51495,9.634493,1.286075,1.286075,1.769308,0.9525271,1.286075,1.286075,2.48876,1.64309,2.216443,2.216443,6.047234,3.426693,1.286075,1.286075,1.248324,1.185167,1.286075,1.286075,1.973508,2.015206,2.216443,2.216443
780,120.451,25.16859,1.286571,1.286571,11.63526,0.5703852,1.286571,1.286571,11.9217,1.002043,2.217312,2.217312,28.74502,9.412156,1.286571,1.286571,1.771731,0.9534871,1.286571,1.286571,2.483021,1.64234,2.217312,2.217312,5.916838,3.377273,1.286571,1.286571,1.248976,1.185752,1.286571,1.286571,1.970118,2.014921,2.217312,2.217312
785,117.9718,24.50955,1.287062,1.287062,11.66132,0.5718109,1.287062,1.287062,11.94134,1.00261,2.218171,2.218171,28.0385,9.205988,1.287062,1.287062,1.77431,0.9544261,1.287062,1.287062,2.478309,1.641724,2.218171,2.218171,5.796905,3.331261,1.287062,1.287062,1.249705,1.186327,1.287062,1.287062,1.967368,2.01471,2.218171,2.218171
790,115.6803,23.8977,1.287547,1.287547,11.68693,0.5731999,1.287547,1.287547,11.96093,1.003238,2.219019,2.219019,27.38418,9.01421,1.287547,1.287547,1.776824,0.9553434,1.287547,1.287547,2.473977,1.64122,2.219019,2.219019,5.685549,3.288303,1.287547,1.287547,1.250396,1.186893,1.287547,1.287547,1.964711,2.014557,2.219019,2.219019
795,113.5424,23.32827,1.288027,1.288027,11.71028,0.5745539,1.288027,1.288027,11.9786,1.003918,2.219858,2.219858,26.77377,8.835396,1.288027,1.288027,1.779142,0.9562399,1.288027,1.288027,2.469811,1.640815,2.219858,2.219858,5.581531,3.248112,1.288027,1.288027,1.251044,1.187448,1.288027,1.288027,1.962108,2.014457,2.219858,2.219858
800,111.5279,22.79709,1.288501,1.288501,11.72961,0.5758741,1.288501,1.288501,11.99255,1.004642,2.220687,2.220687,26.20007,8.6683,1.288501,1.288501,1.781136,0.9571163,1.288501,1.288501,2.465614,1.640497,2.220687,2.220687,5.483774,3.210431,1.288501,1.288501,1.251644,1.187995,1.288501,1.288501,1.959523,2.014403,2.220687,2.220687
805,109.6142,22.30088,1.28897,1.28897,11.74324,0.5771638,1.28897,1.28897,12.00129,1.005427,2.221506,2.221506,25.65804,8.511891,1.28897,1.28897,1.78277,0.9579762,1.28897,1.28897,2.461603,1.640293,2.221506,2.221506,5.391757,3.175071,1.28897,1.28897,1.252295,1.188534,1.28897,1.28897,1.957392,2.014402,2.221506,2.221506
810,107.7732,21.83605,1.289434,1.289434,11.74951,0.5784224,1.289434,1.289434,12.00292,1.00624,2.222316,2.222316,25.14084,8.365131,1.289434,1.289434,1.783843,0.9588176,1.289434,1.289434,2.457201,1.640155,2.222316,2.222316,5.304246,3.141796,1.289434,1.289434,1.252889,1.189065,1.289434,1.289434,1.955224,2.014437,2.222316,2.222316
815,105.9838,21.39976,1.289892,1.289892,11.7468,0.5796514,1.289892,1.289892,11.99581,1.007077,2.223117,2.223117,24.64358,8.227168,1.289892,1.289892,1.784242,0.9596412,1.289892,1.289892,2.452247,1.640074,2.223117,2.223117,5.220519,3.110428,1.289892,1.289892,1.253422,1.189587,1.289892,1.289892,1.952993,2.014504,2.223117,2.223117
820,104.2268,20.98951,1.290345,1.290345,11.73357,0.5808517,1.290345,1.290345,11.97843,1.007932,2.223908,2.223908,24.1619,8.097241,1.290345,1.290345,1.783855,0.9604476,1.290345,1.290345,2.446589,1.640045,2.223908,2.223908,5.13994,3.08081,1.290345,1.290345,1.253888,1.190101,1.290345,1.290345,1.950676,2.014601,2.223908,2.223908
825,102.4905,20.60333,1.290794,1.290794,11.70871,0.5820245,1.290794,1.290794,11.9498,1.008791,2.224691,2.224691,23.69363,7.974789,1.290794,1.290794,1.782679,0.9612376,1.290794,1.290794,2.440474,1.640042,2.224691,2.224691,5.062346,3.052796,1.290794,1.290794,1.254383,1.190608,1.290794,1.290794,1.948707,2.014721,2.224691,2.224691
830,100.7773,20.23914,1.291237,1.291237,11.6736,0.5831702,1.291237,1.291237,11.91112,1.009661,2.225464,2.225464,23.23816,7.85915,1.291237,1.291237,1.780739,0.9620112,1.291237,1.291237,2.433653,1.640082,2.225464,2.225464,4.987406,3.026277,1.291237,1.291237,1.254814,1.191106,1.291237,1.291237,1.946644,2.014863,2.225464,2.225464
835,99.10101,19.89539,1.291676,1.291676,11.63081,0.5842892,1.291676,1.291676,11.86496,1.010541,2.226229,2.226229,22.79767,7.74985,1.291676,1.291676,1.778221,0.9627688,1.291676,1.291676,2.426333,1.640159,2.226229,2.226229,4.915327,3.001154,1.291676,1.291676,1.25519,1.191597,1.291676,1.291676,1.944505,2.015026,2.226229,2.226229
840,97.47433,19.57063,1.29211,1.29211,11.58284,0.5853815,1.29211,1.29211,11.81379,1.011426,2.226986,2.226986,22.37413,7.646456,1.29211,1.29211,1.775302,0.9635105,1.29211,1.29211,2.418714,1.640269,2.226986,2.226986,4.846285,2.977335,1.29211,1.29211,1.255517,1.19208,1.29211,1.29211,1.942306,2.015207,2.226986,2.226986
845,95.91192,19.26381,1.292539,1.292539,11.53211,0.5864481,1.292539,1.292539,11.76018,1.012314,2.227734,2.227734,21.97028,7.548642,1.292539,1.292539,1.772233,0.9642375,1.292539,1.292539,2.411327,1.640411,2.227734,2.227734,4.780768,2.95475,1.292539,1.292539,1.255898,1.192556,1.292539,1.292539,1.940486,2.015408,2.227734,2.227734
850,94.42166,18.97348,1.292963,1.292963,11.48094,0.5874888,1.292963,1.292963,11.70625,1.013203,2.228474,2.228474,21.58664,7.455975,1.292963,1.292963,1.769104,0.964949,1.292963,1.292963,2.404015,1.640579,2.228474,2.228474,4.718572,2.93331,1.292963,1.292963,1.256248,1.193025,1.292963,1.292963,1.938637,2.015623,2.228474,2.228474
855,93.01368,18.69856,1.293383,1.293383,11.43156,0.5885037,1.293383,1.293383,11.65424,1.014088,2.229206,2.229206,21.22461,7.368122,1.293383,1.293383,1.766079,0.9656452,1.293383,1.293383,2.396955,1.640769,2.229206,2.229206,4.659809,2.912944,1.293383,1.293383,1.256574,1.193486,1.293383,1.293383,1.936775,2.01585,2.229206,2.229206
860,91.69745,18.43806,1.293799,1.293799,11.38616,0.5894932,1.293799,1.293799,11.6063,1.014969,2.229929,2.229929,20.88545,7.28478,1.293799,1.293799,1.763313,0.9663263,1.293799,1.293799,2.390317,1.640979,2.229929,2.229929,4.604573,2.893588,1.293799,1.293799,1.256881,1.193941,1.293799,1.293799,1.934913,2.016088,2.229929,2.229929
865,90.48434,18.19123,1.29421,1.29421,11.34691,0.5904583,1.29421,1.29421,11.56472,1.015842,2.230645,2.230645,20.5712,7.205718,1.29421,1.29421,1.761031,0.9669934,1.29421,1.29421,2.384584,1.641206,2.230645,2.230645,4.553255,2.87519,1.29421,1.29421,1.257267,1.194389,1.29421,1.29421,1.933462,2.016339,2.230645,2.230645
870,89.38048,17.95705,1.294617,1.294617,11.31584,0.5913987,1.294617,1.294617,11.53137,1.016707,2.231354,2.231354,20.28208,7.13063,1.294617,1.294617,1.759311,0.9676458,1.294617,1.294617,2.379597,1.641448,2.231354,2.231354,4.505634,2.857688,1.294617,1.294617,1.257651,1.19483,1.294617,1.294617,1.932036,2.016597,2.231354,2.231354
875,88.39404,17.73476,1.295019,1.295019,11.29495,0.5923147,1.295019,1.295019,11.50824,1.017562,2.232054,2.232054,20.01913,7.059278,1.295019,1.295019,1.758295,0.9682838,1.295019,1.295019,2.375513,1.641702,2.232054,2.232054,4.461782,2.84103,1.295019,1.295019,1.258037,1.195264,1.295019,1.295019,1.930649,2.016863,2.232054,2.232054
880,87.53292,17.52363,1.295418,1.295418,11.28623,0.5932067,1.295418,1.295418,11.4973,1.018405,2.232748,2.232748,19.78331,6.991444,1.295418,1.295418,1.758127,0.9689075,1.295418,1.295418,2.372484,1.641967,2.232748,2.232748,4.421766,2.82517,1.295418,1.295418,1.258433,1.195691,1.295418,1.295418,1.929312,2.017134,2.232748,2.232748
885,86.80707,17.32318,1.295812,1.295812,11.29166,0.5940756,1.295812,1.295812,11.50063,1.019236,2.233433,2.233433,19.57641,6.926975,1.295812,1.295812,1.759013,0.9695181,1.295812,1.295812,2.370959,1.64224,2.233433,2.233433,4.38594,2.810073,1.295812,1.295812,1.25893,1.196112,1.295812,1.295812,1.928414,2.017414,2.233433,2.233433
890,86.22178,17.13262,1.296202,1.296202,11.31311,0.5949213,1.296202,1.296202,11.51995,1.020052,2.234112,2.234112,19.39852,6.865633,1.296202,1.296202,1.761023,0.9701149,1.296202,1.296202,2.370786,1.642519,2.234112,2.234112,4.354083,2.795688,1.296202,1.296202,1.25945,1.196527,1.296202,1.296202,1.92759,2.017697,2.234112,2.234112
895,85.78367,16.95138,1.296588,1.296588,11.35234,0.595744,1.296588,1.296588,11.55702,1.020854,2.234783,2.234783,19.25041,6.807242,1.296588,1.296588,1.764283,0.9706981,1.296588,1.296588,2.372098,1.642804,2.234783,2.234783,4.326241,2.781978,1.296588,1.296588,1.259999,1.196935,1.296588,1.296588,1.92685,2.017984,2.234783,2.234783
900,85.48671,16.77882,1.29697,1.29697,11.40915,0.5965449,1.29697,1.29697,11.61161,1.021641,2.235448,2.235448,19.13053,6.751598,1.29697,1.29697,1.768777,0.9712683,1.29697,1.29697,2.37487,1.643094,2.235448,2.235448,4.302182,2.768898,1.29697,1.29697,1.260575,1.197337,1.29697,1.29697,1.926188,2.018273,2.235448,2.235448
