# rod L60 D20, end-cap semi-axis c = 0.35 R, faces=1767
lambda_nm,Fp_z_g3,T_z_g3,Fp_x_g3,T_x_g3,Fp_z_g5,T_z_g5,Fp_x_g5,T_x_g5,Fp_z_g10,T_z_g10,Fp_x_g10,T_x_g10,Fp_z_g20,T_z_g20,Fp_x_g20,T_x_g20
450,1912.087,3.620135,913.6972,0.3286693,415.2201,2.661222,190.9451,0.4339975,53.93884,1.578314,18.81414,0.6832117,7.094285,1.09659,1.852196,0.8844157
455,2008.915,3.565994,961.2012,0.3342201,434.9218,2.621985,200.8289,0.4371734,55.98411,1.559963,19.75562,0.6840951,7.264672,1.090952,1.902638,0.8844996
460,2111.036,3.511304,1011.223,0.3406282,455.552,2.582706,211.1772,0.441131,58.07109,1.542086,20.73419,0.6854203,7.431633,1.085739,1.955084,0.8847219
465,2222.534,3.450676,1065.951,0.3480246,477.9662,2.538958,222.5004,0.4456285,60.29543,1.521896,21.80496,0.6868895,7.603179,1.079641,2.012466,0.8849581
470,2348.608,3.378745,1128.199,0.3566828,503.2424,2.486318,235.4574,0.4504745,62.77336,1.496609,23.03954,0.6881988,7.788588,1.071359,2.078637,0.8850753
475,2495.216,3.290847,1201.264,0.3669946,532.6153,2.420869,250.839,0.4554894,65.63737,1.463703,24.52591,0.6890089,7.998342,1.059698,2.158387,0.884923
480,2663.327,3.188972,1286.089,0.3786578,566.4007,2.343656,268.9936,0.4600278,68.96067,1.42316,26.31619,0.6887966,8.242998,1.044374,2.254713,0.8843116
485,2848.467,3.077794,1381.16,0.3906873,603.9189,2.257802,289.8436,0.4628956,72.75406,1.376044,28.43278,0.6867696,8.532783,1.025486,2.369194,0.8829795
490,3040.667,2.959917,1482.648,0.4015463,643.4945,2.165101,312.9582,0.4623153,76.96867,1.322818,30.88082,0.6817843,8.877049,1.002891,2.502716,0.880559
495,3220.177,2.834692,1582.33,0.4086877,681.6557,2.065325,337.1427,0.4555739,81.4407,1.263075,33.61205,0.6721882,9.282292,0.9760948,2.653578,0.876542
500,3353.005,2.696767,1664.938,0.4080903,712.2476,1.955511,359.7667,0.4388707,85.81306,1.195414,36.44623,0.6558667,9.746551,0.9442653,2.813054,0.8703283
505,3399.295,2.538806,1710.215,0.3956014,727.7167,1.832325,376.5483,0.4094021,89.52436,1.11936,38.96951,0.6317711,10.24349,0.9074158,2.958869,0.8617522
510,3329.903,2.357078,1699.486,0.3677235,722.208,1.694779,382.4615,0.3665027,92.02649,1.035588,40.56102,0.600674,10.73246,0.8661196,3.055638,0.8512922
515,3143.914,2.158655,1624.725,0.3236606,694.8108,1.548009,373.6898,0.3133293,92.98602,0.9465477,40.58521,0.5659514,11.16517,0.8213122,3.065382,0.8402248
520,2876.861,1.968094,1496.765,0.2681433,651.0551,1.407657,350.3939,0.2580474,92.35702,0.8582179,38.7898,0.5336276,11.48704,0.7747773,2.971143,0.8305118
525,2586.471,1.825024,1343.769,0.2108538,600.7063,1.299114,317.9615,0.2108095,90.41044,0.7803547,35.62631,0.50973,11.66438,0.7293149,2.797114,0.8239028
530,2313.919,1.758323,1191.65,0.160159,551.4917,1.240651,283.1328,0.176505,87.69063,0.7191062,31.90766,0.4957615,11.72722,0.6860029,2.589867,0.820604
535,2076.453,1.788137,1054.136,0.1197366,507.7573,1.245281,250.3325,0.1546848,84.94616,0.6784977,28.25466,0.4899094,11.76784,0.6450672,2.385539,0.8198397
540,1877.632,1.933994,935.5039,0.08964214,471.6701,1.326085,221.4446,0.1425952,82.92945,0.6628664,24.97309,0.4895235,11.89695,0.6068728,2.202049,0.8206735
545,1713.107,2.215563,834.2223,0.06812174,443.5466,1.496307,196.5878,0.1370701,82.114,0.6764206,22.12945,0.4922332,12.19245,0.5715743,2.043382,0.8223279
550,1574.663,2.653518,746.0957,0.0529767,422.322,1.769598,174.9858,0.1354514,82.61037,0.7227894,19.66159,0.4963145,12.67987,0.5386723,1.906047,0.8242654
555,1455.529,3.283781,667.353,0.04238485,406.8806,2.169658,155.7992,0.1360986,84.39841,0.8088607,17.48238,0.5008746,13.36473,0.507981,1.785082,0.8262279
560,1354.473,4.180668,596.6256,0.03520655,397.4497,2.746334,138.6715,0.1383686,87.68396,0.9518289,15.54871,0.5057213,14.2897,0.4817879,1.678021,0.8281832
565,1271.826,5.457561,533.1365,0.03064664,394.8011,3.57592,123.3859,0.1418555,92.81663,1.178649,13.833,0.5107618,15.52329,0.4642054,1.583279,0.8301238
570,1209.07,7.286614,476.3703,0.02812273,400.2826,4.77454,109.7927,0.1462644,100.3366,1.530987,12.31563,0.5159304,17.16965,0.4620867,1.499728,0.8320448
575,1169.148,9.934684,425.9913,0.02719876,416.0936,6.522669,97.78827,0.1513736,111.0845,2.07459,10.9825,0.5211773,19.38981,0.4870055,1.426551,0.8339426
580,1157.067,13.82383,381.7804,0.0275419,445.7426,9.106537,87.29914,0.1570131,126.3785,2.915389,9.823079,0.5264634,22.43611,0.5588453,1.363136,0.8358141
585,1180.788,19.62966,343.5619,0.02889115,494.722,12.98571,78.26423,0.1630442,148.2737,4.226325,8.828469,0.5317532,26.70308,0.7121785,1.308963,0.8376551
590,1250.781,28.39902,310.8042,0.03099295,570.5692,18.87425,70.54642,0.1692788,179.629,6.279958,7.982216,0.5369602,32.74308,1.004267,1.263081,0.8394428
595,1380.625,41.71947,282.6842,0.03360799,683.2154,27.85835,63.9455,0.1755191,224.2336,9.49747,7.261515,0.5419827,41.29364,1.528307,1.224187,0.8411479
600,1587.17,61.86867,258.4158,0.03654618,844.797,41.50333,58.27094,0.1816224,286.713,14.49995,6.644758,0.5467538,53.26572,2.431678,1.19105,0.8427523
605,1882.835,91.50062,237.278,0.03965959,1064.404,61.64885,53.3491,0.18749,370.5873,22.04905,6.11237,0.5512332,69.38475,3.916975,1.162563,0.8442459
610,2251.067,131.7939,218.6215,0.0428344,1331.389,89.15628,49.0247,0.1930556,472.0694,32.59023,5.646982,0.5553988,89.01473,6.161277,1.137747,0.8456241
615,2603.758,177.9443,201.8657,0.04598401,1586.379,120.8238,45.16011,0.1982766,569.2369,45.05437,5.233328,0.5592414,108.0615,9.049505,1.115745,0.846886
620,2778.609,215.8034,186.5087,0.0490451,1719.404,147.0259,41.63706,0.20313,621.193,55.81949,4.858382,0.5627621,118.7072,11.85791,1.095828,0.8480338
625,2662.279,229.8873,172.32,0.05199504,1653.429,157.1037,38.39861,0.2076372,599.0378,60.62091,4.515599,0.56599,115.2486,13.54995,1.077635,0.8490787
630,2317.813,218.5706,159.2555,0.05483578,1431.204,149.7915,35.43,0.2118417,518.3843,58.65629,4.202893,0.5689661,100.4425,13.72857,1.061056,0.8500356
635,1904.528,193.3132,147.2944,0.05757245,1161.049,132.8263,32.72248,0.2157816,419.4516,52.71637,3.918906,0.5717255,81.89437,12.86376,1.046022,0.850917
640,1532.044,165.4155,136.432,0.06021183,917.557,113.9312,30.27163,0.21949,330.0798,45.7783,3.662803,0.5742976,64.97749,11.60201,1.03249,0.8517334
645,1234.827,140.4167,126.6769,0.0627616,724.2103,96.92998,28.07648,0.222996,259.115,39.39295,3.434162,0.5767078,51.46192,10.33459,1.020441,0.8524938
650,1008.886,119.7576,118.0485,0.06522983,578.3053,82.84241,26.1388,0.226325,205.6238,34.02522,3.232891,0.5789776,41.22606,9.213306,1.009873,0.8532058
655,839.7027,103.1639,110.5745,0.06762472,469.9545,71.50451,24.46249,0.2294995,165.964,29.65934,3.05915,0.5811257,33.60562,8.268368,1.0008,0.8538761
660,713.2372,89.89996,104.2884,0.06995442,389.58,62.42729,23.05306,0.2325393,136.5867,26.13454,2.913287,0.5831684,27.93818,7.484532,0.9932424,0.8545102
665,618.4013,79.24914,99.17941,0.07222427,329.648,55.12862,21.90644,0.2354589,114.698,23.28054,2.794704,0.5851177,23.69747,6.835867,0.9871702,0.8551126
670,546.6182,70.64451,95.10051,0.07443223,284.4584,49.22543,20.98913,0.2382625,98.19597,20.95848,2.699842,0.5869783,20.48632,6.298477,0.9823871,0.8556851
675,491.6383,63.63104,91.89156,0.07657617,249.9059,44.40905,20.26508,0.2409532,85.5709,19.05414,2.624916,0.5887541,18.01838,5.850916,0.9786844,0.856229
680,448.999,57.85518,89.40509,0.07865508,223.0891,40.43907,19.70124,0.2435344,75.75839,17.47724,2.566477,0.5904488,16.09114,5.475309,0.9758724,0.8567458
685,415.4954,53.04792,87.50497,0.08066876,201.9521,37.13222,19.26726,0.2460102,68.00689,16.15832,2.521378,0.5920663,14.5613,5.1574,0.9737777,0.8572371
690,388.7939,49.00561,86.06514,0.08261755,185.0229,34.34955,18.93519,0.2483847,61.78101,15.0443,2.486731,0.5936105,13.32661,4.886015,0.9722418,0.8577042
695,367.1655,45.57357,84.96847,0.08450224,171.2329,31.98542,18.67916,0.2506619,56.69456,14.0946,2.459882,0.595085,12.31324,4.652427,0.971119,0.8581484
700,349.3036,42.6335,84.10577,0.08632387,159.7941,29.95893,18.47518,0.2528459,52.46508,13.27796,2.438381,0.5964933,11.46718,4.449807,0.9702747,0.8585709
705,334.2008,40.09409,83.37484,0.08808368,150.1158,28.20762,18.30087,0.2549406,48.88292,12.57015,2.419953,0.5978387,10.74834,4.272783,0.9695841,0.858973
710,321.1359,37.88355,82.70147,0.08978349,141.7762,26.68232,18.14004,0.2569503,45.79831,11.95201,2.402956,0.5991247,10.12799,4.117043,0.9689573,0.8593559
715,309.7339,35.94398,82.07803,0.09142634,134.5267,25.34332,17.99093,0.2588803,43.1188,11.40798,2.387204,0.6003553,9.587981,3.979032,0.9683853,0.8597208
720,299.7363,34.22967,81.50853,0.09301533,128.187,24.15928,17.8543,0.2607358,40.77625,10.92574,2.372767,0.6015344,9.114849,3.855908,0.9678728,0.8600692
725,290.9409,32.70439,80.99686,0.0945534,122.6154,23.10534,17.73093,0.2625217,38.71692,10.49551,2.359713,0.6026655,8.697945,3.745397,0.9674244,0.8604021
730,283.1881,31.33911,80.54685,0.09604333,117.699,22.16155,17.62155,0.2642424,36.89799,10.10941,2.348109,0.6037519,8.328769,3.645655,0.9670448,0.8607208
735,276.3508,30.11031,80.16227,0.09748774,113.3475,21.31176,17.5269,0.2659019,35.28499,9.76105,2.338023,0.6047965,8.000459,3.555178,0.9667385,0.8610261
740,270.3267,28.99873,79.84682,0.09888909,109.4874,20.54275,17.44771,0.2675041,33.84988,9.445184,2.32952,0.605802,7.707424,3.472724,0.9665097,0.8613191
745,265.0335,27.98853,79.60413,0.1002497,106.0588,19.84362,17.38469,0.2690525,32.56967,9.157481,2.322666,0.6067712,7.445071,3.397259,0.9663628,0.8616004
750,260.4041,27.06652,79.43781,0.1015718,103.0124,19.20529,17.33856,0.2705503,31.42536,8.894331,2.317526,0.6077061,7.209594,3.327919,0.9663019,0.861871
755,256.3837,26.22163,79.35137,0.1028574,100.3072,18.62017,17.31,0.2720007,30.40114,8.652703,2.314163,0.6086091,6.997818,3.263972,0.9663313,0.8621315
760,252.9226,25.4446,79.34657,0.1041085,97.90752,18.08186,17.29934,0.2734063,29.48333,8.430045,2.312605,0.609482,6.807003,3.204802,0.9664527,0.8623826
765,249.9446,24.72772,79.41252,0.1053265,95.77142,17.58508,17.30419,0.2747694,28.65735,8.224239,2.312608,0.6103266,6.63433,3.149895,0.9666533,0.8626249
770,247.3672,24.06446,79.53325,0.1065127,93.85775,17.12532,17.32108,0.2760919,27.90952,8.033488,2.313823,0.6111441,6.477183,3.098813,0.9669142,0.8628586
775,245.1166,23.4492,79.6934,0.1076682,92.13074,16.69871,17.34669,0.2773757,27.22808,7.856235,2.315917,0.6119358,6.333328,3.051175,0.9672172,0.8630844
780,243.1268,22.87703,79.87824,0.1087943,90.55915,16.30188,17.37782,0.2786224,26.60291,7.691126,2.318571,0.6127031,6.200844,3.00665,0.9675451,0.8633027
785,241.3376,22.34368,80.07356,0.109892,89.11549,15.93187,17.41141,0.2798337,26.02525,7.536978,2.321479,0.613447,6.078071,2.964945,0.9678813,0.8635137
790,239.6945,21.84543,80.26572,0.1109623,87.77543,15.58612,17.44454,0.2810111,25.48746,7.392752,2.324349,0.6141687,5.963569,2.925803,0.9682099,0.8637178
795,238.1472,21.37898,80.44154,0.1120064,86.51731,15.26237,17.47437,0.2821561,24.98284,7.257536,2.326901,0.6148691,5.85608,2.888995,0.9685157,0.8639154
800,236.6496,20.94143,80.58829,0.1130252,85.32174,14.95861,17.49817,0.2832701,24.50552,7.130523,2.328864,0.6155493,5.754505,2.854321,0.9687839,0.8641069
805,235.159,20.53024,80.69367,0.1140195,84.17125,14.67308,17.51331,0.2843543,24.05028,7.010996,2.329979,0.61621,5.657874,2.821601,0.9690005,0.8642924
810,233.6354,20.14312,80.74577,0.1149904,83.05006,14.40421,17.51727,0.28541,23.6125,6.898321,2.329995,0.6168523,5.565329,2.790675,0.9691519,0.8644723
815,232.0417,19.77805,80.73306,0.1159386,81.94381,14.1506,17.50757,0.2864384,23.18807,6.791929,2.32867,0.6174768,5.47611,2.761399,0.9692248,0.8646468
820,230.343,19.43322,80.64438,0.116865,80.83937,13.911,17.48185,0.2874405,22.77327,6.691313,2.325772,0.6180844,5.389539,2.733644,0.9692065,0.8648162
825,228.5127,19.10702,80.47127,0.1177702,79.72673,13.68431,17.43831,0.2884174,22.36529,6.596022,2.321125,0.6186757,5.305089,2.707296,0.9690876,0.8649806
830,226.574,18.79814,80.22401,0.1186546,78.61199,13.46961,17.37917,0.2893695,21.96522,6.505689,2.314951,0.6192511,5.222895,2.682261,0.9688803,0.8651403
835,224.5715,18.50546,79.92115,0.1195181,77.50789,13.26614,17.30839,0.2902969,21.57576,6.419995,2.307642,0.6198107,5.14335,2.658459,0.9686064,0.8652952
840,222.5478,18.22792,79.58065,0.1203609,76.42624,13.07316,17.22982,0.2912,21.19931,6.338648,2.299578,0.6203547,5.066797,2.635815,0.9682869,0.8654454
845,220.5432,17.96458,79.21988,0.1211829,75.37804,12.89001,17.14715,0.292079,20.83802,6.261378,2.291127,0.6208833,4.99354,2.614259,0.9679421,0.8655909
850,218.5965,17.71455,78.85565,0.1219843,74.37354,12.7161,17.06397,0.2929341,20.49385,6.187938,2.282641,0.6213968,4.923848,2.593729,0.9675916,0.8657319
855,216.7446,17.47702,78.50426,0.1227653,73.42239,12.55085,16.98375,0.2937656,20.16857,6.118099,2.274462,0.6218952,4.857959,2.574167,0.9672543,0.8658683
860,215.0231,17.25123,78.18151,0.1235259,72.53367,12.39375,16.90983,0.2945738,19.86381,6.051649,2.266918,0.6223789,4.796088,2.555516,0.9669485,0.8660002
865,213.4663,17.03651,77.90276,0.1242664,71.71602,12.24432,16.84548,0.2953591,19.58107,5.988391,2.26033,0.6228481,4.73843,2.537727,0.966692,0.8661277
870,212.1074,16.8322,77.68299,0.124987,70.97767,12.10212,16.79386,0.2961217,19.32175,5.928145,2.255008,0.623303,4.685163,2.520754,0.9665019,0.8662509
875,210.9786,16.6377,77.53682,0.1256877,70.32654,11.96673,16.75807,0.296862,19.08717,5.870743,2.251255,0.6237438,4.636453,2.504551,0.9663952,0.8663698
880,210.1114,16.45248,77.47856,0.1263689,69.77026,11.83777,16.74112,0.2975803,18.87859,5.816027,2.249366,0.6241709,4.592456,2.489079,0.9663882,0.8664845
885,209.5366,16.27602,77.5223,0.1270307,69.31629,11.7149,16.746,0.298277,18.69719,5.763854,2.249631,0.6245843,4.553321,2.4743,0.966497,0.8665952
890,209.2845,16.10784,77.6819,0.1276734,68.97193,11.59778,16.77562,0.2989524,18.54417,5.714087,2.252336,0.6249844,4.519192,2.460179,0.9667376,0.8667017
895,209.3826,15.9475,77.97012,0.1282972,68.74364,11.4861,16.83267,0.2996068,18.42051,5.666599,2.257741,0.6253715,4.490187,2.446682,0.9671244,0.8668044
900,209.8234,15.79446,78.38562,0.128903,68.62741,11.37949,16.91683,0.3002412,18.32483,5.621239,2.265813,0.6257461,4.466042,2.433768,0.9676558,0.8669032
