# rod L60 D20, end-cap semi-axis c = 1.00 R, faces=1550
lambda_nm,Fp_z_g3,T_z_g3,Fp_x_g3,T_x_g3,Fp_z_g5,T_z_g5,Fp_x_g5,T_x_g5,Fp_z_g10,T_z_g10,Fp_x_g10,T_x_g10,Fp_z_g20,T_z_g20,Fp_x_g20,T_x_g20
450,2017.678,4.671165,728.1987,0.345181,448.4871,2.977434,129.0517,0.5020803,55.13332,1.594691,10.59594,0.744601,6.64512,1.106496,1.429295,0.9045398
455,2118.719,4.594113,766.2366,0.3475232,469.5468,2.930096,135.777,0.5031111,57.27685,1.57568,11.11392,0.7447124,6.809989,1.100741,1.456666,0.9044682
460,2224.606,4.512883,806.3153,0.3505821,491.4017,2.88107,142.8453,0.5047129,59.45086,1.556694,11.65687,0.745114,6.971346,1.095264,1.485429,0.9044897
465,2340.185,4.423659,850.2005,0.3540326,515.1416,2.826848,150.5876,0.5064743,61.77642,1.53536,12.25174,0.7455325,7.138606,1.088917,1.516937,0.9045001
470,2471.646,4.322376,900.1696,0.3575662,542.1465,2.763763,159.4328,0.5079647,64.4022,1.509245,12.93359,0.7456712,7.322736,1.080537,1.552979,0.9043845
475,2626.274,4.205652,958.904,0.3608494,574.0486,2.688555,169.8923,0.5086955,67.50278,1.476087,13.74489,0.7451882,7.53623,1.069032,1.595744,0.9040109
480,2806.639,4.079024,1027.186,0.3631663,611.6341,2.603635,182.1575,0.5079505,71.19719,1.436088,14.70505,0.743662,7.791024,1.05417,1.64625,0.9032319
485,3010.412,3.952368,1103.789,0.3633228,654.8527,2.514147,196.0906,0.5046791,75.55599,1.390588,15.81072,0.7405246,8.098808,1.036093,1.704351,0.9018613
490,3230.594,3.834244,1185.527,0.359602,702.9109,2.424376,211.244,0.4974103,80.61484,1.34046,17.03827,0.7349995,8.471252,1.014713,1.76887,0.8996499
495,3450.982,3.730883,1265.43,0.3495568,753.4154,2.337247,226.5328,0.4841399,86.31165,1.285906,18.31856,0.7260727,8.917386,0.9896166,1.836274,0.8962854
500,3640.001,3.64314,1330.371,0.3301685,801.0086,2.25302,239.7564,0.4625985,92.35445,1.226223,19.495,0.7126925,9.435081,0.9600437,1.898426,0.8914743
505,3753.674,3.560424,1362.875,0.3001971,837.0246,2.167624,247.7048,0.4324202,98.03862,1.160747,20.31184,0.6949774,9.987713,0.9258284,1.94182,0.8853456
510,3750.741,3.467453,1347.339,0.2611189,852.0441,2.075385,247.1705,0.3958902,102.4034,1.089023,20.4815,0.6745558,10.51195,0.8871799,1.950907,0.8785324
515,3613.923,3.35947,1278.703,0.2176155,840.1047,1.975719,236.6203,0.3580187,104.558,1.011881,19.8243,0.6544348,10.93491,0.8445989,1.915557,0.8720746
520,3366.812,3.263733,1168.988,0.1768484,802.8791,1.883822,217.7356,0.3253613,104.1225,0.9344745,18.42387,0.6381629,11.20393,0.7996145,1.839865,0.8671006
525,3068.135,3.249404,1043.388,0.1451891,750.489,1.836207,195.0438,0.3028713,101.6549,0.8683145,16.63332,0.6280878,11.33854,0.7553813,1.742927,0.8642725
530,2771.671,3.390663,922.3304,0.1240835,694.9634,1.870534,172.6053,0.2905919,98.42516,0.8236219,14.80812,0.6237642,11.43963,0.7138231,1.644227,0.8633366
535,2507.737,3.754922,815.1,0.1118093,645.0442,2.021323,152.456,0.286013,95.73681,0.8093765,13.14373,0.6235013,11.6345,0.676163,1.5545,0.8636801
540,2288.333,4.409836,723.6785,0.1058888,605.5909,2.324305,135.1611,0.2864159,94.54802,0.8353541,11.7049,0.6256683,12.03059,0.6438221,1.477256,0.8647495
545,2113.086,5.428827,646.0574,0.1040342,578.1155,2.818475,120.4451,0.2895865,95.35604,0.9119578,10.47819,0.6290221,12.69405,0.6180437,1.411677,0.8661383
550,1975.081,6.902171,578.5891,0.1044753,562.007,3.550994,107.6695,0.2939589,98.29937,1.050644,9.414902,0.6327288,13.65385,0.5994664,1.355015,0.8675826
555,1868.295,8.976965,518.2279,0.1061774,556.6229,4.598946,96.27389,0.2987315,103.4959,1.270756,8.469662,0.6364006,14.9424,0.5897137,1.304744,0.8689668
560,1793.581,11.91597,463.9243,0.1087883,563.3056,6.103079,86.05189,0.3037524,111.4473,1.611767,7.624587,0.640012,16.65266,0.5950168,1.259889,0.8702934
565,1754.91,16.12925,415.0981,0.1120947,584.6799,8.284431,76.88561,0.3089549,122.9768,2.137317,6.869157,0.64357,18.93126,0.6264145,1.219881,0.8715727
570,1759.515,22.25816,371.3716,0.115941,624.9577,11.49061,68.69679,0.314291,139.344,2.949606,6.196268,0.6470806,22.00003,0.7028563,1.184337,0.8728126
575,1818.947,31.31016,332.5059,0.1202092,690.566,16.27111,61.43421,0.3197235,162.4345,4.213981,5.601139,0.6505475,26.1906,0.8571286,1.152997,0.8740191
580,1949.981,44.83533,298.3515,0.1248072,790.677,23.47809,55.06419,0.3252221,194.9235,6.194257,5.080495,0.6539723,31.97607,1.145597,1.125686,0.8751962
585,2172.76,65.01738,268.7915,0.1296574,936.2684,34.32673,49.55972,0.3307568,240.022,9.282472,4.63167,0.6573525,39.9341,1.660471,1.102259,0.8763459
590,2497.191,94.16947,243.4261,0.1346368,1133.079,50.13564,44.84333,0.3362418,299.4948,13.93748,4.248018,0.6606502,50.41317,2.526794,1.082345,0.8774575
595,2891.416,132.6693,221.6253,0.1396077,1364.58,71.21391,40.79614,0.3415711,368.7589,20.3645,3.919627,0.6638138,62.68682,3.846868,1.065394,0.8785155
600,3237.644,174.615,202.7864,0.1444686,1567.918,94.46441,37.30475,0.3466715,429.8877,27.7644,3.637065,0.6668092,73.71453,5.535209,1.050883,0.8795099
605,3350.684,205.8951,186.3563,0.1491475,1643.768,112.2046,34.26528,0.3514951,454.3119,33.84073,3.391723,0.6696161,78.5291,7.144989,1.038341,0.8804354
610,3140.109,214.2332,171.8352,0.1535947,1543.634,117.5414,31.58423,0.3560128,427.8869,36.30478,3.175883,0.6722236,74.53865,8.104658,1.027343,0.8812891
615,2715.036,201.648,158.7754,0.1577768,1326.488,111.325,29.1781,0.3602083,367.3967,35.13876,2.982685,0.6746275,64.50715,8.26043,1.017518,0.8820707
620,2247.501,179.2697,146.7886,0.1616749,1085.306,99.53105,26.97474,0.3640771,299.5972,32.03751,2.80622,0.6768292,53.03933,7.891488,1.008543,0.8827813
625,1834.665,155.7181,135.6993,0.1653045,872.6469,86.90138,24.9408,0.3676453,239.7105,28.47164,2.643707,0.678847,42.81602,7.313392,1.000273,0.8834278
630,1501.609,134.7032,125.4774,0.1686988,702.1205,75.52931,23.06954,0.3709535,191.7405,25.14721,2.494511,0.6807068,34.58087,6.707909,0.9926787,0.8840192
635,1241.889,117.1372,116.1102,0.1718872,570.3127,65.96653,21.35757,0.3740366,154.7631,22.28909,2.35828,0.6824306,28.20825,6.151932,0.9857485,0.8845635
640,1040.963,102.7916,107.5969,0.1748951,469.4167,58.12205,19.80388,0.3769244,126.5639,19.90651,2.234868,0.6840369,23.33424,5.667409,0.979479,0.8850672
645,885.0701,91.12164,99.94679,0.1777452,392.0242,51.71795,18.40937,0.3796427,105.0267,17.93674,2.12429,0.6855416,19.60255,5.253383,0.9738757,0.8855358
650,763.3905,81.5795,93.17717,0.1804571,332.2968,46.46601,17.17651,0.3822136,88.47757,16.30453,2.026694,0.6869585,16.72833,4.901236,0.9689507,0.8859743
655,667.9497,73.70522,87.31145,0.1830486,285.9204,42.12101,16.10894,0.3846566,75.67656,14.94224,1.942327,0.6882993,14.49906,4.600944,0.9647211,0.8863867
660,592.9987,67.13672,82.37762,0.1855352,249.7741,38.48841,15.21121,0.3869886,65.72416,13.79454,1.871514,0.6895742,12.75981,4.343312,0.9612079,0.8867766
665,534.214,61.6024,78.36835,0.1879283,221.5349,35.42165,14.48154,0.3892221,57.9534,12.81905,1.81408,0.6907911,11.39552,4.120872,0.9584043,0.8871468
670,487.8949,56.90797,75.16859,0.1902308,199.3098,32.81569,13.89883,0.3913616,51.83233,11.98515,1.768327,0.6919528,10.31511,3.928117,0.9562191,0.8874983
675,451.1609,52.89892,72.65279,0.1924448,181.6563,30.58664,13.44016,0.3934104,46.95935,11.26804,1.732418,0.6930617,9.449845,3.760363,0.9545537,0.8878322
680,421.8189,49.45102,70.70518,0.1945729,167.4937,28.6668,13.08446,0.3953721,43.03567,10.6474,1.70467,0.6941203,8.748568,3.613623,0.9533176,0.8881493
685,398.1803,46.46505,69.21879,0.1966179,156.0053,27.00196,12.81228,0.3972505,39.83733,10.1068,1.683532,0.6951308,8.172959,3.484579,0.9524273,0.8884504
690,378.9264,43.86182,68.09447,0.1985827,146.5671,25.54872,12.60565,0.3990491,37.19491,9.632992,1.667574,0.6960958,7.694063,3.370491,0.951806,0.8887366
695,363.0119,41.57793,67.24,0.2004704,138.6959,24.27229,12.44789,0.4007716,34.97888,9.215262,1.655472,0.6970174,7.289785,3.269106,0.9513824,0.8890085
700,349.5949,39.56238,66.56935,0.2022839,132.0132,23.14464,12.32347,0.4024214,33.08903,8.844928,1.645996,0.6978978,6.943087,3.178568,0.9510904,0.889267
705,337.9864,37.77388,66.00195,0.2040262,126.2179,22.14301,12.21785,0.404002,31.44697,8.514913,1.637998,0.6987391,6.640686,3.097347,0.9508679,0.8895127
710,327.6884,36.17837,65.47925,0.2057004,121.0926,21.24864,12.12051,0.4055167,29.99598,8.219336,1.630645,0.6995433,6.372921,3.024148,0.9506704,0.8897465
715,318.493,34.74693,64.99535,0.2073107,116.5301,20.44551,12.03034,0.4069698,28.7055,7.953152,1.623851,0.700313,6.134315,2.957843,0.9504939,0.8899692
720,310.2672,33.45581,64.55345,0.2088612,112.4556,19.72051,11.94791,0.4083655,27.55333,7.712203,1.61766,0.7010506,5.920814,2.897494,0.9503414,0.8901815
725,302.9039,32.28556,64.1567,0.2103555,108.8085,19.06285,11.87376,0.4097076,26.52139,7.493064,1.612113,0.7017582,5.729098,2.842323,0.9502158,0.8903843
730,296.316,31.22006,63.8082,0.2117973,105.5387,18.46359,11.80842,0.4109995,25.59477,7.292892,1.607254,0.7024379,5.556432,2.79168,0.9501201,0.8905781
735,290.4326,30.24589,63.51096,0.2131897,102.6053,17.91529,11.75242,0.4122444,24.76113,7.10931,1.603122,0.7030916,5.40054,2.745018,0.9500571,0.8907637
740,285.1956,29.35177,63.26798,0.2145358,99.97412,17.4117,11.70626,0.4134454,24.01019,6.940315,1.599758,0.7037209,5.259517,2.701875,0.9500293,0.8909416
745,280.557,28.52818,63.08217,0.2158382,97.61668,16.94751,11.67046,0.4146052,23.33327,6.784208,1.597202,0.7043274,5.131758,2.661854,0.9500395,0.8911123
750,276.4775,27.76699,62.95642,0.2170996,95.50907,16.51821,11.64551,0.4157263,22.72308,6.639538,1.595491,0.7049126,5.015903,2.624618,0.9500902,0.8912763
755,272.9244,27.06129,62.89355,0.2183224,93.63111,16.11996,11.63191,0.4168111,22.17341,6.505064,1.594665,0.7054778,4.910792,2.589874,0.9501839,0.891434
760,269.8656,26.40513,62.89498,0.2195089,91.96413,15.74944,11.62988,0.4178618,21.67863,6.379717,1.594742,0.7060243,4.815386,2.557371,0.9503219,0.891586
765,267.2362,25.79353,62.95214,0.2206607,90.48062,15.40388,11.6379,0.4188801,21.23167,6.2626,1.5956,0.7065531,4.728466,2.526897,0.950498,0.8917324
770,264.9616,25.22219,63.05242,0.2217794,89.15134,15.0809,11.65369,0.4198674,20.82539,6.152943,1.597061,0.7070649,4.648835,2.498269,0.9507027,0.8918737
775,262.9739,24.68735,63.18368,0.2228664,87.9503,14.77839,11.67507,0.4208253,20.45353,6.050064,1.598955,0.7075608,4.575447,2.471326,0.9509268,0.89201
780,261.2112,24.1857,63.3343,0.2239232,86.85423,14.49449,11.69995,0.4217551,20.11057,5.953363,1.601116,0.7080413,4.507388,2.445925,0.9511617,0.8921416
785,259.6164,23.71429,63.49305,0.2249509,85.84223,14.22758,11.72634,0.422658,19.79162,5.862304,1.603389,0.7085072,4.443851,2.421936,0.9513989,0.8922687
790,258.137,23.2705,63.64914,0.2259508,84.89543,13.97619,11.7523,0.4235352,19.49236,5.776413,1.605622,0.7089593,4.384124,2.399246,0.9516304,0.8923917
795,256.7244,22.85202,63.79215,0.2269241,83.99669,13.73903,11.77597,0.4243879,19.20891,5.695265,1.607669,0.7093981,4.327576,2.377751,0.9518483,0.8925106
800,255.3332,22.45676,63.91202,0.2278719,83.13036,13.51493,11.79555,0.4252171,18.93778,5.61848,1.60939,0.7098242,4.273642,2.357361,0.9520452,0.8926257
805,253.921,22.08287,63.99901,0.2287952,82.28212,13.30285,11.80931,0.4260238,18.67584,5.545717,1.610648,0.7102382,4.221818,2.33799,0.9522138,0.8927371
810,252.4481,21.72867,64.0437,0.2296949,81.4388,13.10185,11.81557,0.426809,18.42026,5.476668,1.611315,0.7106407,4.17165,2.319565,0.9523469,0.8928451
815,250.8771,21.39267,64.03697,0.2305721,80.58822,12.9111,11.81269,0.4275736,18.16846,5.411057,1.611261,0.711032,4.12273,2.302018,0.9524378,0.8929498
820,249.1728,21.07349,63.96999,0.2314276,79.7191,12.72984,11.79912,0.4283184,17.91809,5.348633,1.610365,0.7114129,4.074687,2.285286,0.9524799,0.8930514
825,247.3084,20.76993,63.83605,0.2322622,78.82295,12.55738,11.77366,0.4290442,17.66738,5.28917,1.608534,0.7117835,4.02724,2.269313,0.9524681,0.8931499
830,245.3111,20.48102,63.64329,0.2330763,77.90718,12.39317,11.73777,0.4297513,17.41757,5.232491,1.605883,0.7121442,3.980537,2.254057,0.9524088,0.8932455
835,243.2307,20.20591,63.40639,0.2338699,76.98582,12.23676,11.69406,0.4304399,17.17114,5.178439,1.602617,0.7124949,3.934901,2.239479,0.9523133,0.8933382
840,241.1149,19.94383,63.13956,0.2346433,76.07197,12.0877,11.64507,0.4311101,16.93032,5.126871,1.598936,0.7128359,3.89062,2.225542,0.9521923,0.8934279
845,239.0088,19.69404,62.85656,0.2353965,75.17793,11.94558,11.59327,0.4317622,16.69719,5.077653,1.59503,0.7131672,3.847957,2.212215,0.9520565,0.8935147
850,236.9556,19.45588,62.57071,0.2361297,74.31523,11.81003,11.54101,0.4323963,16.47366,5.030659,1.591086,0.713489,3.80715,2.199466,0.951916,0.8935987
855,234.9965,19.22871,62.2949,0.2368433,73.49476,11.68069,11.49059,0.4330127,16.26147,4.985773,1.587284,0.7138013,3.768414,2.187266,0.9517808,0.8936799
860,233.171,19.01195,62.04166,0.2375373,72.72681,11.55724,11.44424,0.4336116,16.06227,4.942885,1.583798,0.7141043,3.731948,2.175588,0.9516605,0.8937582
865,231.5172,18.80504,61.82316,0.238212,72.02121,11.43936,11.40413,0.4341932,15.8776,4.901894,1.580796,0.7143981,3.697936,2.164406,0.9515643,0.8938338
870,230.0718,18.60748,61.65125,0.2388677,71.38732,11.32677,11.37237,0.4347578,15.70889,4.862704,1.578444,0.7146828,3.66655,2.153697,0.9515014,0.8939067
875,228.8705,18.41879,61.53754,0.2395046,70.83415,11.21919,11.351,0.4353057,15.55751,4.825226,1.576903,0.7149587,3.637949,2.143438,0.9514806,0.893977
880,227.9479,18.23852,61.49335,0.240123,70.3704,11.11639,11.34205,0.4358371,15.42478,4.789375,1.576328,0.7152258,3.612288,2.133608,0.9515106,0.8940445
885,227.3378,18.06625,61.52985,0.240723,70.00453,11.01812,11.34749,0.4363522,15.31195,4.755075,1.576876,0.7154843,3.589711,2.124187,0.9516001,0.8941096
890,227.0737,17.90159,61.65803,0.2413051,69.74481,10.92417,11.36928,0.4368513,15.22025,4.72225,1.578698,0.7157343,3.570362,2.115157,0.9517573,0.894172
895,227.1856,17.74417,61.88801,0.2418694,69.59864,10.83431,11.4092,0.4373347,15.15075,4.690831,1.581933,0.715976,3.554361,2.1065,0.9519901,0.894232
900,227.6656,17.59351,62.21874,0.2424168,69.56263,10.7483,11.46707,0.4378032,15.10258,4.66073,1.586567,0.7162098,3.541561,2.098193,0.9522977,0.8942896
